{
  "Themes": [
    {
      "id": 1,
      "animPath":"anims/1.json",
      "bgPath": "bgs/1.jpg"
    },
    {
      "id": 2,
      "animPath":"anims/2.json",
      "bgPath": "bgs/2.jpg"
    },
    {
      "id": 3,
      "animPath":"anims/3.json",
      "bgPath": "bgs/3.jpg"
    },
    {
      "id": 4,
      "animPath":"anims/4.json",
      "bgPath": "bgs/4.jpg"
    },
    {
      "id": 5,
      "animPath":"anims/5.json",
      "bgPath": "bgs/5.jpg"
    },
    {
      "id": 6,
      "animPath":"anims/6.json",
      "bgPath": "bgs/6.jpg"
    },
    {
      "id": 7,
      "animPath":"anims/7.json",
      "bgPath": "bgs/7.jpg"
    },
    {
      "id": 8,
      "animPath":"anims/8.json",
      "bgPath": "bgs/8.jpg"
    },
    {
      "id": 9,
      "animPath":"anims/9.json",
      "bgPath": "bgs/9.jpg"
    },
    {
      "id": 10,
      "animPath":"anims/10.json",
      "bgPath": "bgs/10.jpg"
    },
    {
      "id": 11,
      "animPath":"anims/11.json",
      "bgPath": "bgs/11.jpg"
    },
    {
      "id": 12,
      "animPath":"anims/12.json",
      "bgPath": "bgs/12.jpg"
    },
    {
      "id": 13,
      "animPath":"anims/13.json",
      "bgPath": "bgs/13.jpg"
    },
    {
      "id": 14,
      "animPath":"anims/14.json",
      "bgPath": "bgs/14.jpg"
    },
    {
      "id": 15,
      "animPath":"anims/15.json",
      "bgPath": "bgs/15.jpg"
    },
    {
      "id": 16,
      "animPath":"anims/16.json",
      "bgPath": "bgs/16.jpg"
    },
    {
      "id": 17,
      "animPath":"anims/17.json",
      "bgPath": "bgs/17.jpg"
    },
    {
      "id": 18,
      "animPath":"anims/18.json",
      "bgPath": "bgs/18.jpg"
    },
    {
      "id": 19,
      "animPath":"anims/19.json",
      "bgPath": "bgs/19.jpg"
    },
    {
      "id": 20,
      "animPath":"anims/20.json",
      "bgPath": "bgs/20.jpg"
    },
    {
      "id": 21,
      "animPath":"anims/21.json",
      "bgPath": "bgs/21.jpg"
    },
    {
      "id": 22,
      "animPath":"anims/22.json",
      "bgPath": "bgs/22.jpg"
    },
    {
      "id": 23,
      "animPath":"anims/23.json",
      "bgPath": "bgs/23.jpg"
    },
    {
      "id": 24,
      "animPath":"anims/24.json",
      "bgPath": "bgs/24.jpg"
    },
    {
      "id": 25,
      "animPath":"anims/25.json",
      "bgPath": "bgs/25.jpg"
    },
    {
      "id": 26,
      "animPath":"anims/26.json",
      "bgPath": "bgs/26.jpg"
    },
    {
      "id": 27,
      "animPath":"anims/27.json",
      "bgPath": "bgs/27.jpg"
    },
    {
      "id": 28,
      "animPath":"anims/28.json",
      "bgPath": "bgs/28.jpg"
    },
    {
      "id": 29,
      "animPath":"anims/29.json",
      "bgPath": "bgs/29.jpg"
    },
    {
      "id": 30,
      "animPath":"anims/30.json",
      "bgPath": "bgs/30.jpg"
    },
    {
      "id": 31,
      "animPath":"anims/31.json",
      "bgPath": "bgs/31.jpg"
    },
    {
      "id": 32,
      "animPath":"anims/32.json",
      "bgPath": "bgs/32.jpg"
    },
    {
      "id": 33,
      "animPath":"anims/33.json",
      "bgPath": "bgs/33.jpg"
    },
    {
      "id": 34,
      "animPath":"anims/34.json",
      "bgPath": "bgs/34.jpg"
    },
    {
      "id": 35,
      "animPath":"anims/35.json",
      "bgPath": "bgs/35.jpg"
    },
    {
      "id": 36,
      "animPath":"anims/36.json",
      "bgPath": "bgs/36.jpg"
    },
    {
      "id": 37,
      "animPath":"anims/37.json",
      "bgPath": "bgs/37.jpg"
    },
    {
      "id": 38,
      "animPath":"anims/38.json",
      "bgPath": "bgs/38.jpg"
    },
    {
      "id": 39,
      "animPath":"anims/39.json",
      "bgPath": "bgs/39.jpg"
    },
    {
      "id": 40,
      "animPath":"anims/40.json",
      "bgPath": "bgs/40.jpg"
    },
    {
      "id": 41,
      "animPath":"anims/41.json",
      "bgPath": "bgs/41.jpg"
    },
    {
      "id": 42,
      "animPath":"anims/42.json",
      "bgPath": "bgs/42.jpg"
    },
    {
      "id": 43,
      "animPath":"anims/43.json",
      "bgPath": "bgs/43.jpg"
    },
    {
      "id": 44,
      "animPath":"anims/44.json",
      "bgPath": "bgs/44.jpg"
    },
    {
      "id": 45,
      "animPath":"anims/45.json",
      "bgPath": "bgs/45.jpg"
    },
    {
      "id": 46,
      "animPath":"anims/46.json",
      "bgPath": "bgs/46.jpg"
    },
    {
      "id": 47,
      "animPath":"anims/47.json",
      "bgPath": "bgs/47.jpg"
    },
    {
      "id": 48,
      "animPath":"anims/48.json",
      "bgPath": "bgs/48.jpg"
    },
    {
      "id": 49,
      "animPath":"anims/49.json",
      "bgPath": "bgs/49.jpg"
    },
    {
      "id": 50,
      "animPath":"anims/50.json",
      "bgPath": "bgs/50.jpg"
    },
    {
      "id": 51,
      "animPath":"anims/51.json",
      "bgPath": "bgs/51.jpg"
    },
    {
      "id": 52,
      "animPath":"anims/52.json",
      "bgPath": "bgs/52.jpg"
    },
    {
      "id": 53,
      "animPath":"anims/53.json",
      "bgPath": "bgs/53.jpg"
    },
    {
      "id": 54,
      "animPath":"anims/54.json",
      "bgPath": "bgs/54.jpg"
    },
    {
      "id": 55,
      "animPath":"anims/55.json",
      "bgPath": "bgs/55.jpg"
    },
    {
      "id": 56,
      "animPath":"anims/56.json",
      "bgPath": "bgs/56.jpg"
    },
    {
      "id": 57,
      "animPath":"anims/57.json",
      "bgPath": "bgs/57.jpg"
    },
    {
      "id": 58,
      "animPath":"anims/58.json",
      "bgPath": "bgs/58.jpg"
    },
    {
      "id": 59,
      "animPath":"anims/59.json",
      "bgPath": "bgs/59.jpg"
    },
    {
      "id": 60,
      "animPath":"anims/60.json",
      "bgPath": "bgs/60.jpg"
    },
    {
      "id": 61,
      "animPath":"anims/61.json",
      "bgPath": "bgs/61.jpg"
    },
    {
      "id": 62,
      "animPath":"anims/62.json",
      "bgPath": "bgs/62.jpg"
    },
    {
      "id": 63,
      "animPath":"anims/63.json",
      "bgPath": "bgs/63.jpg"
    },
    {
      "id": 64,
      "animPath":"anims/64.json",
      "bgPath": "bgs/64.jpg"
    }
  ]
}