{"v":"4.8.0","meta":{"g":"LottieFiles AE 1.1.0","a":"","k":"","d":"","tc":""},"fr":60,"ip":0,"op":134,"w":400,"h":200,"nm":"happy-loader","ddd":0,"assets":[],"layers":[{"ddd":0,"ind":1,"ty":4,"nm":"Shape Layer 16","parent":7,"sr":1,"ks":{"o":{"a":0,"k":100,"ix":11},"r":{"a":1,"k":[{"i":{"x":[0.833],"y":[0.961]},"o":{"x":[0.167],"y":[0.167]},"t":97,"s":[0]},{"i":{"x":[0.833],"y":[1.404]},"o":{"x":[0.167],"y":[0.861]},"t":98,"s":[-33.523]},{"i":{"x":[0.833],"y":[0.863]},"o":{"x":[0.167],"y":[0.078]},"t":102,"s":[-39.664]},{"i":{"x":[0.833],"y":[0.833]},"o":{"x":[0.167],"y":[0.358]},"t":107,"s":[0]},{"i":{"x":[0.833],"y":[0.961]},"o":{"x":[0.167],"y":[-0.013]},"t":109,"s":[6.084]},{"i":{"x":[0.833],"y":[1.404]},"o":{"x":[0.167],"y":[0.993]},"t":110,"s":[-33.523]},{"i":{"x":[0.833],"y":[0.863]},"o":{"x":[0.167],"y":[0.078]},"t":114,"s":[-39.664]},{"i":{"x":[0.833],"y":[0.833]},"o":{"x":[0.167],"y":[0.358]},"t":119,"s":[0]},{"t":121,"s":[6.084]}],"ix":10},"p":{"a":0,"k":[-2.75,64.5,0],"ix":2},"a":{"a":0,"k":[-179,80.75,0],"ix":1},"s":{"a":1,"k":[{"i":{"x":[0.833,0.833,0.833],"y":[0.833,0.833,0.833]},"o":{"x":[0.167,0.167,0.167],"y":[0.167,0.167,0.167]},"t":92,"s":[0,0,100]},{"i":{"x":[0.833,0.833,0.833],"y":[0.833,0.833,0.833]},"o":{"x":[0.167,0.167,0.167],"y":[0.167,0.167,0.167]},"t":96,"s":[100,100,100]},{"i":{"x":[0.833,0.833,0.833],"y":[0.833,0.833,0.833]},"o":{"x":[0.167,0.167,0.167],"y":[0.167,0.167,0.167]},"t":123,"s":[100,100,100]},{"t":127,"s":[0,0,100]}],"ix":6}},"ao":0,"shapes":[{"ty":"gr","it":[{"d":1,"ty":"el","s":{"a":0,"k":[15,15],"ix":2},"p":{"a":0,"k":[0,0],"ix":3},"nm":"Ellipse Path 1","mn":"ADBE Vector Shape - Ellipse","hd":false},{"ty":"fl","c":{"a":0,"k":[0.662745098039,0.721568627451,0,1],"ix":4},"o":{"a":0,"k":100,"ix":5},"r":1,"bm":0,"nm":"Fill 1","mn":"ADBE Vector Graphic - Fill","hd":false},{"ty":"tr","p":{"a":0,"k":[-223,55],"ix":2},"a":{"a":0,"k":[0,0],"ix":1},"s":{"a":0,"k":[100,100],"ix":3},"r":{"a":0,"k":0,"ix":6},"o":{"a":0,"k":100,"ix":7},"sk":{"a":0,"k":0,"ix":4},"sa":{"a":0,"k":0,"ix":5},"nm":"Transform"}],"nm":"Ellipse 1","np":3,"cix":2,"bm":0,"ix":1,"mn":"ADBE Vector Group","hd":false}],"ip":92,"op":3692,"st":92,"bm":0},{"ddd":0,"ind":2,"ty":3,"nm":"Null 2","sr":1,"ks":{"o":{"a":0,"k":0,"ix":11},"r":{"a":0,"k":0,"ix":10},"p":{"a":0,"k":[334,114.5,0],"ix":2},"a":{"a":0,"k":[48,50,0],"ix":1},"s":{"a":0,"k":[65,65,100],"ix":6}},"ao":0,"ip":77,"op":3677,"st":77,"bm":0},{"ddd":0,"ind":3,"ty":4,"nm":"Shape Layer 20","parent":6,"sr":1,"ks":{"o":{"a":0,"k":100,"ix":11},"r":{"a":0,"k":0,"ix":10},"p":{"a":0,"k":[352.55,175.302,0],"ix":2},"a":{"a":0,"k":[0,0,0],"ix":1},"s":{"a":0,"k":[280,280,100],"ix":6}},"ao":0,"shapes":[{"ty":"gr","it":[{"ind":0,"ty":"sh","ix":1,"ks":{"a":0,"k":{"i":[[0,0],[-16.623,0.287],[0,0]],"o":[[0,0],[14.5,-0.25],[0,0]],"v":[[-121.625,-42.125],[-106.5,-26.625],[-92.625,-41.625]],"c":false},"ix":2},"nm":"Path 1","mn":"ADBE Vector Shape - Group","hd":false},{"ty":"fl","c":{"a":0,"k":[1,1,1,1],"ix":4},"o":{"a":0,"k":100,"ix":5},"r":1,"bm":0,"nm":"Fill 1","mn":"ADBE Vector Graphic - Fill","hd":false},{"ty":"tr","p":{"a":0,"k":[0,0],"ix":2},"a":{"a":0,"k":[0,0],"ix":1},"s":{"a":0,"k":[100,100],"ix":3},"r":{"a":0,"k":0,"ix":6},"o":{"a":0,"k":100,"ix":7},"sk":{"a":0,"k":0,"ix":4},"sa":{"a":0,"k":0,"ix":5},"nm":"Transform"}],"nm":"Shape 1","np":3,"cix":2,"bm":0,"ix":1,"mn":"ADBE Vector Group","hd":false}],"ip":92,"op":3692,"st":92,"bm":0},{"ddd":0,"ind":4,"ty":4,"nm":"Shape Layer 15","parent":7,"sr":1,"ks":{"o":{"a":0,"k":100,"ix":11},"r":{"a":0,"k":0,"ix":10},"p":{"a":0,"k":[6.5,55.875,0],"ix":2},"a":{"a":0,"k":[-18.375,55.75,0],"ix":1},"s":{"a":1,"k":[{"i":{"x":[0.833,0.833,0.833],"y":[0.833,0.833,0.833]},"o":{"x":[0.167,0.167,0.167],"y":[0.167,0.167,0.167]},"t":92,"s":[0,0,100]},{"i":{"x":[0.833,0.833,0.833],"y":[0.833,0.833,0.833]},"o":{"x":[0.167,0.167,0.167],"y":[0.167,0.167,0.167]},"t":98,"s":[94.118,94.118,100]},{"i":{"x":[0.833,0.833,0.833],"y":[0.833,0.833,0.833]},"o":{"x":[0.167,0.167,0.167],"y":[0.167,0.167,0.167]},"t":118,"s":[94.118,94.118,100]},{"t":126,"s":[0,0,100]}],"ix":6}},"ao":0,"shapes":[{"ty":"gr","it":[{"d":1,"ty":"el","s":{"a":0,"k":[9,9],"ix":2},"p":{"a":0,"k":[0,0],"ix":3},"nm":"Ellipse Path 1","mn":"ADBE Vector Shape - Ellipse","hd":false},{"ty":"fl","c":{"a":0,"k":[1,1,1,1],"ix":4},"o":{"a":0,"k":100,"ix":5},"r":1,"bm":0,"nm":"Fill 1","mn":"ADBE Vector Graphic - Fill","hd":false},{"ty":"tr","p":{"a":0,"k":[-18,55.5],"ix":2},"a":{"a":0,"k":[0,0],"ix":1},"s":{"a":0,"k":[100,100],"ix":3},"r":{"a":0,"k":0,"ix":6},"o":{"a":0,"k":100,"ix":7},"sk":{"a":0,"k":0,"ix":4},"sa":{"a":0,"k":0,"ix":5},"nm":"Transform"}],"nm":"Ellipse 1","np":3,"cix":2,"bm":0,"ix":1,"mn":"ADBE Vector Group","hd":false}],"ip":92,"op":127,"st":92,"bm":0},{"ddd":0,"ind":5,"ty":4,"nm":"Shape Layer 14","parent":7,"sr":1,"ks":{"o":{"a":0,"k":100,"ix":11},"r":{"a":0,"k":0,"ix":10},"p":{"a":0,"k":[-13.125,55.875,0],"ix":2},"a":{"a":0,"k":[-18.375,55.75,0],"ix":1},"s":{"a":1,"k":[{"i":{"x":[0.833,0.833,0.833],"y":[0.833,0.833,0.833]},"o":{"x":[0.167,0.167,0.167],"y":[0.167,0.167,0.167]},"t":92,"s":[0,0,100]},{"i":{"x":[0.833,0.833,0.833],"y":[0.833,0.833,0.833]},"o":{"x":[0.167,0.167,0.167],"y":[0.167,0.167,0.167]},"t":98,"s":[94.118,94.118,100]},{"i":{"x":[0.833,0.833,0.833],"y":[0.833,0.833,0.833]},"o":{"x":[0.167,0.167,0.167],"y":[0.167,0.167,0.167]},"t":118,"s":[94.118,94.118,100]},{"t":126,"s":[0,0,100]}],"ix":6}},"ao":0,"shapes":[{"ty":"gr","it":[{"d":1,"ty":"el","s":{"a":0,"k":[9,9],"ix":2},"p":{"a":0,"k":[0,0],"ix":3},"nm":"Ellipse Path 1","mn":"ADBE Vector Shape - Ellipse","hd":false},{"ty":"fl","c":{"a":0,"k":[1,1,1,1],"ix":4},"o":{"a":0,"k":100,"ix":5},"r":1,"bm":0,"nm":"Fill 1","mn":"ADBE Vector Graphic - Fill","hd":false},{"ty":"tr","p":{"a":0,"k":[-18,55.5],"ix":2},"a":{"a":0,"k":[0,0],"ix":1},"s":{"a":0,"k":[100,100],"ix":3},"r":{"a":0,"k":0,"ix":6},"o":{"a":0,"k":100,"ix":7},"sk":{"a":0,"k":0,"ix":4},"sa":{"a":0,"k":0,"ix":5},"nm":"Transform"}],"nm":"Ellipse 1","np":3,"cix":2,"bm":0,"ix":1,"mn":"ADBE Vector Group","hd":false}],"ip":92,"op":127,"st":92,"bm":0},{"ddd":0,"ind":6,"ty":3,"nm":"Null 1","parent":7,"sr":1,"ks":{"o":{"a":0,"k":0,"ix":11},"r":{"a":0,"k":0,"ix":10},"p":{"a":0,"k":[-1.5,81.175,0],"ix":2},"a":{"a":0,"k":[56.1,98.6,0],"ix":1},"s":{"a":1,"k":[{"i":{"x":[0.833,0.833,0.833],"y":[0.926,0.926,1]},"o":{"x":[0.167,0.167,0.167],"y":[0.167,0.167,0]},"t":92,"s":[0,0,100]},{"i":{"x":[0.667,0.667,0.667],"y":[1,1,1]},"o":{"x":[0.167,0.167,0.167],"y":[0.444,0.444,0]},"t":94,"s":[26.786,26.786,100]},{"i":{"x":[0.667,0.667,0.667],"y":[1,1,1]},"o":{"x":[0.167,0.167,0.167],"y":[0,0,0]},"t":98,"s":[35.714,35.714,100]},{"i":{"x":[0.833,0.833,0.833],"y":[0.733,0.733,1]},"o":{"x":[0.167,0.167,0.167],"y":[0.167,0.167,0]},"t":118,"s":[35.714,35.714,100]},{"t":126,"s":[0,0,100]}],"ix":6}},"ao":0,"ip":92,"op":3692,"st":92,"bm":0},{"ddd":0,"ind":7,"ty":4,"nm":"Shape Layer 13","parent":2,"sr":1,"ks":{"o":{"a":0,"k":100,"ix":11},"r":{"a":0,"k":0,"ix":10},"p":{"a":1,"k":[{"i":{"x":0.833,"y":0.786},"o":{"x":0.167,"y":0.108},"t":85,"s":[48,49.231,0],"to":[0,-10.997,0],"ti":[0,15.385,0]},{"i":{"x":0.833,"y":0.902},"o":{"x":0.167,"y":0.152},"t":88,"s":[48,64.615,0],"to":[0,-10.997,0],"ti":[0,24.448,0]},{"i":{"x":0.833,"y":0.833},"o":{"x":0.167,"y":0.43},"t":95,"s":[48,-20.796,0],"to":[0,-9.753,0],"ti":[0,4.387,0]},{"i":{"x":0.82,"y":0.932},"o":{"x":0.333,"y":0},"t":103,"s":[48,-43.077,0],"to":[0,-8.601,0],"ti":[0,6.784,0]},{"t":113,"s":[48,49.231,0]}],"ix":2},"a":{"a":0,"k":[-2,64,0],"ix":1},"s":{"a":0,"k":[153.846,153.846,100],"ix":6}},"ao":0,"shapes":[{"ty":"gr","it":[{"d":1,"ty":"el","s":{"a":0,"k":[64,64],"ix":2},"p":{"a":0,"k":[0,0],"ix":3},"nm":"Ellipse Path 1","mn":"ADBE Vector Shape - Ellipse","hd":false},{"ty":"fl","c":{"a":0,"k":[0.662145337871,0.721568627451,0,1],"ix":4},"o":{"a":0,"k":100,"ix":5},"r":1,"bm":0,"nm":"Fill 1","mn":"ADBE Vector Graphic - Fill","hd":false},{"ty":"tr","p":{"a":0,"k":[-2,64],"ix":2},"a":{"a":0,"k":[0,0],"ix":1},"s":{"a":0,"k":[100,100],"ix":3},"r":{"a":0,"k":0,"ix":6},"o":{"a":0,"k":100,"ix":7},"sk":{"a":0,"k":0,"ix":4},"sa":{"a":0,"k":0,"ix":5},"nm":"Transform"}],"nm":"Ellipse 1","np":3,"cix":2,"bm":0,"ix":1,"mn":"ADBE Vector Group","hd":false}],"ip":-79,"op":3677,"st":77,"bm":0},{"ddd":0,"ind":8,"ty":4,"nm":"Shape Layer 12","parent":14,"sr":1,"ks":{"o":{"a":0,"k":100,"ix":11},"r":{"a":1,"k":[{"i":{"x":[0.833],"y":[0.961]},"o":{"x":[0.167],"y":[0.167]},"t":69,"s":[0]},{"i":{"x":[0.833],"y":[1.404]},"o":{"x":[0.167],"y":[0.861]},"t":70,"s":[-33.523]},{"i":{"x":[0.833],"y":[0.863]},"o":{"x":[0.167],"y":[0.078]},"t":74,"s":[-39.664]},{"i":{"x":[0.833],"y":[0.833]},"o":{"x":[0.167],"y":[0.358]},"t":79,"s":[0]},{"i":{"x":[0.833],"y":[0.961]},"o":{"x":[0.167],"y":[-0.013]},"t":81,"s":[6.084]},{"i":{"x":[0.833],"y":[1.404]},"o":{"x":[0.167],"y":[0.993]},"t":82,"s":[-33.523]},{"i":{"x":[0.833],"y":[0.863]},"o":{"x":[0.167],"y":[0.078]},"t":86,"s":[-39.664]},{"i":{"x":[0.833],"y":[0.833]},"o":{"x":[0.167],"y":[0.358]},"t":91,"s":[0]},{"t":93,"s":[6.084]}],"ix":10},"p":{"a":0,"k":[-2.75,64.5,0],"ix":2},"a":{"a":0,"k":[-179,80.75,0],"ix":1},"s":{"a":1,"k":[{"i":{"x":[0.833,0.833,0.833],"y":[0.833,0.833,0.833]},"o":{"x":[0.167,0.167,0.167],"y":[0.167,0.167,0.167]},"t":64,"s":[0,0,100]},{"i":{"x":[0.833,0.833,0.833],"y":[0.833,0.833,0.833]},"o":{"x":[0.167,0.167,0.167],"y":[0.167,0.167,0.167]},"t":68,"s":[100,100,100]},{"i":{"x":[0.833,0.833,0.833],"y":[0.833,0.833,0.833]},"o":{"x":[0.167,0.167,0.167],"y":[0.167,0.167,0.167]},"t":95,"s":[100,100,100]},{"t":99,"s":[0,0,100]}],"ix":6}},"ao":0,"shapes":[{"ty":"gr","it":[{"d":1,"ty":"el","s":{"a":0,"k":[15,15],"ix":2},"p":{"a":0,"k":[0,0],"ix":3},"nm":"Ellipse Path 1","mn":"ADBE Vector Shape - Ellipse","hd":false},{"ty":"fl","c":{"a":0,"k":[1,0.729411764706,0,1],"ix":4},"o":{"a":0,"k":100,"ix":5},"r":1,"bm":0,"nm":"Fill 1","mn":"ADBE Vector Graphic - Fill","hd":false},{"ty":"tr","p":{"a":0,"k":[-223,55],"ix":2},"a":{"a":0,"k":[0,0],"ix":1},"s":{"a":0,"k":[100,100],"ix":3},"r":{"a":0,"k":0,"ix":6},"o":{"a":0,"k":100,"ix":7},"sk":{"a":0,"k":0,"ix":4},"sa":{"a":0,"k":0,"ix":5},"nm":"Transform"}],"nm":"Ellipse 1","np":3,"cix":2,"bm":0,"ix":1,"mn":"ADBE Vector Group","hd":false}],"ip":64,"op":3664,"st":64,"bm":0},{"ddd":0,"ind":9,"ty":3,"nm":"Null 2","sr":1,"ks":{"o":{"a":0,"k":0,"ix":11},"r":{"a":0,"k":0,"ix":10},"p":{"a":0,"k":[254,114.5,0],"ix":2},"a":{"a":0,"k":[48,50,0],"ix":1},"s":{"a":0,"k":[65,65,100],"ix":6}},"ao":0,"ip":49,"op":3649,"st":49,"bm":0},{"ddd":0,"ind":10,"ty":4,"nm":"Shape Layer 11","parent":14,"sr":1,"ks":{"o":{"a":0,"k":100,"ix":11},"r":{"a":0,"k":0,"ix":10},"p":{"a":0,"k":[6.5,55.875,0],"ix":2},"a":{"a":0,"k":[-18.375,55.75,0],"ix":1},"s":{"a":1,"k":[{"i":{"x":[0.833,0.833,0.833],"y":[0.833,0.833,0.833]},"o":{"x":[0.167,0.167,0.167],"y":[0.167,0.167,0.167]},"t":64,"s":[0,0,100]},{"i":{"x":[0.833,0.833,0.833],"y":[0.833,0.833,0.833]},"o":{"x":[0.167,0.167,0.167],"y":[0.167,0.167,0.167]},"t":70,"s":[94.118,94.118,100]},{"i":{"x":[0.833,0.833,0.833],"y":[0.833,0.833,0.833]},"o":{"x":[0.167,0.167,0.167],"y":[0.167,0.167,0.167]},"t":90,"s":[94.118,94.118,100]},{"t":98,"s":[0,0,100]}],"ix":6}},"ao":0,"shapes":[{"ty":"gr","it":[{"d":1,"ty":"el","s":{"a":0,"k":[9,9],"ix":2},"p":{"a":0,"k":[0,0],"ix":3},"nm":"Ellipse Path 1","mn":"ADBE Vector Shape - Ellipse","hd":false},{"ty":"fl","c":{"a":0,"k":[1,1,1,1],"ix":4},"o":{"a":0,"k":100,"ix":5},"r":1,"bm":0,"nm":"Fill 1","mn":"ADBE Vector Graphic - Fill","hd":false},{"ty":"tr","p":{"a":0,"k":[-18,55.5],"ix":2},"a":{"a":0,"k":[0,0],"ix":1},"s":{"a":0,"k":[100,100],"ix":3},"r":{"a":0,"k":0,"ix":6},"o":{"a":0,"k":100,"ix":7},"sk":{"a":0,"k":0,"ix":4},"sa":{"a":0,"k":0,"ix":5},"nm":"Transform"}],"nm":"Ellipse 1","np":3,"cix":2,"bm":0,"ix":1,"mn":"ADBE Vector Group","hd":false}],"ip":64,"op":99,"st":64,"bm":0},{"ddd":0,"ind":11,"ty":4,"nm":"Shape Layer 10","parent":14,"sr":1,"ks":{"o":{"a":0,"k":100,"ix":11},"r":{"a":0,"k":0,"ix":10},"p":{"a":0,"k":[-13.125,55.875,0],"ix":2},"a":{"a":0,"k":[-18.375,55.75,0],"ix":1},"s":{"a":1,"k":[{"i":{"x":[0.833,0.833,0.833],"y":[0.833,0.833,0.833]},"o":{"x":[0.167,0.167,0.167],"y":[0.167,0.167,0.167]},"t":64,"s":[0,0,100]},{"i":{"x":[0.833,0.833,0.833],"y":[0.833,0.833,0.833]},"o":{"x":[0.167,0.167,0.167],"y":[0.167,0.167,0.167]},"t":70,"s":[94.118,94.118,100]},{"i":{"x":[0.833,0.833,0.833],"y":[0.833,0.833,0.833]},"o":{"x":[0.167,0.167,0.167],"y":[0.167,0.167,0.167]},"t":90,"s":[94.118,94.118,100]},{"t":98,"s":[0,0,100]}],"ix":6}},"ao":0,"shapes":[{"ty":"gr","it":[{"d":1,"ty":"el","s":{"a":0,"k":[9,9],"ix":2},"p":{"a":0,"k":[0,0],"ix":3},"nm":"Ellipse Path 1","mn":"ADBE Vector Shape - Ellipse","hd":false},{"ty":"fl","c":{"a":0,"k":[1,1,1,1],"ix":4},"o":{"a":0,"k":100,"ix":5},"r":1,"bm":0,"nm":"Fill 1","mn":"ADBE Vector Graphic - Fill","hd":false},{"ty":"tr","p":{"a":0,"k":[-18,55.5],"ix":2},"a":{"a":0,"k":[0,0],"ix":1},"s":{"a":0,"k":[100,100],"ix":3},"r":{"a":0,"k":0,"ix":6},"o":{"a":0,"k":100,"ix":7},"sk":{"a":0,"k":0,"ix":4},"sa":{"a":0,"k":0,"ix":5},"nm":"Transform"}],"nm":"Ellipse 1","np":3,"cix":2,"bm":0,"ix":1,"mn":"ADBE Vector Group","hd":false}],"ip":64,"op":99,"st":64,"bm":0},{"ddd":0,"ind":12,"ty":4,"nm":"Shape Layer 19","parent":13,"sr":1,"ks":{"o":{"a":0,"k":100,"ix":11},"r":{"a":0,"k":0,"ix":10},"p":{"a":0,"k":[352.55,175.302,0],"ix":2},"a":{"a":0,"k":[0,0,0],"ix":1},"s":{"a":0,"k":[280,280,100],"ix":6}},"ao":0,"shapes":[{"ty":"gr","it":[{"ind":0,"ty":"sh","ix":1,"ks":{"a":0,"k":{"i":[[0,0],[-16.623,0.287],[0,0]],"o":[[0,0],[14.5,-0.25],[0,0]],"v":[[-121.625,-42.125],[-106.5,-26.625],[-92.625,-41.625]],"c":false},"ix":2},"nm":"Path 1","mn":"ADBE Vector Shape - Group","hd":false},{"ty":"fl","c":{"a":0,"k":[1,1,1,1],"ix":4},"o":{"a":0,"k":100,"ix":5},"r":1,"bm":0,"nm":"Fill 1","mn":"ADBE Vector Graphic - Fill","hd":false},{"ty":"tr","p":{"a":0,"k":[0,0],"ix":2},"a":{"a":0,"k":[0,0],"ix":1},"s":{"a":0,"k":[100,100],"ix":3},"r":{"a":0,"k":0,"ix":6},"o":{"a":0,"k":100,"ix":7},"sk":{"a":0,"k":0,"ix":4},"sa":{"a":0,"k":0,"ix":5},"nm":"Transform"}],"nm":"Shape 1","np":3,"cix":2,"bm":0,"ix":1,"mn":"ADBE Vector Group","hd":false}],"ip":64,"op":3664,"st":64,"bm":0},{"ddd":0,"ind":13,"ty":3,"nm":"Null 1","parent":14,"sr":1,"ks":{"o":{"a":0,"k":0,"ix":11},"r":{"a":0,"k":0,"ix":10},"p":{"a":0,"k":[-1.5,81.175,0],"ix":2},"a":{"a":0,"k":[56.1,98.6,0],"ix":1},"s":{"a":1,"k":[{"i":{"x":[0.833,0.833,0.833],"y":[0.926,0.926,1]},"o":{"x":[0.167,0.167,0.167],"y":[0.167,0.167,0]},"t":64,"s":[0,0,100]},{"i":{"x":[0.667,0.667,0.667],"y":[1,1,1]},"o":{"x":[0.167,0.167,0.167],"y":[0.444,0.444,0]},"t":66,"s":[26.786,26.786,100]},{"i":{"x":[0.667,0.667,0.667],"y":[1,1,1]},"o":{"x":[0.167,0.167,0.167],"y":[0,0,0]},"t":70,"s":[35.714,35.714,100]},{"i":{"x":[0.833,0.833,0.833],"y":[0.733,0.733,1]},"o":{"x":[0.167,0.167,0.167],"y":[0.167,0.167,0]},"t":90,"s":[35.714,35.714,100]},{"t":98,"s":[0,0,100]}],"ix":6}},"ao":0,"ip":64,"op":3664,"st":64,"bm":0},{"ddd":0,"ind":14,"ty":4,"nm":"Shape Layer 9","parent":9,"sr":1,"ks":{"o":{"a":0,"k":100,"ix":11},"r":{"a":0,"k":0,"ix":10},"p":{"a":1,"k":[{"i":{"x":0.833,"y":0.786},"o":{"x":0.167,"y":0.108},"t":57,"s":[48,49.231,0],"to":[0,-10.997,0],"ti":[0,15.385,0]},{"i":{"x":0.833,"y":0.902},"o":{"x":0.167,"y":0.152},"t":60,"s":[48,64.615,0],"to":[0,-10.997,0],"ti":[0,24.448,0]},{"i":{"x":0.833,"y":0.833},"o":{"x":0.167,"y":0.43},"t":67,"s":[48,-20.796,0],"to":[0,-9.753,0],"ti":[0,4.387,0]},{"i":{"x":0.82,"y":0.932},"o":{"x":0.333,"y":0},"t":75,"s":[48,-43.077,0],"to":[0,-8.601,0],"ti":[0,6.784,0]},{"t":85,"s":[48,49.231,0]}],"ix":2},"a":{"a":0,"k":[-2,64,0],"ix":1},"s":{"a":0,"k":[153.846,153.846,100],"ix":6}},"ao":0,"shapes":[{"ty":"gr","it":[{"d":1,"ty":"el","s":{"a":0,"k":[64,64],"ix":2},"p":{"a":0,"k":[0,0],"ix":3},"nm":"Ellipse Path 1","mn":"ADBE Vector Shape - Ellipse","hd":false},{"ty":"fl","c":{"a":0,"k":[1,0.729411764706,0,1],"ix":4},"o":{"a":0,"k":100,"ix":5},"r":1,"bm":0,"nm":"Fill 1","mn":"ADBE Vector Graphic - Fill","hd":false},{"ty":"tr","p":{"a":0,"k":[-2,64],"ix":2},"a":{"a":0,"k":[0,0],"ix":1},"s":{"a":0,"k":[100,100],"ix":3},"r":{"a":0,"k":0,"ix":6},"o":{"a":0,"k":100,"ix":7},"sk":{"a":0,"k":0,"ix":4},"sa":{"a":0,"k":0,"ix":5},"nm":"Transform"}],"nm":"Ellipse 1","np":3,"cix":2,"bm":0,"ix":1,"mn":"ADBE Vector Group","hd":false}],"ip":-4,"op":3649,"st":49,"bm":0},{"ddd":0,"ind":15,"ty":4,"nm":"Shape Layer 8","parent":21,"sr":1,"ks":{"o":{"a":0,"k":100,"ix":11},"r":{"a":1,"k":[{"i":{"x":[0.833],"y":[0.961]},"o":{"x":[0.167],"y":[0.167]},"t":41,"s":[0]},{"i":{"x":[0.833],"y":[1.404]},"o":{"x":[0.167],"y":[0.861]},"t":42,"s":[-33.523]},{"i":{"x":[0.833],"y":[0.863]},"o":{"x":[0.167],"y":[0.078]},"t":46,"s":[-39.664]},{"i":{"x":[0.833],"y":[0.833]},"o":{"x":[0.167],"y":[0.358]},"t":51,"s":[0]},{"i":{"x":[0.833],"y":[0.961]},"o":{"x":[0.167],"y":[-0.013]},"t":53,"s":[6.084]},{"i":{"x":[0.833],"y":[1.404]},"o":{"x":[0.167],"y":[0.993]},"t":54,"s":[-33.523]},{"i":{"x":[0.833],"y":[0.863]},"o":{"x":[0.167],"y":[0.078]},"t":58,"s":[-39.664]},{"i":{"x":[0.833],"y":[0.833]},"o":{"x":[0.167],"y":[0.358]},"t":63,"s":[0]},{"t":65,"s":[6.084]}],"ix":10},"p":{"a":0,"k":[-2.75,64.5,0],"ix":2},"a":{"a":0,"k":[-179,80.75,0],"ix":1},"s":{"a":1,"k":[{"i":{"x":[0.833,0.833,0.833],"y":[0.833,0.833,0.833]},"o":{"x":[0.167,0.167,0.167],"y":[0.167,0.167,0.167]},"t":36,"s":[0,0,100]},{"i":{"x":[0.833,0.833,0.833],"y":[0.833,0.833,0.833]},"o":{"x":[0.167,0.167,0.167],"y":[0.167,0.167,0.167]},"t":40,"s":[100,100,100]},{"i":{"x":[0.833,0.833,0.833],"y":[0.833,0.833,0.833]},"o":{"x":[0.167,0.167,0.167],"y":[0.167,0.167,0.167]},"t":67,"s":[100,100,100]},{"t":71,"s":[0,0,100]}],"ix":6}},"ao":0,"shapes":[{"ty":"gr","it":[{"d":1,"ty":"el","s":{"a":0,"k":[15,15],"ix":2},"p":{"a":0,"k":[0,0],"ix":3},"nm":"Ellipse Path 1","mn":"ADBE Vector Shape - Ellipse","hd":false},{"ty":"fl","c":{"a":0,"k":[0.152941176471,0.447058823529,0.933333333333,1],"ix":4},"o":{"a":0,"k":100,"ix":5},"r":1,"bm":0,"nm":"Fill 1","mn":"ADBE Vector Graphic - Fill","hd":false},{"ty":"tr","p":{"a":0,"k":[-223,55],"ix":2},"a":{"a":0,"k":[0,0],"ix":1},"s":{"a":0,"k":[100,100],"ix":3},"r":{"a":0,"k":0,"ix":6},"o":{"a":0,"k":100,"ix":7},"sk":{"a":0,"k":0,"ix":4},"sa":{"a":0,"k":0,"ix":5},"nm":"Transform"}],"nm":"Ellipse 1","np":3,"cix":2,"bm":0,"ix":1,"mn":"ADBE Vector Group","hd":false}],"ip":36,"op":3636,"st":36,"bm":0},{"ddd":0,"ind":16,"ty":3,"nm":"Null 2","sr":1,"ks":{"o":{"a":0,"k":0,"ix":11},"r":{"a":0,"k":0,"ix":10},"p":{"a":0,"k":[174,114.5,0],"ix":2},"a":{"a":0,"k":[48,50,0],"ix":1},"s":{"a":0,"k":[65,65,100],"ix":6}},"ao":0,"ip":21,"op":3621,"st":21,"bm":0},{"ddd":0,"ind":17,"ty":4,"nm":"Shape Layer 7","parent":21,"sr":1,"ks":{"o":{"a":0,"k":100,"ix":11},"r":{"a":0,"k":0,"ix":10},"p":{"a":0,"k":[6.5,55.875,0],"ix":2},"a":{"a":0,"k":[-18.375,55.75,0],"ix":1},"s":{"a":1,"k":[{"i":{"x":[0.833,0.833,0.833],"y":[0.833,0.833,0.833]},"o":{"x":[0.167,0.167,0.167],"y":[0.167,0.167,0.167]},"t":36,"s":[0,0,100]},{"i":{"x":[0.833,0.833,0.833],"y":[0.833,0.833,0.833]},"o":{"x":[0.167,0.167,0.167],"y":[0.167,0.167,0.167]},"t":42,"s":[94.118,94.118,100]},{"i":{"x":[0.833,0.833,0.833],"y":[0.833,0.833,0.833]},"o":{"x":[0.167,0.167,0.167],"y":[0.167,0.167,0.167]},"t":62,"s":[94.118,94.118,100]},{"t":70,"s":[0,0,100]}],"ix":6}},"ao":0,"shapes":[{"ty":"gr","it":[{"d":1,"ty":"el","s":{"a":0,"k":[9,9],"ix":2},"p":{"a":0,"k":[0,0],"ix":3},"nm":"Ellipse Path 1","mn":"ADBE Vector Shape - Ellipse","hd":false},{"ty":"fl","c":{"a":0,"k":[1,1,1,1],"ix":4},"o":{"a":0,"k":100,"ix":5},"r":1,"bm":0,"nm":"Fill 1","mn":"ADBE Vector Graphic - Fill","hd":false},{"ty":"tr","p":{"a":0,"k":[-18,55.5],"ix":2},"a":{"a":0,"k":[0,0],"ix":1},"s":{"a":0,"k":[100,100],"ix":3},"r":{"a":0,"k":0,"ix":6},"o":{"a":0,"k":100,"ix":7},"sk":{"a":0,"k":0,"ix":4},"sa":{"a":0,"k":0,"ix":5},"nm":"Transform"}],"nm":"Ellipse 1","np":3,"cix":2,"bm":0,"ix":1,"mn":"ADBE Vector Group","hd":false}],"ip":36,"op":71,"st":36,"bm":0},{"ddd":0,"ind":18,"ty":4,"nm":"Shape Layer 6","parent":21,"sr":1,"ks":{"o":{"a":0,"k":100,"ix":11},"r":{"a":0,"k":0,"ix":10},"p":{"a":0,"k":[-13.125,55.875,0],"ix":2},"a":{"a":0,"k":[-18.375,55.75,0],"ix":1},"s":{"a":1,"k":[{"i":{"x":[0.833,0.833,0.833],"y":[0.833,0.833,0.833]},"o":{"x":[0.167,0.167,0.167],"y":[0.167,0.167,0.167]},"t":36,"s":[0,0,100]},{"i":{"x":[0.833,0.833,0.833],"y":[0.833,0.833,0.833]},"o":{"x":[0.167,0.167,0.167],"y":[0.167,0.167,0.167]},"t":42,"s":[94.118,94.118,100]},{"i":{"x":[0.833,0.833,0.833],"y":[0.833,0.833,0.833]},"o":{"x":[0.167,0.167,0.167],"y":[0.167,0.167,0.167]},"t":62,"s":[94.118,94.118,100]},{"t":70,"s":[0,0,100]}],"ix":6}},"ao":0,"shapes":[{"ty":"gr","it":[{"d":1,"ty":"el","s":{"a":0,"k":[9,9],"ix":2},"p":{"a":0,"k":[0,0],"ix":3},"nm":"Ellipse Path 1","mn":"ADBE Vector Shape - Ellipse","hd":false},{"ty":"fl","c":{"a":0,"k":[1,1,1,1],"ix":4},"o":{"a":0,"k":100,"ix":5},"r":1,"bm":0,"nm":"Fill 1","mn":"ADBE Vector Graphic - Fill","hd":false},{"ty":"tr","p":{"a":0,"k":[-18,55.5],"ix":2},"a":{"a":0,"k":[0,0],"ix":1},"s":{"a":0,"k":[100,100],"ix":3},"r":{"a":0,"k":0,"ix":6},"o":{"a":0,"k":100,"ix":7},"sk":{"a":0,"k":0,"ix":4},"sa":{"a":0,"k":0,"ix":5},"nm":"Transform"}],"nm":"Ellipse 1","np":3,"cix":2,"bm":0,"ix":1,"mn":"ADBE Vector Group","hd":false}],"ip":36,"op":71,"st":36,"bm":0},{"ddd":0,"ind":19,"ty":4,"nm":"Shape Layer 18","parent":20,"sr":1,"ks":{"o":{"a":0,"k":100,"ix":11},"r":{"a":0,"k":0,"ix":10},"p":{"a":0,"k":[352.55,175.302,0],"ix":2},"a":{"a":0,"k":[0,0,0],"ix":1},"s":{"a":0,"k":[280,280,100],"ix":6}},"ao":0,"shapes":[{"ty":"gr","it":[{"ind":0,"ty":"sh","ix":1,"ks":{"a":0,"k":{"i":[[0,0],[-16.623,0.287],[0,0]],"o":[[0,0],[14.5,-0.25],[0,0]],"v":[[-121.625,-42.125],[-106.5,-26.625],[-92.625,-41.625]],"c":false},"ix":2},"nm":"Path 1","mn":"ADBE Vector Shape - Group","hd":false},{"ty":"fl","c":{"a":0,"k":[1,1,1,1],"ix":4},"o":{"a":0,"k":100,"ix":5},"r":1,"bm":0,"nm":"Fill 1","mn":"ADBE Vector Graphic - Fill","hd":false},{"ty":"tr","p":{"a":0,"k":[0,0],"ix":2},"a":{"a":0,"k":[0,0],"ix":1},"s":{"a":0,"k":[100,100],"ix":3},"r":{"a":0,"k":0,"ix":6},"o":{"a":0,"k":100,"ix":7},"sk":{"a":0,"k":0,"ix":4},"sa":{"a":0,"k":0,"ix":5},"nm":"Transform"}],"nm":"Shape 1","np":3,"cix":2,"bm":0,"ix":1,"mn":"ADBE Vector Group","hd":false}],"ip":36,"op":3636,"st":36,"bm":0},{"ddd":0,"ind":20,"ty":3,"nm":"Null 1","parent":21,"sr":1,"ks":{"o":{"a":0,"k":0,"ix":11},"r":{"a":0,"k":0,"ix":10},"p":{"a":0,"k":[-1.5,81.175,0],"ix":2},"a":{"a":0,"k":[56.1,98.6,0],"ix":1},"s":{"a":1,"k":[{"i":{"x":[0.833,0.833,0.833],"y":[0.926,0.926,1]},"o":{"x":[0.167,0.167,0.167],"y":[0.167,0.167,0]},"t":36,"s":[0,0,100]},{"i":{"x":[0.667,0.667,0.667],"y":[1,1,1]},"o":{"x":[0.167,0.167,0.167],"y":[0.444,0.444,0]},"t":38,"s":[26.786,26.786,100]},{"i":{"x":[0.667,0.667,0.667],"y":[1,1,1]},"o":{"x":[0.167,0.167,0.167],"y":[0,0,0]},"t":42,"s":[35.714,35.714,100]},{"i":{"x":[0.833,0.833,0.833],"y":[0.733,0.733,1]},"o":{"x":[0.167,0.167,0.167],"y":[0.167,0.167,0]},"t":62,"s":[35.714,35.714,100]},{"t":70,"s":[0,0,100]}],"ix":6}},"ao":0,"ip":36,"op":3636,"st":36,"bm":0},{"ddd":0,"ind":21,"ty":4,"nm":"Shape Layer 5","parent":16,"sr":1,"ks":{"o":{"a":0,"k":100,"ix":11},"r":{"a":0,"k":0,"ix":10},"p":{"a":1,"k":[{"i":{"x":0.833,"y":0.786},"o":{"x":0.167,"y":0.108},"t":29,"s":[48,49.231,0],"to":[0,-10.997,0],"ti":[0,15.385,0]},{"i":{"x":0.833,"y":0.902},"o":{"x":0.167,"y":0.152},"t":32,"s":[48,64.615,0],"to":[0,-10.997,0],"ti":[0,24.448,0]},{"i":{"x":0.833,"y":0.833},"o":{"x":0.167,"y":0.43},"t":39,"s":[48,-20.796,0],"to":[0,-9.753,0],"ti":[0,4.387,0]},{"i":{"x":0.82,"y":0.932},"o":{"x":0.333,"y":0},"t":47,"s":[48,-43.077,0],"to":[0,-8.601,0],"ti":[0,6.784,0]},{"t":57,"s":[48,49.231,0]}],"ix":2},"a":{"a":0,"k":[-2,64,0],"ix":1},"s":{"a":0,"k":[153.846,153.846,100],"ix":6}},"ao":0,"shapes":[{"ty":"gr","it":[{"d":1,"ty":"el","s":{"a":0,"k":[64,64],"ix":2},"p":{"a":0,"k":[0,0],"ix":3},"nm":"Ellipse Path 1","mn":"ADBE Vector Shape - Ellipse","hd":false},{"ty":"fl","c":{"a":0,"k":[0.153725478228,0.4472247853,0.933333333333,1],"ix":4},"o":{"a":0,"k":100,"ix":5},"r":1,"bm":0,"nm":"Fill 1","mn":"ADBE Vector Graphic - Fill","hd":false},{"ty":"tr","p":{"a":0,"k":[-2,64],"ix":2},"a":{"a":0,"k":[0,0],"ix":1},"s":{"a":0,"k":[100,100],"ix":3},"r":{"a":0,"k":0,"ix":6},"o":{"a":0,"k":100,"ix":7},"sk":{"a":0,"k":0,"ix":4},"sa":{"a":0,"k":0,"ix":5},"nm":"Transform"}],"nm":"Ellipse 1","np":3,"cix":2,"bm":0,"ix":1,"mn":"ADBE Vector Group","hd":false}],"ip":-27,"op":3621,"st":21,"bm":0},{"ddd":0,"ind":22,"ty":4,"nm":"Shape Layer 4","parent":29,"sr":1,"ks":{"o":{"a":0,"k":100,"ix":11},"r":{"a":1,"k":[{"i":{"x":[0.833],"y":[0.961]},"o":{"x":[0.167],"y":[0.167]},"t":13,"s":[0]},{"i":{"x":[0.833],"y":[1.404]},"o":{"x":[0.167],"y":[0.861]},"t":14,"s":[-33.523]},{"i":{"x":[0.833],"y":[0.863]},"o":{"x":[0.167],"y":[0.078]},"t":18,"s":[-39.664]},{"i":{"x":[0.833],"y":[0.833]},"o":{"x":[0.167],"y":[0.358]},"t":23,"s":[0]},{"i":{"x":[0.833],"y":[0.961]},"o":{"x":[0.167],"y":[-0.013]},"t":25,"s":[6.084]},{"i":{"x":[0.833],"y":[1.404]},"o":{"x":[0.167],"y":[0.993]},"t":26,"s":[-33.523]},{"i":{"x":[0.833],"y":[0.863]},"o":{"x":[0.167],"y":[0.078]},"t":30,"s":[-39.664]},{"i":{"x":[0.833],"y":[0.833]},"o":{"x":[0.167],"y":[0.358]},"t":35,"s":[0]},{"t":37,"s":[6.084]}],"ix":10},"p":{"a":0,"k":[-2.75,64.5,0],"ix":2},"a":{"a":0,"k":[-179,80.75,0],"ix":1},"s":{"a":1,"k":[{"i":{"x":[0.833,0.833,0.833],"y":[0.833,0.833,0.833]},"o":{"x":[0.167,0.167,0.167],"y":[0.167,0.167,0.167]},"t":8,"s":[0,0,100]},{"i":{"x":[0.833,0.833,0.833],"y":[0.833,0.833,0.833]},"o":{"x":[0.167,0.167,0.167],"y":[0.167,0.167,0.167]},"t":12,"s":[100,100,100]},{"i":{"x":[0.833,0.833,0.833],"y":[0.833,0.833,0.833]},"o":{"x":[0.167,0.167,0.167],"y":[0.167,0.167,0.167]},"t":39,"s":[100,100,100]},{"t":43,"s":[0,0,100]}],"ix":6}},"ao":0,"shapes":[{"ty":"gr","it":[{"d":1,"ty":"el","s":{"a":0,"k":[15,15],"ix":2},"p":{"a":0,"k":[0,0],"ix":3},"nm":"Ellipse Path 1","mn":"ADBE Vector Shape - Ellipse","hd":false},{"ty":"fl","c":{"a":0,"k":[0.878431432387,0.098039223166,0.282352941176,1],"ix":4},"o":{"a":0,"k":100,"ix":5},"r":1,"bm":0,"nm":"Fill 1","mn":"ADBE Vector Graphic - Fill","hd":false},{"ty":"tr","p":{"a":0,"k":[-223,55],"ix":2},"a":{"a":0,"k":[0,0],"ix":1},"s":{"a":0,"k":[100,100],"ix":3},"r":{"a":0,"k":0,"ix":6},"o":{"a":0,"k":100,"ix":7},"sk":{"a":0,"k":0,"ix":4},"sa":{"a":0,"k":0,"ix":5},"nm":"Transform"}],"nm":"Ellipse 1","np":3,"cix":2,"bm":0,"ix":1,"mn":"ADBE Vector Group","hd":false}],"ip":8,"op":3608,"st":8,"bm":0},{"ddd":0,"ind":23,"ty":3,"nm":"Null 2","sr":1,"ks":{"o":{"a":0,"k":0,"ix":11},"r":{"a":0,"k":0,"ix":10},"p":{"a":0,"k":[94,114.5,0],"ix":2},"a":{"a":0,"k":[48,50,0],"ix":1},"s":{"a":0,"k":[65,65,100],"ix":6}},"ao":0,"ip":-7,"op":3593,"st":-7,"bm":0},{"ddd":0,"ind":25,"ty":4,"nm":"Shape Layer 3","parent":29,"sr":1,"ks":{"o":{"a":0,"k":100,"ix":11},"r":{"a":0,"k":0,"ix":10},"p":{"a":0,"k":[6.5,55.875,0],"ix":2},"a":{"a":0,"k":[-18.375,55.75,0],"ix":1},"s":{"a":1,"k":[{"i":{"x":[0.833,0.833,0.833],"y":[0.833,0.833,0.833]},"o":{"x":[0.167,0.167,0.167],"y":[0.167,0.167,0.167]},"t":8,"s":[0,0,100]},{"i":{"x":[0.833,0.833,0.833],"y":[0.833,0.833,0.833]},"o":{"x":[0.167,0.167,0.167],"y":[0.167,0.167,0.167]},"t":14,"s":[94.118,94.118,100]},{"i":{"x":[0.833,0.833,0.833],"y":[0.833,0.833,0.833]},"o":{"x":[0.167,0.167,0.167],"y":[0.167,0.167,0.167]},"t":34,"s":[94.118,94.118,100]},{"t":42,"s":[0,0,100]}],"ix":6}},"ao":0,"shapes":[{"ty":"gr","it":[{"d":1,"ty":"el","s":{"a":0,"k":[9,9],"ix":2},"p":{"a":0,"k":[0,0],"ix":3},"nm":"Ellipse Path 1","mn":"ADBE Vector Shape - Ellipse","hd":false},{"ty":"fl","c":{"a":0,"k":[1,1,1,1],"ix":4},"o":{"a":0,"k":100,"ix":5},"r":1,"bm":0,"nm":"Fill 1","mn":"ADBE Vector Graphic - Fill","hd":false},{"ty":"tr","p":{"a":0,"k":[-18,55.5],"ix":2},"a":{"a":0,"k":[0,0],"ix":1},"s":{"a":0,"k":[100,100],"ix":3},"r":{"a":0,"k":0,"ix":6},"o":{"a":0,"k":100,"ix":7},"sk":{"a":0,"k":0,"ix":4},"sa":{"a":0,"k":0,"ix":5},"nm":"Transform"}],"nm":"Ellipse 1","np":3,"cix":2,"bm":0,"ix":1,"mn":"ADBE Vector Group","hd":false}],"ip":8,"op":43,"st":8,"bm":0},{"ddd":0,"ind":26,"ty":4,"nm":"Shape Layer 2","parent":29,"sr":1,"ks":{"o":{"a":0,"k":100,"ix":11},"r":{"a":0,"k":0,"ix":10},"p":{"a":0,"k":[-13.125,55.875,0],"ix":2},"a":{"a":0,"k":[-18.375,55.75,0],"ix":1},"s":{"a":1,"k":[{"i":{"x":[0.833,0.833,0.833],"y":[0.833,0.833,0.833]},"o":{"x":[0.167,0.167,0.167],"y":[0.167,0.167,0.167]},"t":8,"s":[0,0,100]},{"i":{"x":[0.833,0.833,0.833],"y":[0.833,0.833,0.833]},"o":{"x":[0.167,0.167,0.167],"y":[0.167,0.167,0.167]},"t":14,"s":[94.118,94.118,100]},{"i":{"x":[0.833,0.833,0.833],"y":[0.833,0.833,0.833]},"o":{"x":[0.167,0.167,0.167],"y":[0.167,0.167,0.167]},"t":34,"s":[94.118,94.118,100]},{"t":42,"s":[0,0,100]}],"ix":6}},"ao":0,"shapes":[{"ty":"gr","it":[{"d":1,"ty":"el","s":{"a":0,"k":[9,9],"ix":2},"p":{"a":0,"k":[0,0],"ix":3},"nm":"Ellipse Path 1","mn":"ADBE Vector Shape - Ellipse","hd":false},{"ty":"fl","c":{"a":0,"k":[1,1,1,1],"ix":4},"o":{"a":0,"k":100,"ix":5},"r":1,"bm":0,"nm":"Fill 1","mn":"ADBE Vector Graphic - Fill","hd":false},{"ty":"tr","p":{"a":0,"k":[-18,55.5],"ix":2},"a":{"a":0,"k":[0,0],"ix":1},"s":{"a":0,"k":[100,100],"ix":3},"r":{"a":0,"k":0,"ix":6},"o":{"a":0,"k":100,"ix":7},"sk":{"a":0,"k":0,"ix":4},"sa":{"a":0,"k":0,"ix":5},"nm":"Transform"}],"nm":"Ellipse 1","np":3,"cix":2,"bm":0,"ix":1,"mn":"ADBE Vector Group","hd":false}],"ip":8,"op":43,"st":8,"bm":0},{"ddd":0,"ind":27,"ty":4,"nm":"Shape Layer 17","parent":28,"sr":1,"ks":{"o":{"a":0,"k":100,"ix":11},"r":{"a":0,"k":0,"ix":10},"p":{"a":0,"k":[352.55,175.302,0],"ix":2},"a":{"a":0,"k":[0,0,0],"ix":1},"s":{"a":0,"k":[280,280,100],"ix":6}},"ao":0,"shapes":[{"ty":"gr","it":[{"ind":0,"ty":"sh","ix":1,"ks":{"a":0,"k":{"i":[[0,0],[-16.623,0.287],[0,0]],"o":[[0,0],[14.5,-0.25],[0,0]],"v":[[-121.625,-42.125],[-106.5,-26.625],[-92.625,-41.625]],"c":false},"ix":2},"nm":"Path 1","mn":"ADBE Vector Shape - Group","hd":false},{"ty":"fl","c":{"a":0,"k":[1,1,1,1],"ix":4},"o":{"a":0,"k":100,"ix":5},"r":1,"bm":0,"nm":"Fill 1","mn":"ADBE Vector Graphic - Fill","hd":false},{"ty":"tr","p":{"a":0,"k":[0,0],"ix":2},"a":{"a":0,"k":[0,0],"ix":1},"s":{"a":0,"k":[100,100],"ix":3},"r":{"a":0,"k":0,"ix":6},"o":{"a":0,"k":100,"ix":7},"sk":{"a":0,"k":0,"ix":4},"sa":{"a":0,"k":0,"ix":5},"nm":"Transform"}],"nm":"Shape 1","np":3,"cix":2,"bm":0,"ix":1,"mn":"ADBE Vector Group","hd":false}],"ip":8,"op":3608,"st":8,"bm":0},{"ddd":0,"ind":28,"ty":3,"nm":"Null 1","parent":29,"sr":1,"ks":{"o":{"a":0,"k":0,"ix":11},"r":{"a":0,"k":0,"ix":10},"p":{"a":0,"k":[-1.5,81.175,0],"ix":2},"a":{"a":0,"k":[56.1,98.6,0],"ix":1},"s":{"a":1,"k":[{"i":{"x":[0.833,0.833,0.833],"y":[0.926,0.926,1]},"o":{"x":[0.167,0.167,0.167],"y":[0.167,0.167,0]},"t":8,"s":[0,0,100]},{"i":{"x":[0.667,0.667,0.667],"y":[1,1,1]},"o":{"x":[0.167,0.167,0.167],"y":[0.444,0.444,0]},"t":10,"s":[26.786,26.786,100]},{"i":{"x":[0.667,0.667,0.667],"y":[1,1,1]},"o":{"x":[0.167,0.167,0.167],"y":[0,0,0]},"t":14,"s":[35.714,35.714,100]},{"i":{"x":[0.833,0.833,0.833],"y":[0.733,0.733,1]},"o":{"x":[0.167,0.167,0.167],"y":[0.167,0.167,0]},"t":34,"s":[35.714,35.714,100]},{"t":42,"s":[0,0,100]}],"ix":6}},"ao":0,"ip":8,"op":3608,"st":8,"bm":0},{"ddd":0,"ind":29,"ty":4,"nm":"Shape Layer 1","parent":23,"sr":1,"ks":{"o":{"a":0,"k":100,"ix":11},"r":{"a":0,"k":0,"ix":10},"p":{"a":1,"k":[{"i":{"x":0.833,"y":0.786},"o":{"x":0.167,"y":0.108},"t":1,"s":[48,49.231,0],"to":[0,-10.997,0],"ti":[0,15.385,0]},{"i":{"x":0.833,"y":0.902},"o":{"x":0.167,"y":0.152},"t":4,"s":[48,64.615,0],"to":[0,-10.997,0],"ti":[0,24.448,0]},{"i":{"x":0.833,"y":0.833},"o":{"x":0.167,"y":0.43},"t":11,"s":[48,-20.796,0],"to":[0,-9.753,0],"ti":[0,4.387,0]},{"i":{"x":0.82,"y":0.932},"o":{"x":0.333,"y":0},"t":19,"s":[48,-43.077,0],"to":[0,-8.601,0],"ti":[0,6.784,0]},{"t":29,"s":[48,49.231,0]}],"ix":2},"a":{"a":0,"k":[-2,64,0],"ix":1},"s":{"a":0,"k":[153.846,153.846,100],"ix":6}},"ao":0,"shapes":[{"ty":"gr","it":[{"d":1,"ty":"el","s":{"a":0,"k":[64,64],"ix":2},"p":{"a":0,"k":[0,0],"ix":3},"nm":"Ellipse Path 1","mn":"ADBE Vector Shape - Ellipse","hd":false},{"ty":"fl","c":{"a":0,"k":[0.878431372549,0.099900032492,0.283083867092,1],"ix":4},"o":{"a":0,"k":100,"ix":5},"r":1,"bm":0,"nm":"Fill 1","mn":"ADBE Vector Graphic - Fill","hd":false},{"ty":"tr","p":{"a":0,"k":[-2,64],"ix":2},"a":{"a":0,"k":[0,0],"ix":1},"s":{"a":0,"k":[100,100],"ix":3},"r":{"a":0,"k":0,"ix":6},"o":{"a":0,"k":100,"ix":7},"sk":{"a":0,"k":0,"ix":4},"sa":{"a":0,"k":0,"ix":5},"nm":"Transform"}],"nm":"Ellipse 1","np":3,"cix":2,"bm":0,"ix":1,"mn":"ADBE Vector Group","hd":false}],"ip":-7,"op":3593,"st":-7,"bm":0}],"markers":[]}