{
  "nm": "Comp 1",
  "ddd": 0,
  "h": 250,
  "w": 250,
  "meta": {
    "g": "@lottiefiles/toolkit-js 0.33.2"
  },
  "layers": [
    {
      "ty": 4,
      "nm": "Layer 8 Outlines",
      "sr": 1,
      "st": 0,
      "op": 3518.97857666016,
      "ip": 0,
      "hd": false,
      "ddd": 0,
      "bm": 0,
      "hasMask": false,
      "ao": 0,
      "ks": {
        "a": {
          "a": 0,
          "k": [
            18,
            18,
            0
          ],
          "ix": 1
        },
        "s": {
          "a": 0,
          "k": [
            100,
            100,
            100
          ],
          "ix": 6
        },
        "sk": {
          "a": 0,
          "k": 0
        },
        "p": {
          "a": 1,
          "k": [
            {
              "o": {
                "x": 0.869,
                "y": 0
              },
              "i": {
                "x": 0.246,
                "y": 1
              },
              "s": [
                65,
                65,
                0
              ],
              "t": 139.999,
              "ti": [
                0,
                0,
                0
              ],
              "to": [
                10,
                10,
                0
              ]
            },
            {
              "o": {
                "x": 0.821,
                "y": 0
              },
              "i": {
                "x": 0.243,
                "y": 1
              },
              "s": [
                125,
                125,
                0
              ],
              "t": 159.999,
              "ti": [
                10,
                10,
                0
              ],
              "to": [
                0,
                0,
                0
              ]
            },
            {
              "s": [
                65,
                65,
                0
              ],
              "t": 179.99890417699
            }
          ],
          "ix": 2
        },
        "r": {
          "a": 0,
          "k": 0,
          "ix": 10
        },
        "sa": {
          "a": 0,
          "k": 0
        },
        "o": {
          "a": 0,
          "k": 100,
          "ix": 11
        }
      },
      "ef": [],
      "shapes": [
        {
          "ty": "gr",
          "bm": 0,
          "hd": false,
          "mn": "ADBE Vector Group",
          "nm": "Group 1",
          "ix": 1,
          "cix": 2,
          "np": 2,
          "it": [
            {
              "ty": "sh",
              "bm": 0,
              "hd": false,
              "mn": "ADBE Vector Shape - Group",
              "nm": "Path 1",
              "ix": 1,
              "d": 1,
              "ks": {
                "a": 0,
                "k": {
                  "c": true,
                  "i": [
                    [
                      6.046,
                      6.045
                    ],
                    [
                      -6.045,
                      6.046
                    ],
                    [
                      -6.046,
                      -6.045
                    ],
                    [
                      6.045,
                      -6.046
                    ]
                  ],
                  "o": [
                    [
                      -6.045,
                      -6.046
                    ],
                    [
                      6.046,
                      -6.045
                    ],
                    [
                      6.045,
                      6.046
                    ],
                    [
                      -6.046,
                      6.045
                    ]
                  ],
                  "v": [
                    [
                      -10.947,
                      10.947
                    ],
                    [
                      -10.947,
                      -10.947
                    ],
                    [
                      10.947,
                      -10.947
                    ],
                    [
                      10.947,
                      10.947
                    ]
                  ]
                },
                "ix": 2
              }
            },
            {
              "ty": "fl",
              "bm": 0,
              "hd": false,
              "mn": "ADBE Vector Graphic - Fill",
              "nm": "Fill 1",
              "c": {
                "a": 0,
                "k": [
                  1,
                  1,
                  1
                ],
                "ix": 4
              },
              "r": 1,
              "o": {
                "a": 0,
                "k": 100,
                "ix": 5
              }
            },
            {
              "ty": "tr",
              "a": {
                "a": 0,
                "k": [
                  0,
                  0
                ],
                "ix": 1
              },
              "s": {
                "a": 0,
                "k": [
                  100,
                  100
                ],
                "ix": 3
              },
              "sk": {
                "a": 0,
                "k": 0,
                "ix": 4
              },
              "p": {
                "a": 0,
                "k": [
                  18.032,
                  18.032
                ],
                "ix": 2
              },
              "r": {
                "a": 0,
                "k": 0,
                "ix": 6
              },
              "sa": {
                "a": 0,
                "k": 0,
                "ix": 5
              },
              "o": {
                "a": 0,
                "k": 100,
                "ix": 7
              }
            }
          ]
        }
      ],
      "ind": 1
    },
    {
      "ty": 4,
      "nm": "Layer 7 Outlines",
      "sr": 1,
      "st": 0,
      "op": 3518.97857666016,
      "ip": 0,
      "hd": false,
      "ddd": 0,
      "bm": 0,
      "hasMask": false,
      "ao": 0,
      "ks": {
        "a": {
          "a": 0,
          "k": [
            16.5,
            16.5,
            0
          ],
          "ix": 1
        },
        "s": {
          "a": 0,
          "k": [
            100,
            100,
            100
          ],
          "ix": 6
        },
        "sk": {
          "a": 0,
          "k": 0
        },
        "p": {
          "a": 1,
          "k": [
            {
              "o": {
                "x": 0.849,
                "y": 0
              },
              "i": {
                "x": 0.226,
                "y": 1
              },
              "s": [
                40.5,
                124.5,
                0
              ],
              "t": 119.999,
              "ti": [
                0,
                0,
                0
              ],
              "to": [
                14.167,
                0,
                0
              ]
            },
            {
              "o": {
                "x": 0.824,
                "y": 0
              },
              "i": {
                "x": 0.246,
                "y": 1
              },
              "s": [
                125.5,
                124.5,
                0
              ],
              "t": 139.999,
              "ti": [
                14.167,
                0,
                0
              ],
              "to": [
                0,
                0,
                0
              ]
            },
            {
              "s": [
                40.5,
                124.5,
                0
              ],
              "t": 159.999025935102
            }
          ],
          "ix": 2
        },
        "r": {
          "a": 0,
          "k": 0,
          "ix": 10
        },
        "sa": {
          "a": 0,
          "k": 0
        },
        "o": {
          "a": 0,
          "k": 100,
          "ix": 11
        }
      },
      "ef": [],
      "shapes": [
        {
          "ty": "gr",
          "bm": 0,
          "hd": false,
          "mn": "ADBE Vector Group",
          "nm": "Group 1",
          "ix": 1,
          "cix": 2,
          "np": 2,
          "it": [
            {
              "ty": "sh",
              "bm": 0,
              "hd": false,
              "mn": "ADBE Vector Shape - Group",
              "nm": "Path 1",
              "ix": 1,
              "d": 1,
              "ks": {
                "a": 0,
                "k": {
                  "c": true,
                  "i": [
                    [
                      8.55,
                      0
                    ],
                    [
                      0,
                      8.549
                    ],
                    [
                      -8.55,
                      0
                    ],
                    [
                      0,
                      -8.55
                    ]
                  ],
                  "o": [
                    [
                      -8.55,
                      0
                    ],
                    [
                      0,
                      -8.55
                    ],
                    [
                      8.55,
                      0
                    ],
                    [
                      0,
                      8.549
                    ]
                  ],
                  "v": [
                    [
                      0,
                      15.481
                    ],
                    [
                      -15.481,
                      0
                    ],
                    [
                      0,
                      -15.481
                    ],
                    [
                      15.481,
                      0
                    ]
                  ]
                },
                "ix": 2
              }
            },
            {
              "ty": "fl",
              "bm": 0,
              "hd": false,
              "mn": "ADBE Vector Graphic - Fill",
              "nm": "Fill 1",
              "c": {
                "a": 0,
                "k": [
                  0.4157,
                  0.1882,
                  0.5765
                ],
                "ix": 4
              },
              "r": 1,
              "o": {
                "a": 0,
                "k": 100,
                "ix": 5
              }
            },
            {
              "ty": "tr",
              "a": {
                "a": 0,
                "k": [
                  0,
                  0
                ],
                "ix": 1
              },
              "s": {
                "a": 0,
                "k": [
                  100,
                  100
                ],
                "ix": 3
              },
              "sk": {
                "a": 0,
                "k": 0,
                "ix": 4
              },
              "p": {
                "a": 0,
                "k": [
                  16.399,
                  16.5
                ],
                "ix": 2
              },
              "r": {
                "a": 0,
                "k": 0,
                "ix": 6
              },
              "sa": {
                "a": 0,
                "k": 0,
                "ix": 5
              },
              "o": {
                "a": 0,
                "k": 100,
                "ix": 7
              }
            }
          ]
        }
      ],
      "ind": 2
    },
    {
      "ty": 4,
      "nm": "Layer 6 Outlines",
      "sr": 1,
      "st": 0,
      "op": 3518.97857666016,
      "ip": 0,
      "hd": false,
      "ddd": 0,
      "bm": 0,
      "hasMask": false,
      "ao": 0,
      "ks": {
        "a": {
          "a": 0,
          "k": [
            18,
            18,
            0
          ],
          "ix": 1
        },
        "s": {
          "a": 0,
          "k": [
            100,
            100,
            100
          ],
          "ix": 6
        },
        "sk": {
          "a": 0,
          "k": 0
        },
        "p": {
          "a": 1,
          "k": [
            {
              "o": {
                "x": 0.874,
                "y": 0
              },
              "i": {
                "x": 0.251,
                "y": 1
              },
              "s": [
                65,
                184,
                0
              ],
              "t": 99.999,
              "ti": [
                0,
                0,
                0
              ],
              "to": [
                10,
                -9.833,
                0
              ]
            },
            {
              "o": {
                "x": 0.805,
                "y": 0
              },
              "i": {
                "x": 0.249,
                "y": 1
              },
              "s": [
                125,
                125,
                0
              ],
              "t": 119.999,
              "ti": [
                10,
                -9.833,
                0
              ],
              "to": [
                0,
                0,
                0
              ]
            },
            {
              "s": [
                65,
                184,
                0
              ],
              "t": 139.999147693215
            }
          ],
          "ix": 2
        },
        "r": {
          "a": 0,
          "k": 0,
          "ix": 10
        },
        "sa": {
          "a": 0,
          "k": 0
        },
        "o": {
          "a": 0,
          "k": 100,
          "ix": 11
        }
      },
      "ef": [],
      "shapes": [
        {
          "ty": "gr",
          "bm": 0,
          "hd": false,
          "mn": "ADBE Vector Group",
          "nm": "Group 1",
          "ix": 1,
          "cix": 2,
          "np": 2,
          "it": [
            {
              "ty": "sh",
              "bm": 0,
              "hd": false,
              "mn": "ADBE Vector Shape - Group",
              "nm": "Path 1",
              "ix": 1,
              "d": 1,
              "ks": {
                "a": 0,
                "k": {
                  "c": true,
                  "i": [
                    [
                      6.045,
                      -6.046
                    ],
                    [
                      6.046,
                      6.046
                    ],
                    [
                      -6.045,
                      6.046
                    ],
                    [
                      -6.046,
                      -6.045
                    ]
                  ],
                  "o": [
                    [
                      -6.046,
                      6.046
                    ],
                    [
                      -6.045,
                      -6.046
                    ],
                    [
                      6.046,
                      -6.045
                    ],
                    [
                      6.045,
                      6.046
                    ]
                  ],
                  "v": [
                    [
                      10.947,
                      10.946
                    ],
                    [
                      -10.947,
                      10.946
                    ],
                    [
                      -10.947,
                      -10.947
                    ],
                    [
                      10.947,
                      -10.947
                    ]
                  ]
                },
                "ix": 2
              }
            },
            {
              "ty": "fl",
              "bm": 0,
              "hd": false,
              "mn": "ADBE Vector Graphic - Fill",
              "nm": "Fill 1",
              "c": {
                "a": 0,
                "k": [
                  1,
                  1,
                  1
                ],
                "ix": 4
              },
              "r": 1,
              "o": {
                "a": 0,
                "k": 100,
                "ix": 5
              }
            },
            {
              "ty": "tr",
              "a": {
                "a": 0,
                "k": [
                  0,
                  0
                ],
                "ix": 1
              },
              "s": {
                "a": 0,
                "k": [
                  100,
                  100
                ],
                "ix": 3
              },
              "sk": {
                "a": 0,
                "k": 0,
                "ix": 4
              },
              "p": {
                "a": 0,
                "k": [
                  18.032,
                  17.969
                ],
                "ix": 2
              },
              "r": {
                "a": 0,
                "k": 0,
                "ix": 6
              },
              "sa": {
                "a": 0,
                "k": 0,
                "ix": 5
              },
              "o": {
                "a": 0,
                "k": 100,
                "ix": 7
              }
            }
          ]
        }
      ],
      "ind": 3
    },
    {
      "ty": 4,
      "nm": "Layer 5 Outlines",
      "sr": 1,
      "st": 0,
      "op": 3518.97857666016,
      "ip": 0,
      "hd": false,
      "ddd": 0,
      "bm": 0,
      "hasMask": false,
      "ao": 0,
      "ks": {
        "a": {
          "a": 0,
          "k": [
            16.5,
            16.5,
            0
          ],
          "ix": 1
        },
        "s": {
          "a": 0,
          "k": [
            100,
            100,
            100
          ],
          "ix": 6
        },
        "sk": {
          "a": 0,
          "k": 0
        },
        "p": {
          "a": 1,
          "k": [
            {
              "o": {
                "x": 0.81,
                "y": 0
              },
              "i": {
                "x": 0.187,
                "y": 1
              },
              "s": [
                124.5,
                208.5,
                0
              ],
              "t": 80,
              "ti": [
                0,
                0,
                0
              ],
              "to": [
                0,
                -13.917,
                0
              ]
            },
            {
              "o": {
                "x": 0.83,
                "y": 0
              },
              "i": {
                "x": 0.518,
                "y": 1
              },
              "s": [
                124.5,
                125,
                0
              ],
              "t": 99.999,
              "ti": [
                0,
                -13.917,
                0
              ],
              "to": [
                0,
                0,
                0
              ]
            },
            {
              "s": [
                124.5,
                208.5,
                0
              ],
              "t": 119.999269451327
            }
          ],
          "ix": 2
        },
        "r": {
          "a": 0,
          "k": 0,
          "ix": 10
        },
        "sa": {
          "a": 0,
          "k": 0
        },
        "o": {
          "a": 0,
          "k": 100,
          "ix": 11
        }
      },
      "ef": [],
      "shapes": [
        {
          "ty": "gr",
          "bm": 0,
          "hd": false,
          "mn": "ADBE Vector Group",
          "nm": "Group 1",
          "ix": 1,
          "cix": 2,
          "np": 2,
          "it": [
            {
              "ty": "sh",
              "bm": 0,
              "hd": false,
              "mn": "ADBE Vector Shape - Group",
              "nm": "Path 1",
              "ix": 1,
              "d": 1,
              "ks": {
                "a": 0,
                "k": {
                  "c": true,
                  "i": [
                    [
                      0,
                      -8.55
                    ],
                    [
                      8.549,
                      0
                    ],
                    [
                      0,
                      8.55
                    ],
                    [
                      -8.55,
                      0
                    ]
                  ],
                  "o": [
                    [
                      0,
                      8.55
                    ],
                    [
                      -8.55,
                      0
                    ],
                    [
                      0,
                      -8.55
                    ],
                    [
                      8.549,
                      0
                    ]
                  ],
                  "v": [
                    [
                      15.481,
                      0
                    ],
                    [
                      0,
                      15.481
                    ],
                    [
                      -15.481,
                      0
                    ],
                    [
                      0,
                      -15.481
                    ]
                  ]
                },
                "ix": 2
              }
            },
            {
              "ty": "fl",
              "bm": 0,
              "hd": false,
              "mn": "ADBE Vector Graphic - Fill",
              "nm": "Fill 1",
              "c": {
                "a": 0,
                "k": [
                  0.4157,
                  0.1882,
                  0.5765
                ],
                "ix": 4
              },
              "r": 1,
              "o": {
                "a": 0,
                "k": 100,
                "ix": 5
              }
            },
            {
              "ty": "tr",
              "a": {
                "a": 0,
                "k": [
                  0,
                  0
                ],
                "ix": 1
              },
              "s": {
                "a": 0,
                "k": [
                  100,
                  100
                ],
                "ix": 3
              },
              "sk": {
                "a": 0,
                "k": 0,
                "ix": 4
              },
              "p": {
                "a": 0,
                "k": [
                  16.5,
                  16.601
                ],
                "ix": 2
              },
              "r": {
                "a": 0,
                "k": 0,
                "ix": 6
              },
              "sa": {
                "a": 0,
                "k": 0,
                "ix": 5
              },
              "o": {
                "a": 0,
                "k": 100,
                "ix": 7
              }
            }
          ]
        }
      ],
      "ind": 4
    },
    {
      "ty": 4,
      "nm": "Layer 4 Outlines",
      "sr": 1,
      "st": 0,
      "op": 3518.97857666016,
      "ip": 0,
      "hd": false,
      "ddd": 0,
      "bm": 0,
      "hasMask": false,
      "ao": 0,
      "ks": {
        "a": {
          "a": 0,
          "k": [
            18,
            18,
            0
          ],
          "ix": 1
        },
        "s": {
          "a": 0,
          "k": [
            100,
            100,
            100
          ],
          "ix": 6
        },
        "sk": {
          "a": 0,
          "k": 0
        },
        "p": {
          "a": 1,
          "k": [
            {
              "o": {
                "x": 0.68,
                "y": 0
              },
              "i": {
                "x": 0.368,
                "y": 1
              },
              "s": [
                184,
                184,
                0
              ],
              "t": 60,
              "ti": [
                0,
                0,
                0
              ],
              "to": [
                -9.833,
                -9.833,
                0
              ]
            },
            {
              "o": {
                "x": 0.68,
                "y": 0
              },
              "i": {
                "x": 0.387,
                "y": 1
              },
              "s": [
                125,
                125,
                0
              ],
              "t": 80,
              "ti": [
                -9.833,
                -9.833,
                0
              ],
              "to": [
                0,
                0,
                0
              ]
            },
            {
              "s": [
                184,
                184,
                0
              ],
              "t": 99.9993912094389
            }
          ],
          "ix": 2
        },
        "r": {
          "a": 0,
          "k": 0,
          "ix": 10
        },
        "sa": {
          "a": 0,
          "k": 0
        },
        "o": {
          "a": 0,
          "k": 100,
          "ix": 11
        }
      },
      "ef": [],
      "shapes": [
        {
          "ty": "gr",
          "bm": 0,
          "hd": false,
          "mn": "ADBE Vector Group",
          "nm": "Group 1",
          "ix": 1,
          "cix": 2,
          "np": 2,
          "it": [
            {
              "ty": "sh",
              "bm": 0,
              "hd": false,
              "mn": "ADBE Vector Shape - Group",
              "nm": "Path 1",
              "ix": 1,
              "d": 1,
              "ks": {
                "a": 0,
                "k": {
                  "c": true,
                  "i": [
                    [
                      6.046,
                      6.046
                    ],
                    [
                      -6.046,
                      6.046
                    ],
                    [
                      -6.046,
                      -6.045
                    ],
                    [
                      6.045,
                      -6.046
                    ]
                  ],
                  "o": [
                    [
                      -6.046,
                      -6.046
                    ],
                    [
                      6.046,
                      -6.045
                    ],
                    [
                      6.045,
                      6.046
                    ],
                    [
                      -6.046,
                      6.046
                    ]
                  ],
                  "v": [
                    [
                      -10.946,
                      10.946
                    ],
                    [
                      -10.946,
                      -10.947
                    ],
                    [
                      10.947,
                      -10.947
                    ],
                    [
                      10.947,
                      10.946
                    ]
                  ]
                },
                "ix": 2
              }
            },
            {
              "ty": "fl",
              "bm": 0,
              "hd": false,
              "mn": "ADBE Vector Graphic - Fill",
              "nm": "Fill 1",
              "c": {
                "a": 0,
                "k": [
                  1,
                  0.9882,
                  0.9882
                ],
                "ix": 4
              },
              "r": 1,
              "o": {
                "a": 0,
                "k": 100,
                "ix": 5
              }
            },
            {
              "ty": "tr",
              "a": {
                "a": 0,
                "k": [
                  0,
                  0
                ],
                "ix": 1
              },
              "s": {
                "a": 0,
                "k": [
                  100,
                  100
                ],
                "ix": 3
              },
              "sk": {
                "a": 0,
                "k": 0,
                "ix": 4
              },
              "p": {
                "a": 0,
                "k": [
                  17.968,
                  17.969
                ],
                "ix": 2
              },
              "r": {
                "a": 0,
                "k": 0,
                "ix": 6
              },
              "sa": {
                "a": 0,
                "k": 0,
                "ix": 5
              },
              "o": {
                "a": 0,
                "k": 100,
                "ix": 7
              }
            }
          ]
        }
      ],
      "ind": 5
    },
    {
      "ty": 4,
      "nm": "Layer 3 Outlines",
      "sr": 1,
      "st": 0,
      "op": 3518.97857666016,
      "ip": 0,
      "hd": false,
      "ddd": 0,
      "bm": 0,
      "hasMask": false,
      "ao": 0,
      "ks": {
        "a": {
          "a": 0,
          "k": [
            16.5,
            16.5,
            0
          ],
          "ix": 1
        },
        "s": {
          "a": 0,
          "k": [
            100,
            100,
            100
          ],
          "ix": 6
        },
        "sk": {
          "a": 0,
          "k": 0
        },
        "p": {
          "a": 1,
          "k": [
            {
              "o": {
                "x": 0.727,
                "y": 0
              },
              "i": {
                "x": 0.37,
                "y": 1
              },
              "s": [
                208.5,
                124.5,
                0
              ],
              "t": 40,
              "ti": [
                0,
                0,
                0
              ],
              "to": [
                -13.917,
                0,
                0
              ]
            },
            {
              "o": {
                "x": 0.658,
                "y": 0
              },
              "i": {
                "x": 0.323,
                "y": 1
              },
              "s": [
                125,
                124.5,
                0
              ],
              "t": 60,
              "ti": [
                -13.917,
                0,
                0
              ],
              "to": [
                0,
                0,
                0
              ]
            },
            {
              "s": [
                208.5,
                124.5,
                0
              ],
              "t": 79.9995129675512
            }
          ],
          "ix": 2
        },
        "r": {
          "a": 0,
          "k": 0,
          "ix": 10
        },
        "sa": {
          "a": 0,
          "k": 0
        },
        "o": {
          "a": 0,
          "k": 100,
          "ix": 11
        }
      },
      "ef": [],
      "shapes": [
        {
          "ty": "gr",
          "bm": 0,
          "hd": false,
          "mn": "ADBE Vector Group",
          "nm": "Group 1",
          "ix": 1,
          "cix": 2,
          "np": 2,
          "it": [
            {
              "ty": "sh",
              "bm": 0,
              "hd": false,
              "mn": "ADBE Vector Shape - Group",
              "nm": "Path 1",
              "ix": 1,
              "d": 1,
              "ks": {
                "a": 0,
                "k": {
                  "c": true,
                  "i": [
                    [
                      8.55,
                      0
                    ],
                    [
                      0,
                      8.549
                    ],
                    [
                      -8.55,
                      0
                    ],
                    [
                      0,
                      -8.55
                    ]
                  ],
                  "o": [
                    [
                      -8.55,
                      0
                    ],
                    [
                      0,
                      -8.55
                    ],
                    [
                      8.55,
                      0
                    ],
                    [
                      0,
                      8.549
                    ]
                  ],
                  "v": [
                    [
                      0,
                      15.481
                    ],
                    [
                      -15.481,
                      0
                    ],
                    [
                      0,
                      -15.481
                    ],
                    [
                      15.481,
                      0
                    ]
                  ]
                },
                "ix": 2
              }
            },
            {
              "ty": "fl",
              "bm": 0,
              "hd": false,
              "mn": "ADBE Vector Graphic - Fill",
              "nm": "Fill 1",
              "c": {
                "a": 0,
                "k": [
                  0.4157,
                  0.1882,
                  0.5765
                ],
                "ix": 4
              },
              "r": 1,
              "o": {
                "a": 0,
                "k": 100,
                "ix": 5
              }
            },
            {
              "ty": "tr",
              "a": {
                "a": 0,
                "k": [
                  0,
                  0
                ],
                "ix": 1
              },
              "s": {
                "a": 0,
                "k": [
                  100,
                  100
                ],
                "ix": 3
              },
              "sk": {
                "a": 0,
                "k": 0,
                "ix": 4
              },
              "p": {
                "a": 0,
                "k": [
                  16.6,
                  16.5
                ],
                "ix": 2
              },
              "r": {
                "a": 0,
                "k": 0,
                "ix": 6
              },
              "sa": {
                "a": 0,
                "k": 0,
                "ix": 5
              },
              "o": {
                "a": 0,
                "k": 100,
                "ix": 7
              }
            }
          ]
        }
      ],
      "ind": 6
    },
    {
      "ty": 4,
      "nm": "Layer 2 Outlines",
      "sr": 1,
      "st": 0,
      "op": 3518.97857666016,
      "ip": 0,
      "hd": false,
      "ddd": 0,
      "bm": 0,
      "hasMask": false,
      "ao": 0,
      "ks": {
        "a": {
          "a": 0,
          "k": [
            18,
            18,
            0
          ],
          "ix": 1
        },
        "s": {
          "a": 0,
          "k": [
            100,
            100,
            100
          ],
          "ix": 6
        },
        "sk": {
          "a": 0,
          "k": 0
        },
        "p": {
          "a": 1,
          "k": [
            {
              "o": {
                "x": 0.73,
                "y": 0
              },
              "i": {
                "x": 0.218,
                "y": 1
              },
              "s": [
                184,
                65,
                0
              ],
              "t": 20,
              "ti": [
                0,
                0,
                0
              ],
              "to": [
                -9.917,
                10,
                0
              ]
            },
            {
              "o": {
                "x": 0.793,
                "y": 0
              },
              "i": {
                "x": 0.37,
                "y": 1
              },
              "s": [
                124.5,
                125,
                0
              ],
              "t": 40,
              "ti": [
                -9.917,
                10,
                0
              ],
              "to": [
                0,
                0,
                0
              ]
            },
            {
              "s": [
                184,
                65,
                0
              ],
              "t": 59.9996347256634
            }
          ],
          "ix": 2
        },
        "r": {
          "a": 0,
          "k": 0,
          "ix": 10
        },
        "sa": {
          "a": 0,
          "k": 0
        },
        "o": {
          "a": 0,
          "k": 100,
          "ix": 11
        }
      },
      "ef": [],
      "shapes": [
        {
          "ty": "gr",
          "bm": 0,
          "hd": false,
          "mn": "ADBE Vector Group",
          "nm": "Group 1",
          "ix": 1,
          "cix": 2,
          "np": 2,
          "it": [
            {
              "ty": "sh",
              "bm": 0,
              "hd": false,
              "mn": "ADBE Vector Shape - Group",
              "nm": "Path 1",
              "ix": 1,
              "d": 1,
              "ks": {
                "a": 0,
                "k": {
                  "c": true,
                  "i": [
                    [
                      6.046,
                      -6.046
                    ],
                    [
                      6.046,
                      6.045
                    ],
                    [
                      -6.045,
                      6.046
                    ],
                    [
                      -6.046,
                      -6.045
                    ]
                  ],
                  "o": [
                    [
                      -6.046,
                      6.045
                    ],
                    [
                      -6.045,
                      -6.046
                    ],
                    [
                      6.046,
                      -6.045
                    ],
                    [
                      6.046,
                      6.046
                    ]
                  ],
                  "v": [
                    [
                      10.947,
                      10.947
                    ],
                    [
                      -10.947,
                      10.947
                    ],
                    [
                      -10.947,
                      -10.947
                    ],
                    [
                      10.947,
                      -10.947
                    ]
                  ]
                },
                "ix": 2
              }
            },
            {
              "ty": "fl",
              "bm": 0,
              "hd": false,
              "mn": "ADBE Vector Graphic - Fill",
              "nm": "Fill 1",
              "c": {
                "a": 0,
                "k": [
                  1,
                  1,
                  1
                ],
                "ix": 4
              },
              "r": 1,
              "o": {
                "a": 0,
                "k": 100,
                "ix": 5
              }
            },
            {
              "ty": "tr",
              "a": {
                "a": 0,
                "k": [
                  0,
                  0
                ],
                "ix": 1
              },
              "s": {
                "a": 0,
                "k": [
                  100,
                  100
                ],
                "ix": 3
              },
              "sk": {
                "a": 0,
                "k": 0,
                "ix": 4
              },
              "p": {
                "a": 0,
                "k": [
                  17.968,
                  18.032
                ],
                "ix": 2
              },
              "r": {
                "a": 0,
                "k": 0,
                "ix": 6
              },
              "sa": {
                "a": 0,
                "k": 0,
                "ix": 5
              },
              "o": {
                "a": 0,
                "k": 100,
                "ix": 7
              }
            }
          ]
        }
      ],
      "ind": 7
    },
    {
      "ty": 4,
      "nm": "Layer 1 Outlines",
      "sr": 1,
      "st": 0,
      "op": 3518.97857666016,
      "ip": 0,
      "hd": false,
      "ddd": 0,
      "bm": 0,
      "hasMask": false,
      "ao": 0,
      "ks": {
        "a": {
          "a": 0,
          "k": [
            16.5,
            16.5,
            0
          ],
          "ix": 1
        },
        "s": {
          "a": 0,
          "k": [
            100,
            100,
            100
          ],
          "ix": 6
        },
        "sk": {
          "a": 0,
          "k": 0
        },
        "p": {
          "a": 1,
          "k": [
            {
              "o": {
                "x": 0.952,
                "y": 0
              },
              "i": {
                "x": 0.221,
                "y": 1
              },
              "s": [
                124.5,
                40.5,
                0
              ],
              "t": 0,
              "ti": [
                0,
                0,
                0
              ],
              "to": [
                0,
                14.083,
                0
              ]
            },
            {
              "o": {
                "x": 0.952,
                "y": 0
              },
              "i": {
                "x": 0.284,
                "y": 1
              },
              "s": [
                124.5,
                125,
                0
              ],
              "t": 20,
              "ti": [
                0,
                14.083,
                0
              ],
              "to": [
                0,
                0,
                0
              ]
            },
            {
              "s": [
                124.5,
                40.5,
                0
              ],
              "t": 39.9997564837756
            }
          ],
          "ix": 2
        },
        "r": {
          "a": 0,
          "k": 0,
          "ix": 10
        },
        "sa": {
          "a": 0,
          "k": 0
        },
        "o": {
          "a": 0,
          "k": 100,
          "ix": 11
        }
      },
      "ef": [],
      "shapes": [
        {
          "ty": "gr",
          "bm": 0,
          "hd": false,
          "mn": "ADBE Vector Group",
          "nm": "Group 1",
          "ix": 1,
          "cix": 2,
          "np": 2,
          "it": [
            {
              "ty": "sh",
              "bm": 0,
              "hd": false,
              "mn": "ADBE Vector Shape - Group",
              "nm": "Path 1",
              "ix": 1,
              "d": 1,
              "ks": {
                "a": 0,
                "k": {
                  "c": true,
                  "i": [
                    [
                      0,
                      -8.55
                    ],
                    [
                      8.549,
                      0
                    ],
                    [
                      0,
                      8.55
                    ],
                    [
                      -8.55,
                      0
                    ]
                  ],
                  "o": [
                    [
                      0,
                      8.55
                    ],
                    [
                      -8.55,
                      0
                    ],
                    [
                      0,
                      -8.55
                    ],
                    [
                      8.549,
                      0
                    ]
                  ],
                  "v": [
                    [
                      15.481,
                      0
                    ],
                    [
                      0,
                      15.481
                    ],
                    [
                      -15.481,
                      0
                    ],
                    [
                      0,
                      -15.481
                    ]
                  ]
                },
                "ix": 2
              }
            },
            {
              "ty": "fl",
              "bm": 0,
              "hd": false,
              "mn": "ADBE Vector Graphic - Fill",
              "nm": "Fill 1",
              "c": {
                "a": 0,
                "k": [
                  0.4157,
                  0.1882,
                  0.5765
                ],
                "ix": 4
              },
              "r": 1,
              "o": {
                "a": 0,
                "k": 100,
                "ix": 5
              }
            },
            {
              "ty": "tr",
              "a": {
                "a": 0,
                "k": [
                  0,
                  0
                ],
                "ix": 1
              },
              "s": {
                "a": 0,
                "k": [
                  100,
                  100
                ],
                "ix": 3
              },
              "sk": {
                "a": 0,
                "k": 0,
                "ix": 4
              },
              "p": {
                "a": 0,
                "k": [
                  16.5,
                  16.4
                ],
                "ix": 2
              },
              "r": {
                "a": 0,
                "k": 0,
                "ix": 6
              },
              "sa": {
                "a": 0,
                "k": 0,
                "ix": 5
              },
              "o": {
                "a": 0,
                "k": 100,
                "ix": 7
              }
            }
          ]
        }
      ],
      "ind": 8
    }
  ],
  "v": "5.5.10",
  "fr": 58.6496429443359,
  "op": 179.99890417699,
  "ip": 0,
  "assets": []
}