{"v":"5.6.8","fr":25,"ip":0,"op":34,"w":1377,"h":126,"nm":"Final","ddd":0,"assets":[],"fonts":{"list":[{"fName":"SegoeUI-Semibold","fFamily":"Segoe UI","fStyle":"Semibold","ascent":74.0234375}]},"layers":[{"ddd":0,"ind":1,"ty":4,"nm":"Shape Layer 6","sr":1,"ks":{"p":{"a":0,"k":[1339,63,0]},"a":{"a":0,"k":[374,-50.5,0]},"s":{"a":0,"k":[131,131,100]}},"ao":0,"shapes":[{"ty":"gr","it":[{"ind":0,"ty":"sh","ks":{"a":0,"k":{"i":[[0,0],[0,0],[0,0]],"o":[[0,0],[0,0],[0,0]],"v":[[358,-82],[390,-50],[358,-19]],"c":false}},"nm":"Path 1","hd":false},{"ty":"st","c":{"a":0,"k":[1,0.501960784314,0.007843137255,1]},"o":{"a":0,"k":100},"w":{"a":0,"k":14},"lc":2,"lj":1,"ml":4,"bm":0,"nm":"Stroke 1","hd":false},{"ty":"tr","p":{"a":0,"k":[0,0]},"a":{"a":0,"k":[0,0]},"s":{"a":0,"k":[100,100]},"r":{"a":0,"k":0},"o":{"a":0,"k":100},"sk":{"a":0,"k":0},"sa":{"a":0,"k":0},"nm":"Transform"}],"nm":"Shape 1","bm":0,"hd":false}],"ip":29,"op":33,"st":16,"bm":0},{"ddd":0,"ind":2,"ty":4,"nm":"Shape Layer 5","sr":1,"ks":{"p":{"a":0,"k":[1292,63,0]},"a":{"a":0,"k":[374,-50.5,0]},"s":{"a":0,"k":[131,131,100]}},"ao":0,"shapes":[{"ty":"gr","it":[{"ind":0,"ty":"sh","ks":{"a":0,"k":{"i":[[0,0],[0,0],[0,0]],"o":[[0,0],[0,0],[0,0]],"v":[[358,-82],[390,-50],[358,-19]],"c":false}},"nm":"Path 1","hd":false},{"ty":"st","c":{"a":0,"k":[1,0.501960784314,0.007843137255,1]},"o":{"a":0,"k":100},"w":{"a":0,"k":14},"lc":2,"lj":1,"ml":4,"bm":0,"nm":"Stroke 1","hd":false},{"ty":"tr","p":{"a":0,"k":[0,0]},"a":{"a":0,"k":[0,0]},"s":{"a":0,"k":[100,100]},"r":{"a":0,"k":0},"o":{"a":0,"k":100},"sk":{"a":0,"k":0},"sa":{"a":0,"k":0},"nm":"Transform"}],"nm":"Shape 1","bm":0,"hd":false}],"ip":25,"op":29,"st":25,"bm":0},{"ddd":0,"ind":3,"ty":4,"nm":"Shape Layer 4","sr":1,"ks":{"p":{"a":0,"k":[1249,63,0]},"a":{"a":0,"k":[374,-50.5,0]},"s":{"a":0,"k":[131,131,100]}},"ao":0,"shapes":[{"ty":"gr","it":[{"ind":0,"ty":"sh","ks":{"a":0,"k":{"i":[[0,0],[0,0],[0,0]],"o":[[0,0],[0,0],[0,0]],"v":[[358,-82],[390,-50],[358,-19]],"c":false}},"nm":"Path 1","hd":false},{"ty":"st","c":{"a":0,"k":[1,0.501960784314,0.007843137255,1]},"o":{"a":0,"k":100},"w":{"a":0,"k":14},"lc":2,"lj":1,"ml":4,"bm":0,"nm":"Stroke 1","hd":false},{"ty":"tr","p":{"a":0,"k":[0,0]},"a":{"a":0,"k":[0,0]},"s":{"a":0,"k":[100,100]},"r":{"a":0,"k":0},"o":{"a":0,"k":100},"sk":{"a":0,"k":0},"sa":{"a":0,"k":0},"nm":"Transform"}],"nm":"Shape 1","bm":0,"hd":false}],"ip":22,"op":25,"st":33,"bm":0},{"ddd":0,"ind":4,"ty":4,"nm":"Shape Layer 3","sr":1,"ks":{"p":{"a":0,"k":[1343,63,0]},"a":{"a":0,"k":[374,-50.5,0]},"s":{"a":0,"k":[111,111,100]}},"ao":0,"shapes":[{"ty":"gr","it":[{"ind":0,"ty":"sh","ks":{"a":0,"k":{"i":[[0,0],[0,0],[0,0]],"o":[[0,0],[0,0],[0,0]],"v":[[358,-82],[390,-50],[358,-19]],"c":false}},"nm":"Path 1","hd":false},{"ty":"st","c":{"a":0,"k":[0.972549019608,0.905882352941,0.109803921569,1]},"o":{"a":0,"k":100},"w":{"a":0,"k":14},"lc":2,"lj":1,"ml":4,"bm":0,"nm":"Stroke 1","hd":false},{"ty":"tr","p":{"a":0,"k":[0,0]},"a":{"a":0,"k":[0,0]},"s":{"a":0,"k":[100,100]},"r":{"a":0,"k":0},"o":{"a":0,"k":100},"sk":{"a":0,"k":0},"sa":{"a":0,"k":0},"nm":"Transform"}],"nm":"Shape 1","bm":0,"hd":false}],"ip":0,"op":75,"st":0,"bm":0},{"ddd":0,"ind":5,"ty":4,"nm":"Shape Layer 2","sr":1,"ks":{"p":{"a":0,"k":[1297,63,0]},"a":{"a":0,"k":[374,-50.5,0]},"s":{"a":0,"k":[111,111,100]}},"ao":0,"shapes":[{"ty":"gr","it":[{"ind":0,"ty":"sh","ks":{"a":0,"k":{"i":[[0,0],[0,0],[0,0]],"o":[[0,0],[0,0],[0,0]],"v":[[358,-82],[390,-50],[358,-19]],"c":false}},"nm":"Path 1","hd":false},{"ty":"st","c":{"a":0,"k":[0.972549019608,0.905882352941,0.109803921569,1]},"o":{"a":0,"k":100},"w":{"a":0,"k":14},"lc":2,"lj":1,"ml":4,"bm":0,"nm":"Stroke 1","hd":false},{"ty":"tr","p":{"a":0,"k":[0,0]},"a":{"a":0,"k":[0,0]},"s":{"a":0,"k":[100,100]},"r":{"a":0,"k":0},"o":{"a":0,"k":100},"sk":{"a":0,"k":0},"sa":{"a":0,"k":0},"nm":"Transform"}],"nm":"Shape 1","bm":0,"hd":false}],"ip":0,"op":75,"st":0,"bm":0},{"ddd":0,"ind":6,"ty":4,"nm":"Shape Layer 1","sr":1,"ks":{"p":{"a":0,"k":[1252,63,0]},"a":{"a":0,"k":[374,-50.5,0]},"s":{"a":0,"k":[111,111,100]}},"ao":0,"shapes":[{"ty":"gr","it":[{"ind":0,"ty":"sh","ks":{"a":0,"k":{"i":[[0,0],[0,0],[0,0]],"o":[[0,0],[0,0],[0,0]],"v":[[358,-82],[390,-50],[358,-19]],"c":false}},"nm":"Path 1","hd":false},{"ty":"st","c":{"a":0,"k":[0.972549019608,0.905882352941,0.109803921569,1]},"o":{"a":0,"k":100},"w":{"a":0,"k":14},"lc":2,"lj":1,"ml":4,"bm":0,"nm":"Stroke 1","hd":false},{"ty":"tr","p":{"a":0,"k":[0,0]},"a":{"a":0,"k":[0,0]},"s":{"a":0,"k":[100,100]},"r":{"a":0,"k":0},"o":{"a":0,"k":100},"sk":{"a":0,"k":0},"sa":{"a":0,"k":0},"nm":"Transform"}],"nm":"Shape 1","bm":0,"hd":false}],"ip":0,"op":75,"st":0,"bm":0},{"ddd":0,"ind":7,"ty":5,"nm":"SWIPE TO UNLOCK 2","sr":1,"ks":{"p":{"a":0,"k":[593.2,65.842,0]},"a":{"a":0,"k":[-4,-25,0]},"s":{"a":0,"k":[141,141,100]}},"ao":0,"hasMask":true,"masksProperties":[{"inv":false,"mode":"a","pt":{"a":1,"k":[{"i":{"x":0.833,"y":1},"o":{"x":0.167,"y":0},"t":0,"s":[{"i":[[0,0],[0,0],[0,0],[0,0]],"o":[[0,0],[0,0],[0,0],[0,0]],"v":[[-441.7,-123],[-499.7,53],[-383.7,77],[-325.7,-111]],"c":true}]},{"t":23,"s":[{"i":[[0,0],[0,0],[0,0],[0,0]],"o":[[0,0],[0,0],[0,0],[0,0]],"v":[[459.6,-88.981],[401.6,87.019],[432.3,91],[490.3,-97]],"c":true}]}]},"o":{"a":0,"k":100},"x":{"a":0,"k":0},"nm":"Mask 1"}],"t":{"d":{"k":[{"s":{"s":76,"f":"SegoeUI-Semibold","t":"WATCH Ad TO UNLOCK","j":2,"tr":20,"lh":91.2,"ls":0,"fc":[1,0.502,0.008]},"t":0}]},"p":{},"m":{"g":1,"a":{"a":0,"k":[0,0]}},"a":[]},"ip":0,"op":53,"st":0,"bm":0},{"ddd":0,"ind":8,"ty":5,"nm":"SWIPE TO UNLOCK ","sr":1,"ks":{"p":{"a":0,"k":[593.2,65.842,0]},"a":{"a":0,"k":[-4,-25,0]},"s":{"a":0,"k":[141,141,100]}},"ao":0,"t":{"d":{"k":[{"s":{"s":76,"f":"SegoeUI-Semibold","t":"WATCH Ad TO UNLOCK","j":2,"tr":20,"lh":91.2,"ls":0,"fc":[0.973,0.906,0.11]},"t":0}]},"p":{},"m":{"g":1,"a":{"a":0,"k":[0,0]}},"a":[]},"ip":0,"op":53,"st":0,"bm":0}],"markers":[],"chars":[{"ch":"W","size":76,"style":"Semibold","w":96.58,"data":{"shapes":[{"ty":"gr","it":[{"ind":0,"ty":"sh","ks":{"a":0,"k":{"i":[[0,0],[0,0],[0.098,-1.627],[0,0],[0.455,1.758],[0,0],[0,0],[0,0],[0.13,-1.66],[0,0],[0.52,2.148],[0,0],[0,0],[0,0],[0,0],[0,0],[-0.163,2.312],[0,0],[-0.554,-2.083],[0,0],[0,0],[0,0]],"o":[[0,0],[-0.652,2.67],[0,0],[-0.228,-2.409],[0,0],[0,0],[0,0],[-0.781,2.832],[0,0],[-0.13,-2.344],[0,0],[0,0],[0,0],[0,0],[0,0],[0.618,-2.18],[0,0],[0.13,2.474],[0,0],[0,0],[0,0],[0,0]],"v":[[83.496,-70.02],[71.045,-18.555],[69.922,-12.109],[69.727,-12.109],[68.701,-18.359],[55.42,-70.02],[43.457,-70.02],[29.102,-18.75],[27.734,-12.012],[27.49,-12.012],[26.514,-18.75],[13.818,-70.02],[1.074,-70.02],[20.654,0],[34.082,0],[47.461,-49.072],[48.633,-55.811],[48.828,-55.811],[49.854,-48.975],[63.184,0],[76.318,0],[95.508,-70.02]],"c":true}},"nm":"W","hd":false}],"nm":"W","bm":0,"hd":false}]},"fFamily":"Segoe UI"},{"ch":"A","size":76,"style":"Semibold","w":67.14,"data":{"shapes":[{"ty":"gr","it":[{"ind":0,"ty":"sh","ks":{"a":0,"k":{"i":[[0,0],[0,0],[0,0],[0,0],[0,0],[0,0],[0,0],[0,0]],"o":[[0,0],[0,0],[0,0],[0,0],[0,0],[0,0],[0,0],[0,0]],"v":[[40.137,-70.02],[27.051,-70.02],[0.83,0],[13.525,0],[19.58,-17.822],[47.119,-17.822],[53.418,0],[66.162,0]],"c":true}},"nm":"A","hd":false},{"ind":1,"ty":"sh","ks":{"a":0,"k":{"i":[[0,0],[0,0],[-0.293,1.855],[0,0],[-0.293,-0.911],[0,0]],"o":[[0,0],[0.358,-1.074],[0,0],[0.325,2.019],[0,0],[0,0]],"v":[[22.607,-27.295],[32.227,-55.225],[33.203,-59.619],[33.398,-59.619],[34.326,-55.225],[44.043,-27.295]],"c":true}},"nm":"A","hd":false}],"nm":"A","bm":0,"hd":false}]},"fFamily":"Segoe UI"},{"ch":"T","size":76,"style":"Semibold","w":57.13,"data":{"shapes":[{"ty":"gr","it":[{"ind":0,"ty":"sh","ks":{"a":0,"k":{"i":[[0,0],[0,0],[0,0],[0,0],[0,0],[0,0],[0,0],[0,0]],"o":[[0,0],[0,0],[0,0],[0,0],[0,0],[0,0],[0,0],[0,0]],"v":[[53.564,-70.02],[1.758,-70.02],[1.758,-60.156],[21.826,-60.156],[21.826,0],[33.447,0],[33.447,-60.156],[53.564,-60.156]],"c":true}},"nm":"T","hd":false}],"nm":"T","bm":0,"hd":false}]},"fFamily":"Segoe UI"},{"ch":"C","size":76,"style":"Semibold","w":59.28,"data":{"shapes":[{"ty":"gr","it":[{"ind":0,"ty":"sh","ks":{"a":0,"k":{"i":[[0,0],[6.608,0],[4.395,4.574],[0,7.715],[-4.704,4.851],[-7.585,0],[-4.72,-2.799],[0,0],[6.77,0],[6.885,-6.901],[0,-11.198],[-6.12,-6.413],[-10.156,0],[-5.273,2.734]],"o":[[-4.851,3.125],[-7.162,0],[-4.395,-4.573],[0,-8.105],[4.704,-4.85],[5.696,0],[0,0],[-4.46,-1.92],[-10.515,0],[-6.885,6.902],[0,10.417],[6.12,6.413],[7.845,0],[0,0]],"v":[[57.471,-13.672],[40.283,-8.984],[22.949,-15.845],[16.357,-34.277],[23.413,-53.711],[41.846,-60.986],[57.471,-56.787],[57.471,-68.311],[40.625,-71.191],[14.526,-60.84],[4.199,-33.691],[13.379,-8.447],[37.793,1.172],[57.471,-2.93]],"c":true}},"nm":"C","hd":false}],"nm":"C","bm":0,"hd":false}]},"fFamily":"Segoe UI"},{"ch":"H","size":76,"style":"Semibold","w":73.54,"data":{"shapes":[{"ty":"gr","it":[{"ind":0,"ty":"sh","ks":{"a":0,"k":{"i":[[0,0],[0,0],[0,0],[0,0],[0,0],[0,0],[0,0],[0,0],[0,0],[0,0],[0,0],[0,0]],"o":[[0,0],[0,0],[0,0],[0,0],[0,0],[0,0],[0,0],[0,0],[0,0],[0,0],[0,0],[0,0]],"v":[[64.893,-70.02],[53.223,-70.02],[53.223,-40.576],[20.264,-40.576],[20.264,-70.02],[8.643,-70.02],[8.643,0],[20.264,0],[20.264,-30.371],[53.223,-30.371],[53.223,0],[64.893,0]],"c":true}},"nm":"H","hd":false}],"nm":"H","bm":0,"hd":false}]},"fFamily":"Segoe UI"},{"ch":" ","size":76,"style":"Semibold","w":27.49,"data":{},"fFamily":"Segoe UI"},{"ch":"d","size":76,"style":"Semibold","w":60.25,"data":{"shapes":[{"ty":"gr","it":[{"ind":0,"ty":"sh","ks":{"a":0,"k":{"i":[[0,0],[0,0],[0,0],[0,0],[6.738,0],[4.085,-4.98],[0,-8.268],[-3.695,-4.475],[-6.152,0],[-3.646,6.445],[0,0],[0,0],[0,0]],"o":[[0,0],[0,0],[0,0],[-3.06,-5.403],[-6.804,0],[-4.086,4.98],[0,7.715],[3.694,4.476],[7.584,0],[0,0],[0,0],[0,0],[0,0]],"v":[[52.832,-74.023],[41.504,-74.023],[41.504,-43.066],[41.309,-43.066],[26.611,-51.172],[10.278,-43.701],[4.15,-23.828],[9.692,-5.542],[24.463,1.172],[41.309,-8.496],[41.504,-8.496],[41.504,0],[52.832,0]],"c":true}},"nm":"d","hd":false},{"ind":1,"ty":"sh","ks":{"a":0,"k":{"i":[[2.409,-2.848],[3.873,0],[2.327,2.946],[0,5.078],[-2.425,3.158],[-4.232,0],[-2.312,-2.473],[0,-3.548],[0,0]],"o":[[-2.409,2.849],[-3.939,0],[-2.328,-2.946],[0,-5.598],[2.425,-3.157],[3.58,0],[2.311,2.474],[0,0],[0,4.33]],"v":[[38.037,-12.085],[28.613,-7.812],[19.214,-12.231],[15.723,-24.268],[19.36,-37.402],[29.346,-42.139],[38.184,-38.428],[41.65,-29.395],[41.65,-22.852]],"c":true}},"nm":"d","hd":false}],"nm":"d","bm":0,"hd":false}]},"fFamily":"Segoe UI"},{"ch":"O","size":76,"style":"Semibold","w":75.59,"data":{"shapes":[{"ty":"gr","it":[{"ind":0,"ty":"sh","ks":{"a":0,"k":{"i":[[-6.152,6.641],[0,11.426],[6.006,6.511],[9.83,0],[6.184,-6.705],[0,-11.263],[-6.071,-6.543],[-10.091,0]],"o":[[6.152,-6.641],[0,-10.514],[-6.006,-6.51],[-10.612,0],[-6.185,6.706],[0,10.482],[6.071,6.543],[10.286,0]],"v":[[62.158,-8.789],[71.387,-35.889],[62.378,-61.426],[38.623,-71.191],[13.428,-61.133],[4.15,-34.18],[13.257,-8.643],[37.5,1.172]],"c":true}},"nm":"O","hd":false},{"ind":1,"ty":"sh","ks":{"a":0,"k":{"i":[[-3.76,-4.557],[0,-8.366],[3.873,-4.524],[6.705,0],[3.906,4.753],[0,7.78],[-4.021,4.785],[-6.413,0]],"o":[[3.76,4.558],[0,8.138],[-3.874,4.525],[-6.316,0],[-3.906,-4.752],[0,-7.812],[4.02,-4.785],[6.608,0]],"v":[[53.589,-54.15],[59.229,-34.766],[53.418,-15.771],[37.549,-8.984],[22.217,-16.113],[16.357,-34.912],[22.388,-53.809],[38.037,-60.986]],"c":true}},"nm":"O","hd":false}],"nm":"O","bm":0,"hd":false}]},"fFamily":"Segoe UI"},{"ch":"U","size":76,"style":"Semibold","w":70.31,"data":{"shapes":[{"ty":"gr","it":[{"ind":0,"ty":"sh","ks":{"a":0,"k":{"i":[[0,0],[0,0],[0,0],[10.286,0],[0,13.737],[0,0],[0,0],[0,0],[-17.839,0],[0,19.662]],"o":[[0,0],[0,0],[0,13.249],[-10.677,0],[0,0],[0,0],[0,0],[0,18.913],[18.62,0],[0,0]],"v":[[62.5,-70.02],[50.879,-70.02],[50.879,-28.857],[35.449,-8.984],[19.434,-29.59],[19.434,-70.02],[7.812,-70.02],[7.812,-27.197],[34.57,1.172],[62.5,-28.32]],"c":true}},"nm":"U","hd":false}],"nm":"U","bm":0,"hd":false}]},"fFamily":"Segoe UI"},{"ch":"N","size":76,"style":"Semibold","w":76.71,"data":{"shapes":[{"ty":"gr","it":[{"ind":0,"ty":"sh","ks":{"a":0,"k":{"i":[[0,0],[0,0],[0,0],[-0.326,-1.855],[0,0],[1.367,2.084],[0,0],[0,0],[0,0],[0,0],[0,0],[0.26,1.498],[0,0],[-0.847,-1.302],[0,0],[0,0]],"o":[[0,0],[0,0],[0,4.427],[0,0],[-0.391,-0.781],[0,0],[0,0],[0,0],[0,0],[0,0],[0,-4.915],[0,0],[0.553,1.4],[0,0],[0,0],[0,0]],"v":[[68.018,-70.02],[56.836,-70.02],[56.836,-24.902],[57.324,-15.479],[57.129,-15.479],[54.492,-19.775],[22.168,-70.02],[8.643,-70.02],[8.643,0],[19.873,0],[19.873,-45.898],[19.482,-55.518],[19.775,-55.518],[21.875,-51.465],[55.322,0],[68.018,0]],"c":true}},"nm":"N","hd":false}],"nm":"N","bm":0,"hd":false}]},"fFamily":"Segoe UI"},{"ch":"L","size":76,"style":"Semibold","w":48.88,"data":{"shapes":[{"ty":"gr","it":[{"ind":0,"ty":"sh","ks":{"a":0,"k":{"i":[[0,0],[0,0],[0,0],[0,0],[0,0],[0,0]],"o":[[0,0],[0,0],[0,0],[0,0],[0,0],[0,0]],"v":[[47.412,-9.814],[20.264,-9.814],[20.264,-70.02],[8.643,-70.02],[8.643,0],[47.412,0]],"c":true}},"nm":"L","hd":false}],"nm":"L","bm":0,"hd":false}]},"fFamily":"Segoe UI"},{"ch":"K","size":76,"style":"Semibold","w":61.08,"data":{"shapes":[{"ty":"gr","it":[{"ind":0,"ty":"sh","ks":{"a":0,"k":{"i":[[0,0],[0,0],[0,0],[0,0],[0.391,-0.716],[0,0],[0,0],[0,0],[0,0],[0,0],[0,0],[0,0],[-0.912,-1.204],[0,0],[0,0]],"o":[[0,0],[0,0],[0,0],[-0.716,0.879],[0,0],[0,0],[0,0],[0,0],[0,0],[0,0],[0,0],[0.195,0.423],[0,0],[0,0],[0,0]],"v":[[32.031,-36.426],[59.521,-70.02],[45.605,-70.02],[22.119,-39.502],[20.459,-37.109],[20.264,-37.109],[20.264,-70.02],[8.643,-70.02],[8.643,0],[20.264,0],[20.264,-34.473],[20.459,-34.473],[22.119,-32.031],[46.484,0],[61.621,0]],"c":true}},"nm":"K","hd":false}],"nm":"K","bm":0,"hd":false}]},"fFamily":"Segoe UI"}]}