{"v":"5.6.8","fr":60,"ip":0,"op":300,"w":570,"h":105,"nm":"Comp 1","ddd":0,"assets":[],"fonts":{"list":[{"fName":"Calibri-Bold","fFamily":"Calibri","fStyle":"Bold","ascent":68.0923461914062}]},"layers":[{"ddd":0,"ind":1,"ty":4,"nm":"Shape Layer 7","parent":8,"td":1,"sr":1,"ks":{},"ao":0,"shapes":[{"ty":"gr","it":[{"ty":"rc","d":1,"s":{"a":0,"k":[572,104]},"p":{"a":0,"k":[0,0]},"r":{"a":0,"k":273},"nm":"Rectangle Path 1","hd":false},{"ty":"gf","o":{"a":0,"k":100},"r":1,"bm":0,"g":{"p":2,"k":{"a":0,"k":[0,1,1,1,1,0,0,0]}},"s":{"a":0,"k":[-290,0]},"e":{"a":0,"k":[288,0]},"t":1,"nm":"Gradient Fill 1","hd":false},{"ty":"tr","p":{"a":0,"k":[-1,-0.5]},"a":{"a":0,"k":[0,0]},"s":{"a":0,"k":[100,100]},"r":{"a":0,"k":0},"o":{"a":0,"k":100},"sk":{"a":0,"k":0},"sa":{"a":0,"k":0},"nm":"Transform"}],"nm":"Rectangle 1","bm":0,"hd":false}],"ip":0,"op":300,"st":0,"bm":0},{"ddd":0,"ind":2,"ty":4,"nm":"Shape Layer 6","tt":1,"sr":1,"ks":{"o":{"a":0,"k":30},"r":{"a":0,"k":33},"p":{"a":1,"k":[{"i":{"x":0.441,"y":1},"o":{"x":0.318,"y":0},"t":0,"s":[603.946,88,0],"to":[0,0,0],"ti":[0,0,0]},{"i":{"x":0.65,"y":1},"o":{"x":0.555,"y":0},"t":120,"s":[178,57,0],"to":[0,0,0],"ti":[0,0,0]},{"t":299,"s":[480,63,0]}]},"a":{"a":0,"k":[-190,7.5,0]},"s":{"a":1,"k":[{"i":{"x":[0.833,0.833,0.833],"y":[0.833,1,1]},"o":{"x":[0.167,0.167,0.167],"y":[0.167,0,0]},"t":0,"s":[63,100,100]},{"i":{"x":[0.833,0.833,0.833],"y":[0.833,1,1]},"o":{"x":[0.167,0.167,0.167],"y":[0.167,0,0]},"t":120,"s":[106,100,100]},{"t":299,"s":[52,100,100]}]}},"ao":0,"shapes":[{"ty":"gr","it":[{"ty":"rc","d":1,"s":{"a":0,"k":[66,320]},"p":{"a":0,"k":[0,0]},"r":{"a":0,"k":0},"nm":"Rectangle Path 1","hd":false},{"ty":"fl","c":{"a":0,"k":[1,0.991372525692,0.956862747669,1]},"o":{"a":0,"k":100},"r":1,"bm":0,"nm":"Fill 1","hd":false},{"ty":"tr","p":{"a":0,"k":[-190,7.5]},"a":{"a":0,"k":[0,0]},"s":{"a":0,"k":[100,100]},"r":{"a":0,"k":0},"o":{"a":0,"k":100},"sk":{"a":0,"k":0},"sa":{"a":0,"k":0},"nm":"Transform"}],"nm":"Rectangle 1","bm":0,"hd":false}],"ip":0,"op":300,"st":0,"bm":0},{"ddd":0,"ind":3,"ty":4,"nm":"Shape Layer 4","parent":8,"td":1,"sr":1,"ks":{},"ao":0,"shapes":[{"ty":"gr","it":[{"ty":"rc","d":1,"s":{"a":0,"k":[572,104]},"p":{"a":0,"k":[0,0]},"r":{"a":0,"k":273},"nm":"Rectangle Path 1","hd":false},{"ty":"gf","o":{"a":0,"k":100},"r":1,"bm":0,"g":{"p":2,"k":{"a":0,"k":[0,1,1,1,1,0,0,0]}},"s":{"a":0,"k":[-290,0]},"e":{"a":0,"k":[288,0]},"t":1,"nm":"Gradient Fill 1","hd":false},{"ty":"tr","p":{"a":0,"k":[-1,-0.5]},"a":{"a":0,"k":[0,0]},"s":{"a":0,"k":[100,100]},"r":{"a":0,"k":0},"o":{"a":0,"k":100},"sk":{"a":0,"k":0},"sa":{"a":0,"k":0},"nm":"Transform"}],"nm":"Rectangle 1","bm":0,"hd":false}],"ip":0,"op":300,"st":0,"bm":0},{"ddd":0,"ind":4,"ty":4,"nm":"Shape Layer 5","tt":1,"sr":1,"ks":{"o":{"a":0,"k":30},"r":{"a":0,"k":33},"p":{"a":1,"k":[{"i":{"x":0.441,"y":1},"o":{"x":0.333,"y":0},"t":0,"s":[-63,16,0],"to":[0,0,0],"ti":[0,0,0]},{"i":{"x":0.667,"y":1},"o":{"x":0.557,"y":0},"t":120,"s":[287,56,0],"to":[0,0,0],"ti":[0,0,0]},{"t":299,"s":[109,56,0]}]},"a":{"a":0,"k":[-190,7.5,0]},"s":{"a":1,"k":[{"i":{"x":[0.833,0.833,0.833],"y":[0.833,1,1]},"o":{"x":[0.167,0.167,0.167],"y":[0.167,0,0]},"t":0,"s":[100,100,100]},{"i":{"x":[0.833,0.833,0.833],"y":[0.833,1,1]},"o":{"x":[0.167,0.167,0.167],"y":[0.167,0,0]},"t":120,"s":[42,100,100]},{"t":299,"s":[100,100,100]}]}},"ao":0,"shapes":[{"ty":"gr","it":[{"ty":"rc","d":1,"s":{"a":0,"k":[66,320]},"p":{"a":0,"k":[0,0]},"r":{"a":0,"k":0},"nm":"Rectangle Path 1","hd":false},{"ty":"fl","c":{"a":0,"k":[1,0.969965398312,0.878431379795,1]},"o":{"a":0,"k":100},"r":1,"bm":0,"nm":"Fill 1","hd":false},{"ty":"tr","p":{"a":0,"k":[-190,7.5]},"a":{"a":0,"k":[0,0]},"s":{"a":0,"k":[100,100]},"r":{"a":0,"k":0},"o":{"a":0,"k":100},"sk":{"a":0,"k":0},"sa":{"a":0,"k":0},"nm":"Transform"}],"nm":"Rectangle 1","bm":0,"hd":false}],"ip":0,"op":300,"st":0,"bm":0},{"ddd":0,"ind":5,"ty":4,"nm":"Shape Layer 3","sr":1,"ks":{"p":{"a":0,"k":[235.117,86.5,0]},"a":{"a":0,"k":[-148.383,29.5,0]}},"ao":0,"shapes":[{"ty":"gr","it":[{"ind":0,"ty":"sh","ks":{"a":0,"k":{"i":[[0,0],[0,0]],"o":[[0,0],[0,0]],"v":[[-217.5,29.5],[-136.5,29.5]],"c":false}},"nm":"Path 1","hd":false},{"ty":"st","c":{"a":0,"k":[1,1,1,1]},"o":{"a":0,"k":100},"w":{"a":0,"k":4},"lc":2,"lj":1,"ml":4,"bm":0,"nm":"Stroke 1","hd":false},{"ty":"tr","p":{"a":0,"k":[0,0]},"a":{"a":0,"k":[0,0]},"s":{"a":0,"k":[100,100]},"r":{"a":0,"k":0},"o":{"a":0,"k":100},"sk":{"a":0,"k":0},"sa":{"a":0,"k":0},"nm":"Transform"}],"nm":"Shape 1","bm":0,"hd":false},{"ty":"tm","s":{"a":1,"k":[{"i":{"x":[0.667],"y":[1]},"o":{"x":[0.333],"y":[0]},"t":81,"s":[0]},{"t":95,"s":[100]}]},"e":{"a":1,"k":[{"i":{"x":[0.667],"y":[1]},"o":{"x":[0.333],"y":[0]},"t":66,"s":[0]},{"t":81,"s":[100]}]},"o":{"a":0,"k":0},"m":1,"nm":"Trim Paths 1","hd":false}],"ip":119,"op":119,"st":6,"bm":0,"hidden":6},{"ddd":0,"ind":6,"ty":5,"nm":"Continue","sr":1,"ks":{"p":{"a":0,"k":[285.017,74.034,0]}},"ao":0,"hasMask":true,"masksProperties":[{"inv":false,"mode":"a","pt":{"a":1,"k":[{"i":{"x":0.667,"y":1},"o":{"x":0.333,"y":0},"t":66,"s":[{"i":[[0,0],[0,0],[0,0],[0,0]],"o":[[0,0],[0,0],[0,0],[0,0]],"v":[[-130.767,-59.284],[-138.017,-58.534],[-138.017,10.966],[-130.767,10.216]],"c":true}]},{"t":89,"s":[{"i":[[0,0],[0,0],[0,0],[0,0]],"o":[[0,0],[0,0],[0,0],[0,0]],"v":[[127.983,-57.034],[-138.017,-58.534],[-138.017,10.966],[127.983,12.466]],"c":true}]}]},"o":{"a":0,"k":100},"x":{"a":0,"k":0},"nm":"Mask 1"}],"t":{"d":{"k":[{"s":{"s":70,"f":"Calibri-Bold","t":"","j":2,"tr":0,"lh":84,"ls":0,"fc":[1,1,1]},"t":0}]},"p":{},"m":{"g":1,"a":{"a":0,"k":[0,0]}},"a":[]},"ip":0,"op":300,"st":0,"bm":0},{"ddd":0,"ind":8,"ty":3,"nm":"Shape Layer 2","parent":10,"sr":1,"ks":{},"ao":0,"ip":0,"op":300,"st":0,"bm":0},{"ddd":0,"ind":10,"ty":4,"nm":"Shape Layer 1","sr":1,"ks":{"p":{"a":0,"k":[285,52.5,0]},"s":{"a":0,"k":[98.095,98.095,100]}},"ao":0,"shapes":[{"ty":"gr","it":[{"ty":"rc","d":1,"s":{"a":0,"k":[572,104]},"p":{"a":0,"k":[0,0]},"r":{"a":0,"k":273},"nm":"Rectangle Path 1","hd":false},{"ty":"gf","o":{"a":0,"k":100},"r":1,"bm":0,"g":{"p":3,"k":{"a":0,"k":[0,0.988,0.729,0,0.5,0.994,0.616,0.004,1,1,0.502,0.008]}},"s":{"a":0,"k":[-290,0]},"e":{"a":0,"k":[288,0]},"t":1,"nm":"Gradient Fill 1","hd":false},{"ty":"tr","p":{"a":0,"k":[-1,-0.5]},"a":{"a":0,"k":[0,0]},"s":{"a":0,"k":[100,100]},"r":{"a":0,"k":0},"o":{"a":0,"k":100},"sk":{"a":0,"k":0},"sa":{"a":0,"k":0},"nm":"Transform"}],"nm":"Rectangle 1","bm":0,"hd":false}],"ip":0,"op":300,"st":0,"bm":0}],"markers":[],"chars":[{"ch":"C","size":70,"style":"Bold","w":52.93,"data":{"shapes":[{"ty":"gr","it":[{"ind":0,"ty":"sh","ks":{"a":0,"k":{"i":[[0.065,0.7],[0.13,0.391],[0.195,0.13],[0.325,0],[0.764,-0.52],[1.188,-0.651],[1.66,-0.537],[2.278,0],[2.002,0.863],[1.416,1.758],[0.764,2.718],[0,3.711],[-0.716,2.702],[-1.384,1.904],[-1.97,1.025],[-2.507,0],[-1.644,-0.569],[-1.189,-0.7],[-0.749,-0.569],[-0.488,0],[-0.228,0.195],[-0.163,0.423],[-0.066,0.684],[0,0.977],[0.049,0.619],[0.098,0.456],[0.163,0.293],[0.439,0.439],[1.106,0.619],[1.383,0.472],[1.627,0.293],[1.758,0],[3.596,-1.465],[2.571,-2.832],[1.432,-4.166],[0,-5.371],[-1.302,-3.971],[-2.441,-2.653],[-3.484,-1.334],[-4.33,0],[-1.904,0.358],[-1.482,0.537],[-1.025,0.586],[-0.359,0.375],[-0.163,0.293],[-0.098,0.407],[-0.049,0.57],[0,0.814]],"o":[[-0.066,-0.7],[-0.13,-0.391],[-0.195,-0.13],[-0.423,0],[-0.765,0.521],[-1.189,0.652],[-1.66,0.537],[-2.507,0],[-2.002,-0.862],[-1.416,-1.758],[-0.765,-2.718],[0,-3.385],[0.716,-2.702],[1.383,-1.904],[1.969,-1.025],[2.278,0],[1.643,0.57],[1.188,0.7],[0.748,0.57],[0.293,0],[0.227,-0.195],[0.163,-0.423],[0.065,-0.684],[0,-0.911],[-0.049,-0.618],[-0.098,-0.455],[-0.163,-0.293],[-0.439,-0.439],[-1.107,-0.618],[-1.384,-0.471],[-1.628,-0.293],[-4.33,0],[-3.597,1.465],[-2.572,2.832],[-1.433,4.167],[0,5.273],[1.302,3.972],[2.441,2.654],[3.483,1.334],[2.213,0],[1.904,-0.359],[1.481,-0.537],[1.025,-0.586],[0.358,-0.374],[0.163,-0.293],[0.098,-0.407],[0.049,-0.569],[0,-1.172]],"v":[[50.488,-12.378],[50.195,-14.014],[49.707,-14.795],[48.926,-14.99],[47.144,-14.209],[44.214,-12.451],[39.941,-10.669],[34.033,-9.863],[27.271,-11.157],[22.144,-15.088],[18.872,-21.802],[17.725,-31.445],[18.799,-40.576],[21.948,-47.485],[26.978,-51.88],[33.691,-53.418],[39.575,-52.563],[43.823,-50.659],[46.729,-48.755],[48.584,-47.9],[49.365,-48.193],[49.951,-49.121],[50.293,-50.781],[50.391,-53.271],[50.317,-55.566],[50.098,-57.178],[49.707,-58.301],[48.804,-59.399],[46.484,-60.986],[42.749,-62.622],[38.232,-63.77],[33.154,-64.209],[21.265,-62.012],[12.012,-55.566],[6.006,-45.068],[3.857,-30.762],[5.811,-16.895],[11.426,-6.958],[20.312,-0.977],[32.031,1.025],[38.208,0.488],[43.286,-0.854],[47.046,-2.539],[49.121,-3.979],[49.902,-4.98],[50.293,-6.03],[50.513,-7.495],[50.586,-9.57]],"c":true}},"nm":"C","hd":false}],"nm":"C","bm":0,"hd":false}]},"fFamily":"Calibri"},{"ch":"o","size":70,"style":"Bold","w":53.76,"data":{"shapes":[{"ty":"gr","it":[{"ind":0,"ty":"sh","ks":{"a":0,"k":{"i":[[0.911,2.995],[1.871,2.051],[2.864,1.058],[3.906,0],[2.979,-1.204],[1.985,-2.197],[0.993,-3.076],[0,-3.711],[-0.912,-2.995],[-1.888,-2.051],[-2.865,-1.074],[-3.874,0],[-2.995,1.204],[-1.986,2.214],[-0.977,3.06],[0,3.711]],"o":[[-0.912,-2.995],[-1.872,-2.051],[-2.865,-1.057],[-4.004,0],[-2.979,1.205],[-1.986,2.197],[-0.993,3.076],[0,3.841],[0.911,2.995],[1.888,2.051],[2.864,1.074],[4.004,0],[2.995,-1.204],[1.985,-2.213],[0.977,-3.059],[0,-3.873]],"v":[[48.828,-34.18],[44.653,-41.748],[37.549,-46.411],[27.393,-47.998],[16.919,-46.191],[9.473,-41.089],[5.005,-33.179],[3.516,-22.998],[4.883,-12.744],[9.082,-5.176],[16.211,-0.488],[26.318,1.123],[36.816,-0.684],[44.287,-5.811],[48.73,-13.721],[50.195,-23.877]],"c":true}},"nm":"o","hd":false},{"ind":1,"ty":"sh","ks":{"a":0,"k":{"i":[[0.423,-1.807],[0.879,-1.27],[1.367,-0.667],[1.855,0],[1.367,0.732],[0.797,1.335],[0.358,1.807],[0,2.148],[-0.439,1.807],[-0.879,1.286],[-1.367,0.668],[-1.823,0],[-1.351,-0.748],[-0.814,-1.334],[-0.342,-1.807],[0,-2.148]],"o":[[-0.423,1.807],[-0.879,1.27],[-1.367,0.668],[-2.019,0],[-1.367,-0.732],[-0.798,-1.334],[-0.359,-1.807],[0,-2.311],[0.439,-1.807],[0.879,-1.286],[1.367,-0.667],[2.051,0],[1.35,0.749],[0.813,1.335],[0.342,1.807],[0,2.312]],"v":[[36.914,-17.212],[34.961,-12.598],[31.592,-9.692],[26.758,-8.691],[21.68,-9.79],[18.433,-12.891],[16.699,-17.603],[16.162,-23.535],[16.821,-29.712],[18.799,-34.351],[22.168,-37.28],[26.953,-38.281],[32.056,-37.158],[35.303,-34.033],[37.036,-29.321],[37.549,-23.389]],"c":true}},"nm":"o","hd":false}],"nm":"o","bm":0,"hd":false}]},"fFamily":"Calibri"},{"ch":"n","size":70,"style":"Bold","w":53.66,"data":{"shapes":[{"ty":"gr","it":[{"ind":0,"ty":"sh","ks":{"a":0,"k":{"i":[[0,0],[0.553,2.246],[1.253,1.677],[2.034,0.977],[2.962,0],[2.49,-1.302],[2.409,-2.604],[0,0],[0.163,0.244],[0.374,0.163],[0.684,0.082],[1.041,0],[0.667,-0.081],[0.423,-0.163],[0.163,-0.244],[0,-0.325],[0,0],[-0.195,-0.244],[-0.472,-0.163],[-0.781,-0.082],[-1.205,0],[-0.781,0.081],[-0.472,0.163],[-0.195,0.244],[0,0.326],[0,0],[-1.595,1.14],[-1.562,0],[-0.928,-0.471],[-0.586,-0.862],[-0.31,-1.204],[0,-2.116],[0,0],[-0.195,-0.244],[-0.456,-0.163],[-0.798,-0.082],[-1.205,0],[-0.798,0.081],[-0.456,0.163],[-0.195,0.244],[0,0.326]],"o":[[0,-3.157],[-0.554,-2.246],[-1.254,-1.676],[-2.035,-0.977],[-2.702,0],[-2.49,1.302],[0,0],[0,-0.325],[-0.163,-0.244],[-0.375,-0.163],[-0.684,-0.081],[-1.009,0],[-0.668,0.082],[-0.423,0.163],[-0.163,0.244],[0,0],[0,0.326],[0.195,0.244],[0.471,0.163],[0.781,0.081],[1.204,0],[0.781,-0.082],[0.471,-0.163],[0.195,-0.244],[0,0],[1.725,-2.18],[1.595,-1.139],[1.237,0],[0.928,0.472],[0.586,0.863],[0.309,1.205],[0,0],[0,0.326],[0.195,0.244],[0.455,0.163],[0.797,0.081],[1.172,0],[0.797,-0.082],[0.455,-0.163],[0.195,-0.244],[0,0]],"v":[[47.754,-28.564],[46.924,-36.67],[44.214,-42.554],[39.282,-46.533],[31.787,-47.998],[23.999,-46.045],[16.65,-40.186],[16.65,-45.215],[16.406,-46.069],[15.601,-46.68],[14.014,-47.046],[11.426,-47.168],[8.911,-47.046],[7.275,-46.68],[6.396,-46.069],[6.152,-45.215],[6.152,-1.66],[6.445,-0.806],[7.446,-0.195],[9.326,0.171],[12.305,0.293],[15.283,0.171],[17.163,-0.195],[18.164,-0.806],[18.457,-1.66],[18.457,-30.615],[23.438,-35.596],[28.174,-37.305],[31.421,-36.597],[33.691,-34.595],[35.034,-31.494],[35.498,-26.514],[35.498,-1.66],[35.791,-0.806],[36.768,-0.195],[38.647,0.171],[41.65,0.293],[44.604,0.171],[46.484,-0.195],[47.461,-0.806],[47.754,-1.66]],"c":true}},"nm":"n","hd":false}],"nm":"n","bm":0,"hd":false}]},"fFamily":"Calibri"},{"ch":"t","size":70,"style":"Bold","w":33.5,"data":{"shapes":[{"ty":"gr","it":[{"ind":0,"ty":"sh","ks":{"a":0,"k":{"i":[[0.081,0.586],[0.098,0.342],[0.179,0.114],[0.195,0],[0.276,-0.114],[0.407,-0.146],[0.52,-0.114],[0.651,0],[0.748,1.189],[0,2.377],[0,0],[0,0],[-0.326,0.765],[0,1.791],[0.081,0.652],[0.163,0.375],[0.244,0.163],[0.325,0],[0,0],[0,0],[0.195,0.261],[0.455,0.179],[0.797,0.082],[1.204,0],[0.797,-0.081],[0.471,-0.179],[0.179,-0.26],[0,-0.325],[0,0],[0,0],[0.244,-0.163],[0.163,-0.374],[0.081,-0.651],[0,-0.944],[-0.326,-0.764],[-0.619,0],[0,0],[0,0],[-0.554,-1.953],[-1.172,-1.286],[-1.791,-0.618],[-2.441,0],[-0.896,0.098],[-0.765,0.179],[-0.57,0.244],[-0.293,0.31],[-0.179,0.765],[0,1.433]],"o":[[-0.082,-0.586],[-0.098,-0.342],[-0.179,-0.114],[-0.228,0],[-0.277,0.114],[-0.407,0.146],[-0.521,0.114],[-1.921,0],[-0.749,-1.188],[0,0],[0,0],[0.618,0],[0.325,-0.764],[0,-0.944],[-0.082,-0.651],[-0.163,-0.374],[-0.244,-0.163],[0,0],[0,0],[0,-0.325],[-0.195,-0.26],[-0.456,-0.179],[-0.798,-0.081],[-1.172,0],[-0.798,0.082],[-0.472,0.179],[-0.179,0.261],[0,0],[0,0],[-0.326,0],[-0.244,0.163],[-0.163,0.375],[-0.082,0.652],[0,1.791],[0.325,0.765],[0,0],[0,0],[0,2.67],[0.553,1.953],[1.172,1.286],[1.79,0.618],[0.911,0],[0.895,-0.098],[0.764,-0.179],[0.569,-0.244],[0.293,-0.309],[0.179,-0.764],[0,-0.911]],"v":[[31.812,-8.203],[31.543,-9.595],[31.128,-10.278],[30.566,-10.449],[29.81,-10.278],[28.784,-9.888],[27.393,-9.497],[25.635,-9.326],[21.631,-11.108],[20.508,-16.455],[20.508,-36.914],[30.029,-36.914],[31.445,-38.062],[31.934,-41.895],[31.812,-44.287],[31.445,-45.825],[30.835,-46.631],[29.98,-46.875],[20.508,-46.875],[20.508,-56.592],[20.215,-57.471],[19.238,-58.13],[17.358,-58.521],[14.355,-58.643],[11.401,-58.521],[9.497,-58.13],[8.521,-57.471],[8.252,-56.592],[8.252,-46.875],[3.076,-46.875],[2.222,-46.631],[1.611,-45.825],[1.245,-44.287],[1.123,-41.895],[1.611,-38.062],[3.027,-36.914],[8.252,-36.914],[8.252,-14.6],[9.082,-7.666],[11.67,-2.808],[16.113,0.049],[22.461,0.977],[25.171,0.83],[27.661,0.415],[29.663,-0.22],[30.957,-1.05],[31.665,-2.661],[31.934,-5.957]],"c":true}},"nm":"t","hd":false}],"nm":"t","bm":0,"hd":false}]},"fFamily":"Calibri"},{"ch":"i","size":70,"style":"Bold","w":24.56,"data":{"shapes":[{"ty":"gr","it":[{"ind":0,"ty":"sh","ks":{"a":0,"k":{"i":[[0,0],[0.195,0.244],[0.471,0.179],[0.781,0.098],[1.204,0],[0.781,-0.098],[0.471,-0.179],[0.195,-0.244],[0,-0.325],[0,0],[-0.195,-0.244],[-0.472,-0.163],[-0.781,-0.082],[-1.205,0],[-0.781,0.081],[-0.472,0.163],[-0.195,0.244],[0,0.326]],"o":[[0,-0.325],[-0.195,-0.244],[-0.472,-0.179],[-0.781,-0.098],[-1.205,0],[-0.781,0.098],[-0.472,0.179],[-0.195,0.244],[0,0],[0,0.326],[0.195,0.244],[0.471,0.163],[0.781,0.081],[1.204,0],[0.781,-0.082],[0.471,-0.163],[0.195,-0.244],[0,0]],"v":[[18.457,-45.117],[18.164,-45.972],[17.163,-46.606],[15.283,-47.021],[12.305,-47.168],[9.326,-47.021],[7.446,-46.606],[6.445,-45.972],[6.152,-45.117],[6.152,-1.66],[6.445,-0.806],[7.446,-0.195],[9.326,0.171],[12.305,0.293],[15.283,0.171],[17.163,-0.195],[18.164,-0.806],[18.457,-1.66]],"c":true}},"nm":"i","hd":false},{"ind":1,"ty":"sh","ks":{"a":0,"k":{"i":[[0.977,0.928],[2.734,0],[0.993,-0.96],[0,-2.473],[-0.961,-0.911],[-2.767,0],[-1.009,0.945],[0,2.474]],"o":[[-0.977,-0.928],[-2.767,0],[-0.993,0.961],[0,2.377],[0.96,0.912],[2.734,0],[1.009,-0.944],[0,-2.376]],"v":[[17.92,-64.917],[12.354,-66.309],[6.714,-64.868],[5.225,-59.717],[6.665,-54.785],[12.256,-53.418],[17.871,-54.834],[19.385,-59.961]],"c":true}},"nm":"i","hd":false}],"nm":"i","bm":0,"hd":false}]},"fFamily":"Calibri"},{"ch":"u","size":70,"style":"Bold","w":53.66,"data":{"shapes":[{"ty":"gr","it":[{"ind":0,"ty":"sh","ks":{"a":0,"k":{"i":[[0,0],[0.195,0.244],[0.455,0.163],[0.781,0.082],[1.204,0],[0.781,-0.081],[0.471,-0.163],[0.179,-0.244],[0,-0.325],[0,0],[1.579,-1.139],[1.562,0],[0.928,0.472],[0.602,0.863],[0.293,1.205],[0,2.279],[0,0],[0.195,0.244],[0.471,0.163],[0.781,0.082],[1.204,0],[0.797,-0.081],[0.471,-0.163],[0.179,-0.244],[0,-0.325],[0,0],[-0.537,-2.229],[-1.254,-1.692],[-2.035,-0.977],[-2.995,0],[-2.49,1.302],[-2.409,2.605],[0,0],[-0.163,-0.244],[-0.391,-0.163],[-0.668,-0.082],[-1.074,0],[-0.668,0.081],[-0.407,0.163],[-0.163,0.244],[0,0.326]],"o":[[0,-0.325],[-0.195,-0.244],[-0.456,-0.163],[-0.781,-0.081],[-1.205,0],[-0.781,0.082],[-0.472,0.163],[-0.179,0.244],[0,0],[-1.791,2.181],[-1.579,1.14],[-1.237,0],[-0.928,-0.471],[-0.603,-0.862],[-0.293,-1.204],[0,0],[0,-0.325],[-0.195,-0.244],[-0.472,-0.163],[-0.781,-0.081],[-1.172,0],[-0.798,0.082],[-0.472,0.163],[-0.179,0.244],[0,0],[0,3.32],[0.537,2.23],[1.253,1.693],[2.034,0.977],[2.669,0],[2.49,-1.302],[0,0],[0,0.326],[0.163,0.244],[0.391,0.163],[0.667,0.081],[1.009,0],[0.667,-0.082],[0.407,-0.163],[0.163,-0.244],[0,0]],"v":[[47.461,-45.215],[47.168,-46.069],[46.191,-46.68],[44.336,-47.046],[41.357,-47.168],[38.379,-47.046],[36.499,-46.68],[35.522,-46.069],[35.254,-45.215],[35.254,-16.26],[30.2,-11.279],[25.488,-9.57],[22.241,-10.278],[19.946,-12.28],[18.604,-15.381],[18.164,-20.605],[18.164,-45.215],[17.871,-46.069],[16.87,-46.68],[14.99,-47.046],[12.012,-47.168],[9.058,-47.046],[7.153,-46.68],[6.177,-46.069],[5.908,-45.215],[5.908,-18.555],[6.714,-10.229],[9.399,-4.346],[14.331,-0.342],[21.875,1.123],[29.614,-0.83],[36.963,-6.689],[36.963,-1.66],[37.207,-0.806],[38.037,-0.195],[39.624,0.171],[42.236,0.293],[44.751,0.171],[46.362,-0.195],[47.217,-0.806],[47.461,-1.66]],"c":true}},"nm":"u","hd":false}],"nm":"u","bm":0,"hd":false}]},"fFamily":"Calibri"},{"ch":"e","size":70,"style":"Bold","w":50.34,"data":{"shapes":[{"ty":"gr","it":[{"ind":0,"ty":"sh","ks":{"a":0,"k":{"i":[[0,0],[0.781,2.605],[1.66,1.904],[2.588,1.074],[3.645,0],[2.75,-1.139],[1.92,-2.164],[1.009,-3.108],[0,-3.873],[-0.961,-3.027],[-1.953,-1.985],[-2.914,-0.977],[-3.874,0],[-1.888,0.276],[-1.465,0.374],[-0.945,0.391],[-0.212,0.228],[-0.13,0.244],[-0.066,0.359],[-0.033,0.505],[0,0.716],[0.049,0.537],[0.13,0.293],[0.195,0.114],[0.293,0],[0.781,-0.309],[1.188,-0.374],[1.627,-0.309],[2.148,0],[1.514,0.554],[0.96,1.058],[0.439,1.514],[0,1.855],[0,0],[-0.668,0.716],[0,1.498]],"o":[[0,-3.059],[-0.781,-2.604],[-1.66,-1.904],[-2.588,-1.074],[-3.451,0],[-2.751,1.14],[-1.921,2.165],[-1.009,3.109],[0,4.07],[0.96,3.027],[1.953,1.986],[2.913,0.977],[2.148,0],[1.888,-0.277],[1.465,-0.374],[0.944,-0.391],[0.211,-0.227],[0.13,-0.244],[0.065,-0.358],[0.032,-0.504],[0,-0.813],[-0.049,-0.537],[-0.13,-0.293],[-0.195,-0.114],[-0.488,0],[-0.781,0.31],[-1.189,0.375],[-1.628,0.31],[-2.116,0],[-1.514,-0.553],[-0.961,-1.057],[-0.439,-1.514],[0,0],[1.172,0],[0.667,-0.716],[0,0]],"v":[[46.387,-26.66],[45.215,-35.156],[41.553,-41.919],[35.181,-46.387],[25.83,-47.998],[16.528,-46.289],[9.521,-41.333],[5.127,-33.423],[3.613,-22.949],[5.054,-12.305],[9.424,-4.785],[16.724,-0.342],[26.904,1.123],[32.959,0.708],[37.988,-0.269],[41.602,-1.416],[43.335,-2.344],[43.848,-3.052],[44.141,-3.955],[44.287,-5.249],[44.336,-7.08],[44.263,-9.106],[43.994,-10.352],[43.506,-10.962],[42.773,-11.133],[40.869,-10.669],[37.915,-9.644],[33.691,-8.618],[28.027,-8.154],[22.583,-8.984],[18.872,-11.401],[16.772,-15.259],[16.113,-20.312],[42.627,-20.312],[45.386,-21.387],[46.387,-24.707]],"c":true}},"nm":"e","hd":false},{"ind":1,"ty":"sh","ks":{"a":0,"k":{"i":[[0,0],[-0.407,1.351],[-0.765,0.993],[-1.156,0.586],[-1.562,0],[-1.482,-1.969],[0.098,-3.45]],"o":[[0.065,-1.53],[0.407,-1.35],[0.764,-0.993],[1.155,-0.586],[3.092,0],[1.481,1.97],[0,0]],"v":[[16.113,-28.223],[16.821,-32.544],[18.579,-36.06],[21.46,-38.428],[25.537,-39.307],[32.397,-36.353],[34.473,-28.223]],"c":true}},"nm":"e","hd":false}],"nm":"e","bm":0,"hd":false}]},"fFamily":"Calibri"}]}