{"v":"5.6.8","fr":29.9700012207031,"ip":0,"op":144.00000586524,"w":1616,"h":909,"nm":"crown","ddd":0,"assets":[],"layers":[{"ddd":0,"ind":1,"ty":4,"nm":"Shape Layer 3","parent":10,"sr":1,"ks":{"p":{"a":0,"k":[49.618,124.592,0]}},"ao":0,"shapes":[{"ty":"gr","it":[{"d":1,"ty":"el","s":{"a":0,"k":[61,79]},"p":{"a":0,"k":[0,0]},"nm":"Ellipse Path 1","hd":false},{"ty":"st","c":{"a":0,"k":[0,0,0,1]},"o":{"a":0,"k":100},"w":{"a":0,"k":0},"lc":1,"lj":1,"ml":4,"bm":0,"nm":"Stroke 1","hd":false},{"ty":"fl","c":{"a":0,"k":[0.949019607843,0.925490196078,0.247058823529,1]},"o":{"a":0,"k":100},"r":1,"bm":0,"nm":"Fill 1","hd":false},{"ty":"tr","p":{"a":0,"k":[197.5,-177]},"a":{"a":0,"k":[0,0]},"s":{"a":0,"k":[100,100]},"r":{"a":0,"k":44.232},"o":{"a":0,"k":100},"sk":{"a":0,"k":0},"sa":{"a":0,"k":0},"nm":"Transform"}],"nm":"Ellipse 1","bm":0,"hd":false}],"ip":0,"op":450.000018328876,"st":0,"bm":0},{"ddd":0,"ind":2,"ty":4,"nm":"Shape Layer 2","parent":10,"sr":1,"ks":{"p":{"a":0,"k":[-217.882,117.592,0]},"s":{"a":0,"k":[99.625,85.597,100]}},"ao":0,"shapes":[{"ty":"gr","it":[{"d":1,"ty":"el","s":{"a":0,"k":[68,76]},"p":{"a":0,"k":[0,0]},"nm":"Ellipse Path 1","hd":false},{"ty":"st","c":{"a":0,"k":[0,0,0,1]},"o":{"a":0,"k":100},"w":{"a":0,"k":0},"lc":1,"lj":1,"ml":4,"bm":0,"nm":"Stroke 1","hd":false},{"ty":"fl","c":{"a":0,"k":[0.949019607843,0.925490196078,0.247058823529,1]},"o":{"a":0,"k":100},"r":1,"bm":0,"nm":"Fill 1","hd":false},{"ty":"tr","p":{"a":0,"k":[232.25,-48.5]},"a":{"a":0,"k":[0,0]},"s":{"a":0,"k":[68.65,67.648]},"r":{"a":0,"k":37.713},"o":{"a":0,"k":100},"sk":{"a":0,"k":0},"sa":{"a":0,"k":0},"nm":"Transform"}],"nm":"Ellipse 1","bm":0,"hd":false}],"ip":0,"op":450.000018328876,"st":0,"bm":0},{"ddd":0,"ind":3,"ty":4,"nm":"Shape Layer 1","parent":10,"sr":1,"ks":{"p":{"a":0,"k":[259.618,117.592,0]},"s":{"a":0,"k":[99.625,85.597,100]}},"ao":0,"shapes":[{"ty":"gr","it":[{"d":1,"ty":"el","s":{"a":0,"k":[68,76]},"p":{"a":0,"k":[0,0]},"nm":"Ellipse Path 1","hd":false},{"ty":"st","c":{"a":0,"k":[0,0,0,1]},"o":{"a":0,"k":100},"w":{"a":0,"k":0},"lc":1,"lj":1,"ml":4,"bm":0,"nm":"Stroke 1","hd":false},{"ty":"fl","c":{"a":0,"k":[0.137254901961,1,0.63137254902,1]},"o":{"a":0,"k":100},"r":1,"bm":0,"nm":"Fill 1","hd":false},{"ty":"tr","p":{"a":0,"k":[232.25,-48.5]},"a":{"a":0,"k":[0,0]},"s":{"a":0,"k":[68.65,67.648]},"r":{"a":0,"k":37.713},"o":{"a":0,"k":100},"sk":{"a":0,"k":0},"sa":{"a":0,"k":0},"nm":"Transform"}],"nm":"Ellipse 1","bm":0,"hd":false}],"ip":0,"op":450.000018328876,"st":0,"bm":0},{"ddd":0,"ind":4,"ty":4,"nm":"Layer 22 Outlines","parent":10,"sr":1,"ks":{"p":{"a":0,"k":[257.959,77.455,0]},"a":{"a":0,"k":[106.868,56.151,0]}},"ao":0,"shapes":[{"ty":"gr","it":[{"ind":0,"ty":"sh","ks":{"a":0,"k":{"i":[[0,0],[-5.852,-5.851],[5.85,-5.851],[0,0],[5.852,5.851],[-5.852,5.852]],"o":[[5.85,-5.851],[5.85,5.852],[0,0],[-5.852,5.851],[-5.852,-5.852],[0,0]],"v":[[-88.906,16.998],[-67.715,16.998],[-67.715,38.189],[-79.576,50.05],[-100.766,50.05],[-100.766,28.858]],"c":true}},"nm":"Path 1","hd":false},{"ind":1,"ty":"sh","ks":{"a":0,"k":{"i":[[5.851,5.851],[0,0],[9.871,0],[7.503,-7.503],[0,0],[-5.852,-5.853],[-5.853,5.851],[0,0],[-2.217,0],[-1.649,-1.65],[0,0],[-5.851,5.851]],"o":[[0,0],[-7.503,-7.503],[-9.871,0],[0,0],[-5.852,5.851],[5.852,5.851],[0,0],[1.649,-1.649],[2.218,0],[0,0],[5.85,5.851],[5.851,-5.853]],"v":[[63.054,-8.854],[27.261,-44.647],[-0.001,-55.901],[-27.263,-44.647],[-63.055,-8.854],[-63.055,12.338],[-41.864,12.338],[-6.072,-23.455],[-0.001,-25.93],[6.071,-23.455],[41.864,12.338],[63.054,12.338]],"c":true}},"nm":"Path 2","hd":false},{"ind":2,"ty":"sh","ks":{"a":0,"k":{"i":[[0,0],[5.852,-5.852],[5.853,5.851],[0,0],[-5.852,5.852],[-5.85,-5.851]],"o":[[5.852,5.852],[-5.852,5.851],[0,0],[-5.852,-5.851],[5.852,-5.851],[0,0]],"v":[[100.766,28.858],[100.766,50.05],[79.575,50.05],[67.714,38.189],[67.714,16.998],[88.904,16.998]],"c":true}},"nm":"Path 3","hd":false},{"ty":"mm","mm":1,"nm":"Merge Paths 1","hd":false},{"ty":"fl","c":{"a":0,"k":[0.949019607843,0.925490196078,0.247058823529,1]},"o":{"a":0,"k":100},"r":1,"bm":0,"nm":"Fill 1","hd":false},{"ty":"tr","p":{"a":0,"k":[106.868,56.151]},"a":{"a":0,"k":[0,0]},"s":{"a":0,"k":[100,100]},"r":{"a":0,"k":0},"o":{"a":0,"k":100},"sk":{"a":0,"k":0},"sa":{"a":0,"k":0},"nm":"Transform"}],"nm":"Group 1","bm":0,"hd":false}],"ip":0,"op":450.000018328876,"st":0,"bm":0},{"ddd":0,"ind":5,"ty":4,"nm":"highlights","sr":1,"ks":{"o":{"a":0,"k":44},"p":{"a":1,"k":[{"i":{"x":0.833,"y":0.833},"o":{"x":0.167,"y":0.167},"t":11,"s":[658,424.5,0],"to":[149,22.333,0],"ti":[-117,-127.667,0]},{"i":{"x":0.833,"y":0.833},"o":{"x":0.167,"y":0.167},"t":30,"s":[1552,558.5,0],"to":[117,127.667,0],"ti":[182,-95,0]},{"i":{"x":0.833,"y":0.833},"o":{"x":0.167,"y":0.167},"t":42,"s":[1360,1190.5,0],"to":[-182,95,0],"ti":[143.667,119.667,0]},{"i":{"x":0.833,"y":0.833},"o":{"x":0.167,"y":0.167},"t":52,"s":[460,1128.5,0],"to":[-143.667,-119.667,0],"ti":[-170,78.667,0]},{"i":{"x":0.833,"y":0.833},"o":{"x":0.167,"y":0.167},"t":80,"s":[498,472.5,0],"to":[170,-78.667,0],"ti":[-163.667,-30.667,0]},{"t":99.0000040323527,"s":[1480,656.5,0]}]}},"ao":0,"hasMask":true,"masksProperties":[{"inv":false,"mode":"a","pt":{"a":1,"k":[{"i":{"x":0.833,"y":0.833},"o":{"x":0.167,"y":0.167},"t":0,"s":[{"i":[[0,0],[-1.275,11.999],[14.725,-12.389],[-7.466,-13.214],[-1.757,-6.907],[-1.57,-3.895],[0,0],[-9.271,-9.17],[0,0],[0,0],[-13.113,8.563],[-3.029,7.965],[-0.522,0.516],[-3.827,9.154],[-2.518,2.234],[-0.244,5.926],[15.313,13.203],[16.819,-16.54],[3.485,-2.713],[11.522,4.176],[14.838,15.547],[5.658,7.01],[-1.572,0.835],[9.098,15.137],[15.877,-1.873],[-1.5,-16.763],[4.277,-2.027],[17.473,-18.617],[23.438,-1.01]],"o":[[0,0],[3.539,-33.314],[-13.946,11.733],[8.841,15.647],[16.532,65.001],[4.636,11.501],[0,0],[9.271,9.17],[0,0],[0,0],[2.478,-1.618],[2.511,-6.602],[8.747,-8.641],[7.521,-17.99],[10.22,-9.071],[0.186,-4.512],[-11.065,-9.541],[-21.003,20.655],[-13.638,10.617],[-25.975,-9.414],[-6.357,-6.661],[-27.673,-34.286],[46.674,-24.782],[-11.512,-19.153],[-47.375,5.589],[2.81,31.411],[-12.011,5.693],[-40.077,42.699],[-29,1.25]],"v":[[-56.75,4.25],[-50.975,-11.999],[-108.304,-43.483],[-121.591,2.353],[-105.032,20.499],[-74.636,135.999],[-56.879,155.995],[-47.271,180.83],[-29.5,191.5],[296.75,190.75],[344.863,184.937],[356.566,168.156],[359.152,153.362],[375.479,135.99],[407.017,20.516],[425.744,-6.176],[414.315,-39.459],[363.181,-38.96],[357.138,6.883],[294.228,17.824],[245.412,-18.86],[216.173,-47.214],[172.072,-86.835],[195.94,-166.016],[146.375,-191.089],[99.25,-129.487],[129.723,-87.973],[63.577,-26.949],[-12,18.5]],"c":true}]},{"i":{"x":0.833,"y":0.833},"o":{"x":0.167,"y":0.167},"t":12,"s":[{"i":[[0,0],[-1.275,11.999],[14.725,-12.389],[-7.466,-13.214],[-1.757,-6.907],[-1.57,-3.895],[0,0],[-9.271,-9.17],[0,0],[0,0],[-13.113,8.563],[-3.029,7.965],[-0.522,0.516],[-3.827,9.154],[-2.518,2.234],[-0.244,5.926],[15.313,13.203],[16.819,-16.54],[3.485,-2.713],[11.522,4.176],[14.838,15.547],[5.658,7.01],[-1.572,0.835],[9.098,15.137],[15.877,-1.873],[-1.5,-16.763],[4.277,-2.027],[17.473,-18.617],[23.438,-1.01]],"o":[[0,0],[3.539,-33.314],[-13.946,11.733],[8.841,15.647],[16.532,65.001],[4.636,11.501],[0,0],[9.271,9.17],[0,0],[0,0],[2.478,-1.618],[2.511,-6.602],[8.747,-8.641],[7.521,-17.99],[10.22,-9.071],[0.186,-4.512],[-11.065,-9.541],[-21.003,20.655],[-13.638,10.617],[-25.975,-9.414],[-6.357,-6.661],[-27.673,-34.286],[46.674,-24.782],[-11.512,-19.153],[-47.375,5.589],[2.81,31.411],[-12.011,5.693],[-40.077,42.699],[-29,1.25]],"v":[[-105,-13.5],[-99.225,-29.749],[-156.554,-61.233],[-169.841,-15.397],[-153.282,2.749],[-122.886,118.249],[-105.129,138.245],[-95.521,163.08],[-77.75,173.75],[248.5,173],[296.613,167.187],[308.316,150.406],[310.902,135.612],[327.229,118.24],[358.767,2.766],[377.494,-23.926],[366.065,-57.209],[314.931,-56.71],[308.888,-10.867],[245.978,0.074],[197.162,-36.61],[167.923,-64.964],[123.822,-104.585],[147.69,-183.766],[98.125,-208.839],[51,-147.237],[81.473,-105.723],[15.327,-44.699],[-60.25,0.75]],"c":true}]},{"i":{"x":0.833,"y":0.833},"o":{"x":0.167,"y":0.167},"t":13,"s":[{"i":[[0,0],[-1.275,11.999],[14.725,-12.389],[-7.466,-13.214],[-1.757,-6.907],[-1.57,-3.895],[0,0],[-9.271,-9.17],[0,0],[0,0],[-13.113,8.563],[-3.029,7.965],[-0.522,0.516],[-3.827,9.154],[-2.518,2.234],[-0.244,5.926],[15.313,13.203],[16.819,-16.54],[3.485,-2.713],[11.522,4.176],[14.838,15.547],[5.658,7.01],[-1.572,0.835],[9.098,15.137],[15.877,-1.873],[-1.5,-16.763],[4.277,-2.027],[17.473,-18.617],[23.438,-1.01]],"o":[[0,0],[3.539,-33.314],[-13.946,11.733],[8.841,15.647],[16.532,65.001],[4.636,11.501],[0,0],[9.271,9.17],[0,0],[0,0],[2.478,-1.618],[2.511,-6.602],[8.747,-8.641],[7.521,-17.99],[10.22,-9.071],[0.186,-4.512],[-11.065,-9.541],[-21.003,20.655],[-13.638,10.617],[-25.975,-9.414],[-6.357,-6.661],[-27.673,-34.286],[46.674,-24.782],[-11.512,-19.153],[-47.375,5.589],[2.81,31.411],[-12.011,5.693],[-40.077,42.699],[-29,1.25]],"v":[[-152.5,-18.5],[-146.725,-34.749],[-204.054,-66.233],[-217.341,-20.397],[-200.782,-2.251],[-170.386,113.249],[-152.629,133.245],[-143.021,158.08],[-125.25,168.75],[201,168],[249.113,162.187],[260.816,145.406],[263.402,130.612],[279.729,113.24],[311.267,-2.234],[329.994,-28.926],[318.565,-62.209],[267.431,-61.71],[261.388,-15.867],[198.478,-4.926],[149.662,-41.61],[120.423,-69.964],[76.322,-109.585],[100.19,-188.766],[50.625,-213.839],[3.5,-152.237],[33.973,-110.723],[-32.173,-49.699],[-107.75,-4.25]],"c":true}]},{"i":{"x":0.833,"y":0.833},"o":{"x":0.167,"y":0.167},"t":14,"s":[{"i":[[0,0],[-1.275,11.999],[14.725,-12.389],[-7.466,-13.214],[-1.757,-6.907],[-1.57,-3.895],[0,0],[-9.271,-9.17],[0,0],[0,0],[-13.113,8.563],[-3.029,7.965],[-0.522,0.516],[-3.827,9.154],[-2.518,2.234],[-0.244,5.926],[15.313,13.203],[16.819,-16.54],[3.485,-2.713],[11.522,4.176],[14.838,15.547],[5.658,7.01],[-1.572,0.835],[9.098,15.137],[15.877,-1.873],[-1.5,-16.763],[4.277,-2.027],[17.473,-18.617],[23.438,-1.01]],"o":[[0,0],[3.539,-33.314],[-13.946,11.733],[8.841,15.647],[16.532,65.001],[4.636,11.501],[0,0],[9.271,9.17],[0,0],[0,0],[2.478,-1.618],[2.511,-6.602],[8.747,-8.641],[7.521,-17.99],[10.22,-9.071],[0.186,-4.512],[-11.065,-9.541],[-21.003,20.655],[-13.638,10.617],[-25.975,-9.414],[-6.357,-6.661],[-27.673,-34.286],[46.674,-24.782],[-11.512,-19.153],[-47.375,5.589],[2.81,31.411],[-12.011,5.693],[-40.077,42.699],[-29,1.25]],"v":[[-200.75,-22],[-194.975,-38.249],[-252.304,-69.733],[-265.591,-23.897],[-249.032,-5.751],[-218.636,109.749],[-200.879,129.745],[-191.271,154.58],[-173.5,165.25],[152.75,164.5],[200.863,158.687],[212.566,141.906],[215.152,127.112],[231.479,109.74],[263.017,-5.734],[281.744,-32.426],[270.315,-65.709],[219.181,-65.21],[213.138,-19.367],[150.228,-8.426],[101.412,-45.11],[72.173,-73.464],[28.072,-113.085],[51.94,-192.266],[2.375,-217.339],[-44.75,-155.737],[-14.277,-114.223],[-80.423,-53.199],[-156,-7.75]],"c":true}]},{"i":{"x":0.833,"y":0.833},"o":{"x":0.167,"y":0.167},"t":15,"s":[{"i":[[0,0],[-1.275,11.999],[14.725,-12.389],[-7.466,-13.214],[-1.757,-6.907],[-1.57,-3.895],[0,0],[-9.271,-9.17],[0,0],[0,0],[-13.113,8.563],[-3.029,7.965],[-0.522,0.516],[-3.827,9.154],[-2.518,2.234],[-0.244,5.926],[15.313,13.203],[16.819,-16.54],[3.485,-2.713],[11.522,4.176],[14.838,15.547],[5.658,7.01],[-1.572,0.835],[9.098,15.137],[15.877,-1.873],[-1.5,-16.763],[4.277,-2.027],[17.473,-18.617],[23.438,-1.01]],"o":[[0,0],[3.539,-33.314],[-13.946,11.733],[8.841,15.647],[16.532,65.001],[4.636,11.501],[0,0],[9.271,9.17],[0,0],[0,0],[2.478,-1.618],[2.511,-6.602],[8.747,-8.641],[7.521,-17.99],[10.22,-9.071],[0.186,-4.512],[-11.065,-9.541],[-21.003,20.655],[-13.638,10.617],[-25.975,-9.414],[-6.357,-6.661],[-27.673,-34.286],[46.674,-24.782],[-11.512,-19.153],[-47.375,5.589],[2.81,31.411],[-12.011,5.693],[-40.077,42.699],[-29,1.25]],"v":[[-248.5,-25.25],[-242.725,-41.499],[-300.054,-72.983],[-313.341,-27.147],[-296.782,-9.001],[-266.386,106.499],[-248.629,126.495],[-239.021,151.33],[-221.25,162],[105,161.25],[153.113,155.437],[164.816,138.656],[167.402,123.862],[183.729,106.49],[215.267,-8.984],[233.994,-35.676],[222.565,-68.959],[171.431,-68.46],[165.388,-22.617],[102.478,-11.676],[53.662,-48.36],[24.423,-76.714],[-19.678,-116.335],[4.19,-195.516],[-45.375,-220.589],[-92.5,-158.987],[-62.027,-117.473],[-128.173,-56.449],[-203.75,-11]],"c":true}]},{"i":{"x":0.833,"y":0.833},"o":{"x":0.167,"y":0.167},"t":16,"s":[{"i":[[0,0],[-1.275,11.999],[14.725,-12.389],[-7.466,-13.214],[-1.757,-6.907],[-1.57,-3.895],[0,0],[-9.271,-9.17],[0,0],[0,0],[-13.113,8.563],[-3.029,7.965],[-0.522,0.516],[-3.827,9.154],[-2.518,2.234],[-0.244,5.926],[15.313,13.203],[16.819,-16.54],[3.485,-2.713],[11.522,4.176],[14.838,15.547],[5.658,7.01],[-1.572,0.835],[9.098,15.137],[15.877,-1.873],[-1.5,-16.763],[4.277,-2.027],[17.473,-18.617],[23.438,-1.01]],"o":[[0,0],[3.539,-33.314],[-13.946,11.733],[8.841,15.647],[16.532,65.001],[4.636,11.501],[0,0],[9.271,9.17],[0,0],[0,0],[2.478,-1.618],[2.511,-6.602],[8.747,-8.641],[7.521,-17.99],[10.22,-9.071],[0.186,-4.512],[-11.065,-9.541],[-21.003,20.655],[-13.638,10.617],[-25.975,-9.414],[-6.357,-6.661],[-27.673,-34.286],[46.674,-24.782],[-11.512,-19.153],[-47.375,5.589],[2.81,31.411],[-12.011,5.693],[-40.077,42.699],[-29,1.25]],"v":[[-297,-29.25],[-291.225,-45.499],[-348.554,-76.983],[-361.841,-31.147],[-345.282,-13.001],[-314.886,102.499],[-297.129,122.495],[-287.521,147.33],[-269.75,158],[56.5,157.25],[104.613,151.437],[116.316,134.656],[118.902,119.862],[135.229,102.49],[166.767,-12.984],[185.494,-39.676],[174.065,-72.959],[122.931,-72.46],[116.888,-26.617],[53.978,-15.676],[5.162,-52.36],[-24.077,-80.714],[-68.178,-120.335],[-44.31,-199.516],[-93.875,-224.589],[-141,-162.987],[-110.527,-121.473],[-176.673,-60.449],[-252.25,-15]],"c":true}]},{"i":{"x":0.833,"y":0.833},"o":{"x":0.167,"y":0.167},"t":17,"s":[{"i":[[0,0],[-1.275,11.999],[14.725,-12.389],[-7.466,-13.214],[-1.757,-6.907],[-1.57,-3.895],[0,0],[-9.271,-9.17],[0,0],[0,0],[-13.113,8.563],[-3.029,7.965],[-0.522,0.516],[-3.827,9.154],[-2.518,2.234],[-0.244,5.926],[15.313,13.203],[16.819,-16.54],[3.485,-2.713],[11.522,4.176],[14.838,15.547],[5.658,7.01],[-1.572,0.835],[9.098,15.137],[15.877,-1.873],[-1.5,-16.763],[4.277,-2.027],[17.473,-18.617],[23.438,-1.01]],"o":[[0,0],[3.539,-33.314],[-13.946,11.733],[8.841,15.647],[16.532,65.001],[4.636,11.501],[0,0],[9.271,9.17],[0,0],[0,0],[2.478,-1.618],[2.511,-6.602],[8.747,-8.641],[7.521,-17.99],[10.22,-9.071],[0.186,-4.512],[-11.065,-9.541],[-21.003,20.655],[-13.638,10.617],[-25.975,-9.414],[-6.357,-6.661],[-27.673,-34.286],[46.674,-24.782],[-11.512,-19.153],[-47.375,5.589],[2.81,31.411],[-12.011,5.693],[-40.077,42.699],[-29,1.25]],"v":[[-344.5,-33],[-338.725,-49.249],[-396.054,-80.733],[-409.341,-34.897],[-392.782,-16.751],[-362.386,98.749],[-344.629,118.745],[-335.021,143.58],[-317.25,154.25],[9,153.5],[57.113,147.687],[68.816,130.906],[71.402,116.112],[87.729,98.74],[119.267,-16.734],[137.994,-43.426],[126.565,-76.709],[75.431,-76.21],[69.388,-30.367],[6.478,-19.426],[-42.338,-56.11],[-71.577,-84.464],[-115.678,-124.085],[-91.81,-203.266],[-141.375,-228.339],[-188.5,-166.737],[-158.027,-125.223],[-224.173,-64.199],[-299.75,-18.75]],"c":true}]},{"i":{"x":0.833,"y":0.833},"o":{"x":0.167,"y":0.167},"t":18,"s":[{"i":[[0,0],[-1.275,11.999],[14.725,-12.389],[-7.466,-13.214],[-1.757,-6.907],[-1.57,-3.895],[0,0],[-9.271,-9.17],[0,0],[0,0],[-13.113,8.563],[-3.029,7.965],[-0.522,0.516],[-3.827,9.154],[-2.518,2.234],[-0.244,5.926],[15.313,13.203],[16.819,-16.54],[3.485,-2.713],[11.522,4.176],[14.838,15.547],[5.658,7.01],[-1.572,0.835],[9.098,15.137],[15.877,-1.873],[-1.5,-16.763],[4.277,-2.027],[17.473,-18.617],[23.438,-1.01]],"o":[[0,0],[3.539,-33.314],[-13.946,11.733],[8.841,15.647],[16.532,65.001],[4.636,11.501],[0,0],[9.271,9.17],[0,0],[0,0],[2.478,-1.618],[2.511,-6.602],[8.747,-8.641],[7.521,-17.99],[10.22,-9.071],[0.186,-4.512],[-11.065,-9.541],[-21.003,20.655],[-13.638,10.617],[-25.975,-9.414],[-6.357,-6.661],[-27.673,-34.286],[46.674,-24.782],[-11.512,-19.153],[-47.375,5.589],[2.81,31.411],[-12.011,5.693],[-40.077,42.699],[-29,1.25]],"v":[[-392.75,-36.5],[-386.975,-52.749],[-444.304,-84.233],[-457.591,-38.397],[-441.032,-20.251],[-410.636,95.249],[-392.879,115.245],[-383.271,140.08],[-365.5,150.75],[-39.25,150],[8.863,144.187],[20.566,127.406],[23.152,112.612],[39.479,95.24],[71.017,-20.234],[89.744,-46.926],[78.315,-80.209],[27.181,-79.71],[21.138,-33.867],[-41.772,-22.926],[-90.588,-59.61],[-119.827,-87.964],[-163.928,-127.585],[-140.06,-206.766],[-189.625,-231.839],[-236.75,-170.237],[-206.277,-128.723],[-272.423,-67.699],[-348,-22.25]],"c":true}]},{"i":{"x":0.833,"y":0.833},"o":{"x":0.167,"y":0.167},"t":19,"s":[{"i":[[0,0],[-1.275,11.999],[14.725,-12.389],[-7.466,-13.214],[-1.757,-6.907],[-1.57,-3.895],[0,0],[-9.271,-9.17],[0,0],[0,0],[-13.113,8.563],[-3.029,7.965],[-0.522,0.516],[-3.827,9.154],[-2.517,2.234],[-0.244,5.926],[15.313,13.203],[16.819,-16.54],[3.485,-2.713],[11.522,4.176],[14.838,15.547],[5.658,7.01],[-1.572,0.835],[9.098,15.137],[15.877,-1.873],[-1.5,-16.763],[4.277,-2.027],[17.473,-18.617],[23.438,-1.01]],"o":[[0,0],[3.539,-33.314],[-13.946,11.733],[8.841,15.647],[16.532,65.001],[4.636,11.501],[0,0],[9.271,9.17],[0,0],[0,0],[2.478,-1.618],[2.511,-6.602],[8.747,-8.641],[7.521,-17.99],[10.22,-9.071],[0.186,-4.512],[-11.065,-9.541],[-21.003,20.655],[-13.638,10.617],[-25.975,-9.414],[-6.357,-6.661],[-27.673,-34.286],[46.674,-24.782],[-11.512,-19.153],[-47.375,5.589],[2.81,31.411],[-12.011,5.693],[-40.077,42.699],[-29,1.25]],"v":[[-441.75,-40.75],[-435.975,-56.999],[-493.304,-88.483],[-506.591,-42.647],[-490.032,-24.501],[-459.636,90.999],[-441.879,110.995],[-432.271,135.83],[-414.5,146.5],[-88.25,145.75],[-40.137,139.937],[-28.434,123.156],[-25.848,108.362],[-9.521,90.99],[22.017,-24.484],[40.744,-51.176],[29.315,-84.459],[-21.819,-83.96],[-27.862,-38.117],[-90.772,-27.176],[-139.588,-63.86],[-168.827,-92.214],[-212.928,-131.835],[-189.06,-211.016],[-238.625,-236.089],[-285.75,-174.487],[-255.277,-132.973],[-321.423,-71.949],[-397,-26.5]],"c":true}]},{"i":{"x":0.833,"y":0.833},"o":{"x":0.167,"y":0.167},"t":20,"s":[{"i":[[0,0],[-1.275,11.999],[14.725,-12.389],[-7.466,-13.214],[-1.757,-6.907],[-1.57,-3.895],[0,0],[-9.271,-9.17],[0,0],[0,0],[-13.113,8.563],[-3.029,7.965],[-0.522,0.516],[-3.827,9.154],[-2.517,2.234],[-0.244,5.926],[15.313,13.203],[16.819,-16.54],[3.485,-2.713],[11.522,4.176],[14.838,15.547],[5.658,7.01],[-1.572,0.835],[9.098,15.137],[15.877,-1.873],[-1.5,-16.763],[4.277,-2.027],[17.473,-18.617],[23.438,-1.01]],"o":[[0,0],[3.539,-33.314],[-13.946,11.733],[8.841,15.647],[16.532,65.001],[4.636,11.501],[0,0],[9.271,9.17],[0,0],[0,0],[2.478,-1.618],[2.511,-6.602],[8.747,-8.641],[7.521,-17.99],[10.22,-9.071],[0.186,-4.512],[-11.065,-9.541],[-21.003,20.655],[-13.638,10.617],[-25.975,-9.414],[-6.357,-6.661],[-27.673,-34.286],[46.674,-24.782],[-11.512,-19.153],[-47.375,5.589],[2.81,31.411],[-12.011,5.693],[-40.077,42.699],[-29,1.25]],"v":[[-489.75,-44.25],[-483.975,-60.499],[-541.304,-91.983],[-554.591,-46.147],[-538.032,-28.001],[-507.636,87.499],[-489.879,107.495],[-480.271,132.33],[-462.5,143],[-136.25,142.25],[-88.137,136.437],[-76.434,119.656],[-73.848,104.862],[-57.521,87.49],[-25.983,-27.984],[-7.256,-54.676],[-18.685,-87.959],[-69.819,-87.46],[-75.862,-41.617],[-138.772,-30.676],[-187.588,-67.36],[-216.827,-95.714],[-260.928,-135.335],[-237.06,-214.516],[-286.625,-239.589],[-333.75,-177.987],[-303.277,-136.473],[-369.423,-75.449],[-445,-30]],"c":true}]},{"i":{"x":0.833,"y":0.833},"o":{"x":0.167,"y":0.167},"t":21,"s":[{"i":[[0,0],[-1.275,11.999],[14.725,-12.389],[-7.466,-13.214],[-1.757,-6.907],[-1.57,-3.895],[0,0],[-9.271,-9.17],[0,0],[0,0],[-13.113,8.563],[-3.029,7.965],[-0.522,0.516],[-3.827,9.154],[-2.517,2.234],[-0.244,5.926],[15.313,13.203],[16.819,-16.54],[3.485,-2.713],[11.522,4.176],[14.838,15.547],[5.658,7.01],[-1.572,0.835],[9.098,15.137],[15.877,-1.873],[-1.5,-16.763],[4.277,-2.027],[17.473,-18.617],[23.438,-1.01]],"o":[[0,0],[3.539,-33.314],[-13.946,11.733],[8.841,15.647],[16.532,65.001],[4.636,11.501],[0,0],[9.271,9.17],[0,0],[0,0],[2.478,-1.618],[2.511,-6.602],[8.747,-8.641],[7.521,-17.99],[10.22,-9.071],[0.186,-4.512],[-11.065,-9.541],[-21.003,20.655],[-13.638,10.617],[-25.975,-9.414],[-6.357,-6.661],[-27.673,-34.286],[46.674,-24.782],[-11.512,-19.153],[-47.375,5.589],[2.81,31.411],[-12.011,5.693],[-40.077,42.699],[-29,1.25]],"v":[[-538,-49.5],[-532.225,-65.749],[-589.554,-97.233],[-602.841,-51.397],[-586.282,-33.251],[-555.886,82.249],[-538.129,102.245],[-528.521,127.08],[-510.75,137.75],[-184.5,137],[-136.387,131.187],[-124.684,114.406],[-122.098,99.612],[-105.771,82.24],[-74.233,-33.234],[-55.506,-59.926],[-66.935,-93.209],[-118.069,-92.71],[-124.112,-46.867],[-187.022,-35.926],[-235.838,-72.61],[-265.077,-100.964],[-309.178,-140.585],[-285.31,-219.766],[-334.875,-244.839],[-382,-183.237],[-351.527,-141.723],[-417.673,-80.699],[-493.25,-35.25]],"c":true}]},{"i":{"x":0.833,"y":0.833},"o":{"x":0.167,"y":0.167},"t":22,"s":[{"i":[[0,0],[-1.275,11.999],[14.725,-12.389],[-7.466,-13.214],[-1.757,-6.907],[-1.57,-3.895],[0,0],[-9.271,-9.17],[0,0],[0,0],[-13.113,8.563],[-3.029,7.965],[-0.522,0.516],[-3.827,9.154],[-2.517,2.234],[-0.244,5.926],[15.313,13.203],[16.819,-16.54],[3.485,-2.713],[11.522,4.176],[14.838,15.547],[5.658,7.01],[-1.572,0.835],[9.098,15.137],[15.877,-1.873],[-1.5,-16.763],[4.277,-2.027],[17.473,-18.617],[23.438,-1.01]],"o":[[0,0],[3.539,-33.314],[-13.946,11.733],[8.841,15.647],[16.532,65.001],[4.636,11.501],[0,0],[9.271,9.17],[0,0],[0,0],[2.478,-1.618],[2.511,-6.602],[8.747,-8.641],[7.521,-17.99],[10.22,-9.071],[0.186,-4.512],[-11.065,-9.541],[-21.003,20.655],[-13.638,10.617],[-25.975,-9.414],[-6.357,-6.661],[-27.673,-34.286],[46.674,-24.782],[-11.512,-19.153],[-47.375,5.589],[2.81,31.411],[-12.011,5.693],[-40.077,42.699],[-29,1.25]],"v":[[-585.5,-53.75],[-579.725,-69.999],[-637.054,-101.483],[-650.341,-55.647],[-633.782,-37.501],[-603.386,77.999],[-585.629,97.995],[-576.021,122.83],[-558.25,133.5],[-232,132.75],[-183.887,126.937],[-172.184,110.156],[-169.598,95.362],[-153.271,77.99],[-121.733,-37.484],[-103.006,-64.176],[-114.435,-97.459],[-165.569,-96.96],[-171.612,-51.117],[-234.522,-40.176],[-283.338,-76.86],[-312.577,-105.214],[-356.678,-144.835],[-332.81,-224.016],[-382.375,-249.089],[-429.5,-187.487],[-399.027,-145.973],[-465.173,-84.949],[-540.75,-39.5]],"c":true}]},{"i":{"x":0.833,"y":0.833},"o":{"x":0.167,"y":0.167},"t":23,"s":[{"i":[[0,0],[-1.275,11.999],[14.725,-12.389],[-7.466,-13.214],[-1.757,-6.907],[-1.57,-3.895],[0,0],[-9.271,-9.17],[0,0],[0,0],[-13.113,8.563],[-3.029,7.965],[-0.522,0.516],[-3.827,9.154],[-2.517,2.234],[-0.244,5.926],[15.313,13.203],[16.819,-16.54],[3.485,-2.713],[11.522,4.176],[14.838,15.547],[5.658,7.01],[-1.572,0.835],[9.098,15.137],[15.877,-1.873],[-1.5,-16.763],[4.277,-2.027],[17.473,-18.617],[23.438,-1.01]],"o":[[0,0],[3.539,-33.314],[-13.946,11.733],[8.841,15.647],[16.532,65.001],[4.636,11.501],[0,0],[9.271,9.17],[0,0],[0,0],[2.478,-1.618],[2.511,-6.602],[8.747,-8.641],[7.521,-17.99],[10.22,-9.071],[0.186,-4.512],[-11.065,-9.541],[-21.003,20.655],[-13.638,10.617],[-25.975,-9.414],[-6.357,-6.661],[-27.673,-34.286],[46.674,-24.782],[-11.512,-19.153],[-47.375,5.589],[2.81,31.411],[-12.011,5.693],[-40.077,42.699],[-29,1.25]],"v":[[-633.25,-59],[-627.475,-75.249],[-684.804,-106.733],[-698.091,-60.897],[-681.532,-42.751],[-651.136,72.749],[-633.379,92.745],[-623.771,117.58],[-606,128.25],[-279.75,127.5],[-231.637,121.687],[-219.934,104.906],[-217.348,90.112],[-201.021,72.74],[-169.483,-42.734],[-150.756,-69.426],[-162.185,-102.709],[-213.319,-102.21],[-219.362,-56.367],[-282.272,-45.426],[-331.088,-82.11],[-360.327,-110.464],[-404.428,-150.085],[-380.56,-229.266],[-430.125,-254.339],[-477.25,-192.737],[-446.777,-151.223],[-512.923,-90.199],[-588.5,-44.75]],"c":true}]},{"i":{"x":0.833,"y":0.833},"o":{"x":0.167,"y":0.167},"t":24,"s":[{"i":[[0,0],[-1.275,11.999],[14.725,-12.389],[-7.466,-13.214],[-1.757,-6.907],[-1.57,-3.895],[0,0],[-9.271,-9.17],[0,0],[0,0],[-13.113,8.563],[-3.029,7.965],[-0.522,0.516],[-3.827,9.154],[-2.517,2.234],[-0.244,5.926],[15.313,13.203],[16.819,-16.54],[3.485,-2.713],[11.522,4.176],[14.838,15.547],[5.658,7.01],[-1.572,0.835],[9.098,15.137],[15.877,-1.873],[-1.5,-16.763],[4.277,-2.027],[17.473,-18.617],[23.438,-1.01]],"o":[[0,0],[3.539,-33.314],[-13.946,11.733],[8.841,15.647],[16.532,65.001],[4.636,11.501],[0,0],[9.271,9.17],[0,0],[0,0],[2.478,-1.618],[2.511,-6.602],[8.747,-8.641],[7.521,-17.99],[10.22,-9.071],[0.186,-4.512],[-11.065,-9.541],[-21.003,20.655],[-13.638,10.617],[-25.975,-9.414],[-6.357,-6.661],[-27.673,-34.286],[46.674,-24.782],[-11.512,-19.153],[-47.375,5.589],[2.81,31.411],[-12.011,5.693],[-40.077,42.699],[-29,1.25]],"v":[[-681,-65.75],[-675.225,-81.999],[-732.554,-113.483],[-745.841,-67.647],[-729.282,-49.501],[-698.886,65.999],[-681.129,85.995],[-671.521,110.83],[-653.75,121.5],[-327.5,120.75],[-279.387,114.937],[-267.684,98.156],[-265.098,83.362],[-248.771,65.99],[-217.233,-49.484],[-198.506,-76.176],[-209.935,-109.459],[-261.069,-108.96],[-267.112,-63.117],[-330.022,-52.176],[-378.838,-88.86],[-408.077,-117.214],[-452.178,-156.835],[-428.31,-236.016],[-477.875,-261.089],[-525,-199.487],[-494.527,-157.973],[-560.673,-96.949],[-636.25,-51.5]],"c":true}]},{"i":{"x":0.833,"y":0.833},"o":{"x":0.167,"y":0.167},"t":25,"s":[{"i":[[0,0],[-1.275,11.999],[14.725,-12.389],[-7.466,-13.214],[-1.757,-6.907],[-1.57,-3.895],[0,0],[-9.271,-9.17],[0,0],[0,0],[-13.113,8.563],[-3.029,7.965],[-0.522,0.516],[-3.827,9.154],[-2.517,2.234],[-0.244,5.926],[15.313,13.203],[16.819,-16.54],[3.485,-2.713],[11.522,4.176],[14.838,15.547],[5.658,7.01],[-1.572,0.835],[9.098,15.137],[15.877,-1.873],[-1.5,-16.763],[4.277,-2.027],[17.473,-18.617],[23.438,-1.01]],"o":[[0,0],[3.539,-33.314],[-13.946,11.733],[8.841,15.647],[16.532,65.001],[4.636,11.501],[0,0],[9.271,9.17],[0,0],[0,0],[2.478,-1.618],[2.511,-6.602],[8.747,-8.641],[7.521,-17.99],[10.22,-9.071],[0.186,-4.512],[-11.065,-9.541],[-21.003,20.655],[-13.638,10.617],[-25.975,-9.414],[-6.357,-6.661],[-27.673,-34.286],[46.674,-24.782],[-11.512,-19.153],[-47.375,5.589],[2.81,31.411],[-12.011,5.693],[-40.077,42.699],[-29,1.25]],"v":[[-728.75,-72.25],[-722.975,-88.499],[-780.304,-119.983],[-793.591,-74.147],[-777.032,-56.001],[-746.636,59.499],[-728.879,79.495],[-719.271,104.33],[-701.5,115],[-375.25,114.25],[-327.137,108.437],[-315.434,91.656],[-312.848,76.862],[-296.521,59.49],[-264.983,-55.984],[-246.256,-82.676],[-257.685,-115.959],[-308.819,-115.46],[-314.862,-69.617],[-377.772,-58.676],[-426.588,-95.36],[-455.827,-123.714],[-499.928,-163.335],[-476.06,-242.516],[-525.625,-267.589],[-572.75,-205.987],[-542.277,-164.473],[-608.423,-103.449],[-684,-58]],"c":true}]},{"i":{"x":0.833,"y":0.833},"o":{"x":0.167,"y":0.167},"t":26,"s":[{"i":[[0,0],[-1.275,11.999],[14.725,-12.389],[-7.466,-13.214],[-1.757,-6.907],[-1.57,-3.895],[0,0],[-9.271,-9.17],[0,0],[0,0],[-13.113,8.563],[-3.029,7.965],[-0.522,0.516],[-3.827,9.154],[-2.517,2.234],[-0.244,5.926],[15.313,13.203],[16.819,-16.54],[3.485,-2.713],[11.522,4.176],[14.838,15.547],[5.658,7.01],[-1.572,0.835],[9.098,15.137],[15.877,-1.873],[-1.5,-16.763],[4.277,-2.027],[17.473,-18.617],[23.438,-1.01]],"o":[[0,0],[3.539,-33.314],[-13.946,11.733],[8.841,15.647],[16.532,65.001],[4.636,11.501],[0,0],[9.271,9.17],[0,0],[0,0],[2.478,-1.618],[2.511,-6.602],[8.747,-8.641],[7.521,-17.99],[10.22,-9.071],[0.186,-4.512],[-11.065,-9.541],[-21.003,20.655],[-13.638,10.617],[-25.975,-9.414],[-6.357,-6.661],[-27.673,-34.286],[46.674,-24.782],[-11.512,-19.153],[-47.375,5.589],[2.81,31.411],[-12.011,5.693],[-40.077,42.699],[-29,1.25]],"v":[[-775.5,-80.5],[-769.725,-96.749],[-827.054,-128.233],[-840.341,-82.397],[-823.782,-64.251],[-793.386,51.249],[-775.629,71.245],[-766.021,96.08],[-748.25,106.75],[-422,106],[-373.887,100.187],[-362.184,83.406],[-359.598,68.612],[-343.271,51.24],[-311.733,-64.234],[-293.006,-90.926],[-304.435,-124.209],[-355.569,-123.71],[-361.612,-77.867],[-424.522,-66.926],[-473.338,-103.61],[-502.577,-131.964],[-546.678,-171.585],[-522.81,-250.766],[-572.375,-275.839],[-619.5,-214.237],[-589.027,-172.723],[-655.173,-111.699],[-730.75,-66.25]],"c":true}]},{"i":{"x":0.833,"y":0.833},"o":{"x":0.167,"y":0.167},"t":27,"s":[{"i":[[0,0],[-1.275,11.999],[14.725,-12.389],[-7.466,-13.214],[-1.757,-6.907],[-1.57,-3.895],[0,0],[-9.271,-9.17],[0,0],[0,0],[-13.113,8.563],[-3.029,7.965],[-0.522,0.516],[-3.827,9.154],[-2.517,2.234],[-0.244,5.926],[15.313,13.203],[16.819,-16.54],[3.485,-2.713],[11.522,4.176],[14.838,15.547],[5.658,7.01],[-1.572,0.835],[9.098,15.137],[15.877,-1.873],[-1.5,-16.763],[4.277,-2.027],[17.473,-18.617],[23.438,-1.01]],"o":[[0,0],[3.539,-33.314],[-13.946,11.733],[8.841,15.647],[16.532,65.001],[4.636,11.501],[0,0],[9.271,9.17],[0,0],[0,0],[2.478,-1.618],[2.511,-6.602],[8.747,-8.641],[7.521,-17.99],[10.22,-9.071],[0.186,-4.512],[-11.065,-9.541],[-21.003,20.655],[-13.638,10.617],[-25.975,-9.414],[-6.357,-6.661],[-27.673,-34.286],[46.674,-24.782],[-11.512,-19.153],[-47.375,5.589],[2.81,31.411],[-12.011,5.693],[-40.077,42.699],[-29,1.25]],"v":[[-822.5,-91.25],[-816.725,-107.499],[-874.054,-138.983],[-887.341,-93.147],[-870.782,-75.001],[-840.386,40.499],[-822.629,60.495],[-813.021,85.33],[-795.25,96],[-469,95.25],[-420.887,89.437],[-409.184,72.656],[-406.598,57.862],[-390.271,40.49],[-358.733,-74.984],[-340.006,-101.676],[-351.435,-134.959],[-402.569,-134.46],[-408.612,-88.617],[-471.522,-77.676],[-520.338,-114.36],[-549.577,-142.714],[-593.678,-182.335],[-569.81,-261.516],[-619.375,-286.589],[-666.5,-224.987],[-636.027,-183.473],[-702.173,-122.449],[-777.75,-77]],"c":true}]},{"i":{"x":0.833,"y":0.833},"o":{"x":0.167,"y":0.167},"t":28,"s":[{"i":[[0,0],[-1.275,11.999],[14.725,-12.389],[-7.466,-13.214],[-1.757,-6.907],[-1.57,-3.895],[0,0],[-9.271,-9.17],[0,0],[0,0],[-13.113,8.563],[-3.029,7.965],[-0.522,0.516],[-3.827,9.154],[-2.517,2.234],[-0.244,5.926],[15.313,13.203],[16.819,-16.54],[3.485,-2.713],[11.522,4.176],[14.838,15.547],[5.658,7.01],[-1.572,0.835],[9.098,15.137],[15.877,-1.873],[-1.5,-16.763],[4.277,-2.027],[17.473,-18.617],[23.438,-1.01]],"o":[[0,0],[3.539,-33.314],[-13.946,11.733],[8.841,15.647],[16.532,65.001],[4.636,11.501],[0,0],[9.271,9.17],[0,0],[0,0],[2.478,-1.618],[2.511,-6.602],[8.747,-8.641],[7.521,-17.99],[10.22,-9.071],[0.186,-4.512],[-11.065,-9.541],[-21.003,20.655],[-13.638,10.617],[-25.975,-9.414],[-6.357,-6.661],[-27.673,-34.286],[46.674,-24.782],[-11.512,-19.153],[-47.375,5.589],[2.81,31.411],[-12.011,5.693],[-40.077,42.699],[-29,1.25]],"v":[[-857,-99.75],[-851.225,-115.999],[-908.554,-147.483],[-921.841,-101.647],[-905.282,-83.501],[-874.886,31.999],[-857.129,51.995],[-847.521,76.83],[-829.75,87.5],[-503.5,86.75],[-455.387,80.937],[-443.684,64.156],[-441.098,49.362],[-424.771,31.99],[-393.233,-83.484],[-374.506,-110.176],[-385.935,-143.459],[-437.069,-142.96],[-443.112,-97.117],[-506.022,-86.176],[-554.838,-122.86],[-584.077,-151.214],[-628.178,-190.835],[-604.31,-270.016],[-653.875,-295.089],[-701,-233.487],[-670.527,-191.973],[-736.673,-130.949],[-812.25,-85.5]],"c":true}]},{"i":{"x":0.833,"y":0.833},"o":{"x":0.167,"y":0.167},"t":50,"s":[{"i":[[0,0],[-1.275,11.999],[14.725,-12.389],[-7.466,-13.214],[-1.757,-6.907],[-1.57,-3.895],[0,0],[-9.271,-9.17],[0,0],[0,0],[-13.113,8.563],[-3.029,7.965],[-0.522,0.516],[-3.827,9.154],[-2.517,2.234],[-0.244,5.926],[15.313,13.203],[16.819,-16.54],[3.485,-2.713],[11.522,4.176],[14.838,15.547],[5.658,7.01],[-1.572,0.835],[9.098,15.137],[15.877,-1.873],[-1.5,-16.763],[4.277,-2.027],[17.473,-18.617],[23.438,-1.01]],"o":[[0,0],[3.539,-33.314],[-13.946,11.733],[8.841,15.647],[16.532,65.001],[4.636,11.501],[0,0],[9.271,9.17],[0,0],[0,0],[2.478,-1.618],[2.511,-6.602],[8.747,-8.641],[7.521,-17.99],[10.22,-9.071],[0.186,-4.512],[-11.065,-9.541],[-21.003,20.655],[-13.638,10.617],[-25.975,-9.414],[-6.357,-6.661],[-27.673,-34.286],[46.674,-24.782],[-11.512,-19.153],[-47.375,5.589],[2.81,31.411],[-12.011,5.693],[-40.077,42.699],[-29,1.25]],"v":[[-1003,312.25],[-997.225,296.001],[-1054.554,264.517],[-1067.841,310.353],[-1051.282,328.499],[-1020.886,443.999],[-1003.129,463.995],[-993.521,488.83],[-975.75,499.5],[-649.5,498.75],[-601.387,492.937],[-589.684,476.156],[-587.098,461.362],[-570.771,443.99],[-539.233,328.516],[-520.506,301.824],[-531.935,268.541],[-583.069,269.04],[-589.112,314.883],[-652.022,325.824],[-700.838,289.14],[-730.077,260.786],[-774.178,221.165],[-750.31,141.984],[-799.875,116.911],[-847,178.513],[-816.527,220.027],[-882.673,281.051],[-958.25,326.5]],"c":true}]},{"i":{"x":0.833,"y":0.833},"o":{"x":0.167,"y":0.167},"t":53,"s":[{"i":[[0,0],[-1.275,11.999],[14.725,-12.389],[-7.466,-13.214],[-1.757,-6.907],[-1.57,-3.895],[0,0],[-9.271,-9.17],[0,0],[0,0],[-13.113,8.563],[-3.029,7.965],[-0.522,0.516],[-3.827,9.154],[-2.517,2.234],[-0.244,5.926],[15.313,13.203],[16.819,-16.54],[3.485,-2.713],[11.522,4.176],[14.838,15.547],[5.658,7.01],[-1.572,0.835],[9.098,15.137],[15.877,-1.873],[-1.5,-16.763],[4.277,-2.027],[17.473,-18.617],[23.438,-1.01]],"o":[[0,0],[3.539,-33.314],[-13.946,11.733],[8.841,15.647],[16.532,65.001],[4.636,11.501],[0,0],[9.271,9.17],[0,0],[0,0],[2.478,-1.618],[2.511,-6.602],[8.747,-8.641],[7.521,-17.99],[10.22,-9.071],[0.186,-4.512],[-11.065,-9.541],[-21.003,20.655],[-13.638,10.617],[-25.975,-9.414],[-6.357,-6.661],[-27.673,-34.286],[46.674,-24.782],[-11.512,-19.153],[-47.375,5.589],[2.81,31.411],[-12.011,5.693],[-40.077,42.699],[-29,1.25]],"v":[[-267,540.25],[-261.225,524.001],[-318.554,492.517],[-331.841,538.353],[-315.282,556.499],[-284.886,671.999],[-267.129,691.995],[-257.521,716.83],[-239.75,727.5],[86.5,726.75],[134.613,720.937],[146.316,704.156],[148.902,689.362],[165.229,671.99],[196.767,556.516],[215.494,529.824],[204.065,496.541],[152.931,497.04],[146.888,542.883],[83.978,553.824],[35.162,517.14],[5.923,488.786],[-38.178,449.165],[-14.31,369.984],[-63.875,344.911],[-111,406.513],[-80.527,448.027],[-146.673,509.051],[-222.25,554.5]],"c":true}]},{"i":{"x":0.833,"y":0.833},"o":{"x":0.167,"y":0.167},"t":65,"s":[{"i":[[0,0],[-1.275,11.999],[14.725,-12.389],[-7.466,-13.214],[-1.757,-6.907],[-1.57,-3.895],[0,0],[-9.271,-9.17],[0,0],[0,0],[-13.113,8.563],[-3.029,7.965],[-0.522,0.516],[-3.827,9.154],[-2.517,2.234],[-0.244,5.926],[15.313,13.203],[16.819,-16.54],[3.485,-2.713],[11.522,4.176],[14.838,15.547],[5.658,7.01],[-1.572,0.835],[9.098,15.137],[15.877,-1.873],[-1.5,-16.763],[4.277,-2.027],[17.473,-18.617],[23.438,-1.01]],"o":[[0,0],[3.539,-33.314],[-13.946,11.733],[8.841,15.647],[16.532,65.001],[4.636,11.501],[0,0],[9.271,9.17],[0,0],[0,0],[2.478,-1.618],[2.511,-6.602],[8.747,-8.641],[7.521,-17.99],[10.22,-9.071],[0.186,-4.512],[-11.065,-9.541],[-21.003,20.655],[-13.638,10.617],[-25.975,-9.414],[-6.357,-6.661],[-27.673,-34.286],[46.674,-24.782],[-11.512,-19.153],[-47.375,5.589],[2.81,31.411],[-12.011,5.693],[-40.077,42.699],[-29,1.25]],"v":[[-75,348.25],[-69.225,332.001],[-126.554,300.517],[-139.841,346.353],[-123.282,364.499],[-92.886,479.999],[-75.129,499.995],[-65.521,524.83],[-47.75,535.5],[278.5,534.75],[326.613,528.937],[338.316,512.156],[340.902,497.362],[357.229,479.99],[388.767,364.516],[407.494,337.824],[396.065,304.541],[344.931,305.04],[338.888,350.883],[275.978,361.824],[227.162,325.14],[197.923,296.786],[153.822,257.165],[177.69,177.984],[128.125,152.911],[81,214.513],[111.473,256.027],[45.327,317.051],[-30.25,362.5]],"c":true}]},{"i":{"x":0.833,"y":0.833},"o":{"x":0.167,"y":0.167},"t":78,"s":[{"i":[[0,0],[-1.275,11.999],[14.725,-12.389],[-7.466,-13.214],[-1.757,-6.907],[-1.57,-3.895],[0,0],[-9.271,-9.17],[0,0],[0,0],[-13.113,8.563],[-3.029,7.965],[-0.522,0.516],[-3.827,9.154],[-2.517,2.234],[-0.244,5.926],[15.313,13.203],[16.819,-16.54],[3.485,-2.713],[11.522,4.176],[14.838,15.547],[5.658,7.01],[-1.572,0.835],[9.098,15.137],[15.877,-1.873],[-1.5,-16.763],[4.277,-2.027],[17.473,-18.617],[23.438,-1.01]],"o":[[0,0],[3.539,-33.314],[-13.946,11.733],[8.841,15.647],[16.532,65.001],[4.636,11.501],[0,0],[9.271,9.17],[0,0],[0,0],[2.478,-1.618],[2.511,-6.602],[8.747,-8.641],[7.521,-17.99],[10.22,-9.071],[0.186,-4.512],[-11.065,-9.541],[-21.003,20.655],[-13.638,10.617],[-25.975,-9.414],[-6.357,-6.661],[-27.673,-34.286],[46.674,-24.782],[-11.512,-19.153],[-47.375,5.589],[2.81,31.411],[-12.011,5.693],[-40.077,42.699],[-29,1.25]],"v":[[-23,-85.75],[-17.225,-101.999],[-74.554,-133.483],[-87.841,-87.647],[-71.282,-69.501],[-40.886,45.999],[-23.129,65.995],[-13.521,90.83],[4.25,101.5],[330.5,100.75],[378.613,94.937],[390.316,78.156],[392.902,63.362],[409.229,45.99],[440.767,-69.484],[459.494,-96.176],[448.065,-129.459],[396.931,-128.96],[390.888,-83.117],[327.978,-72.176],[279.162,-108.86],[249.923,-137.214],[205.822,-176.835],[229.69,-256.016],[180.125,-281.089],[133,-219.487],[163.473,-177.973],[97.327,-116.949],[21.75,-71.5]],"c":true}]},{"i":{"x":0.833,"y":0.833},"o":{"x":0.167,"y":0.167},"t":84,"s":[{"i":[[0,0],[-1.275,11.999],[14.725,-12.389],[-7.466,-13.214],[-1.757,-6.907],[-1.57,-3.895],[0,0],[-9.271,-9.17],[0,0],[0,0],[-13.113,8.563],[-3.029,7.965],[-0.522,0.516],[-3.827,9.154],[-2.517,2.234],[-0.244,5.926],[15.313,13.203],[16.819,-16.54],[3.485,-2.713],[11.522,4.176],[14.838,15.547],[5.658,7.01],[-1.572,0.835],[9.098,15.137],[15.877,-1.873],[-1.5,-16.763],[4.277,-2.027],[17.473,-18.617],[23.438,-1.01]],"o":[[0,0],[3.539,-33.314],[-13.946,11.733],[8.841,15.647],[16.532,65.001],[4.636,11.501],[0,0],[9.271,9.17],[0,0],[0,0],[2.478,-1.618],[2.511,-6.602],[8.747,-8.641],[7.521,-17.99],[10.22,-9.071],[0.186,-4.512],[-11.065,-9.541],[-21.003,20.655],[-13.638,10.617],[-25.975,-9.414],[-6.357,-6.661],[-27.673,-34.286],[46.674,-24.782],[-11.512,-19.153],[-47.375,5.589],[2.81,31.411],[-12.011,5.693],[-40.077,42.699],[-29,1.25]],"v":[[-106,-49.5],[-100.225,-65.749],[-157.554,-97.233],[-170.841,-51.397],[-154.282,-33.251],[-123.886,82.249],[-106.129,102.245],[-96.521,127.08],[-78.75,137.75],[247.5,137],[295.613,131.187],[307.316,114.406],[309.902,99.612],[326.229,82.24],[357.767,-33.234],[376.494,-59.926],[365.065,-93.209],[313.931,-92.71],[307.888,-46.867],[244.978,-35.926],[196.162,-72.61],[166.923,-100.964],[122.822,-140.585],[146.69,-219.766],[97.125,-244.839],[50,-183.237],[80.473,-141.723],[14.327,-80.699],[-61.25,-35.25]],"c":true}]},{"i":{"x":0.833,"y":0.833},"o":{"x":0.167,"y":0.167},"t":85,"s":[{"i":[[0,0],[-1.275,11.999],[14.725,-12.389],[-7.466,-13.214],[-1.757,-6.907],[-1.57,-3.895],[0,0],[-9.271,-9.17],[0,0],[0,0],[-13.113,8.563],[-3.029,7.965],[-0.522,0.516],[-3.827,9.154],[-2.517,2.234],[-0.244,5.926],[15.313,13.203],[16.819,-16.54],[3.485,-2.713],[11.522,4.176],[14.838,15.547],[5.658,7.01],[-1.572,0.835],[9.098,15.137],[15.877,-1.873],[-1.5,-16.763],[4.277,-2.027],[17.473,-18.617],[23.438,-1.01]],"o":[[0,0],[3.539,-33.314],[-13.946,11.733],[8.841,15.647],[16.532,65.001],[4.636,11.501],[0,0],[9.271,9.17],[0,0],[0,0],[2.478,-1.618],[2.511,-6.602],[8.747,-8.641],[7.521,-17.99],[10.22,-9.071],[0.186,-4.512],[-11.065,-9.541],[-21.003,20.655],[-13.638,10.617],[-25.975,-9.414],[-6.357,-6.661],[-27.673,-34.286],[46.674,-24.782],[-11.512,-19.153],[-47.375,5.589],[2.81,31.411],[-12.011,5.693],[-40.077,42.699],[-29,1.25]],"v":[[-159.5,-55.25],[-153.725,-71.499],[-211.054,-102.983],[-224.341,-57.147],[-207.782,-39.001],[-177.386,76.499],[-159.629,96.495],[-150.021,121.33],[-132.25,132],[194,131.25],[242.113,125.437],[253.816,108.656],[256.402,93.862],[272.729,76.49],[304.267,-38.984],[322.994,-65.676],[311.565,-98.959],[260.431,-98.46],[254.388,-52.617],[191.478,-41.676],[142.662,-78.36],[113.423,-106.714],[69.322,-146.335],[93.19,-225.516],[43.625,-250.589],[-3.5,-188.987],[26.973,-147.473],[-39.173,-86.449],[-114.75,-41]],"c":true}]},{"i":{"x":0.833,"y":0.833},"o":{"x":0.167,"y":0.167},"t":86,"s":[{"i":[[0,0],[-1.275,11.999],[14.725,-12.389],[-7.466,-13.214],[-1.757,-6.907],[-1.57,-3.895],[0,0],[-9.271,-9.17],[0,0],[0,0],[-13.113,8.563],[-3.029,7.965],[-0.522,0.516],[-3.827,9.154],[-2.517,2.234],[-0.244,5.926],[15.313,13.203],[16.819,-16.54],[3.485,-2.713],[11.522,4.176],[14.838,15.547],[5.658,7.01],[-1.572,0.835],[9.098,15.137],[15.877,-1.873],[-1.5,-16.763],[4.277,-2.027],[17.473,-18.617],[23.438,-1.01]],"o":[[0,0],[3.539,-33.314],[-13.946,11.733],[8.841,15.647],[16.532,65.001],[4.636,11.501],[0,0],[9.271,9.17],[0,0],[0,0],[2.478,-1.618],[2.511,-6.602],[8.747,-8.641],[7.521,-17.99],[10.22,-9.071],[0.186,-4.512],[-11.065,-9.541],[-21.003,20.655],[-13.638,10.617],[-25.975,-9.414],[-6.357,-6.661],[-27.673,-34.286],[46.674,-24.782],[-11.512,-19.153],[-47.375,5.589],[2.81,31.411],[-12.011,5.693],[-40.077,42.699],[-29,1.25]],"v":[[-211.5,-63.25],[-205.725,-79.499],[-263.054,-110.983],[-276.341,-65.147],[-259.782,-47.001],[-229.386,68.499],[-211.629,88.495],[-202.021,113.33],[-184.25,124],[142,123.25],[190.113,117.437],[201.816,100.656],[204.402,85.862],[220.729,68.49],[252.267,-46.984],[270.994,-73.676],[259.565,-106.959],[208.431,-106.46],[202.388,-60.617],[139.478,-49.676],[90.662,-86.36],[61.423,-114.714],[17.322,-154.335],[41.19,-233.516],[-8.375,-258.589],[-55.5,-196.987],[-25.027,-155.473],[-91.173,-94.449],[-166.75,-49]],"c":true}]},{"i":{"x":0.833,"y":0.833},"o":{"x":0.167,"y":0.167},"t":87,"s":[{"i":[[0,0],[-1.275,11.999],[14.725,-12.389],[-7.466,-13.214],[-1.757,-6.907],[-1.57,-3.895],[0,0],[-9.271,-9.17],[0,0],[0,0],[-13.113,8.563],[-3.029,7.965],[-0.522,0.516],[-3.827,9.154],[-2.517,2.234],[-0.244,5.926],[15.313,13.203],[16.819,-16.54],[3.485,-2.713],[11.522,4.176],[14.838,15.547],[5.658,7.01],[-1.572,0.835],[9.098,15.137],[15.877,-1.873],[-1.5,-16.763],[4.277,-2.027],[17.473,-18.617],[23.438,-1.01]],"o":[[0,0],[3.539,-33.314],[-13.946,11.733],[8.841,15.647],[16.532,65.001],[4.636,11.501],[0,0],[9.271,9.17],[0,0],[0,0],[2.478,-1.618],[2.511,-6.602],[8.747,-8.641],[7.521,-17.99],[10.22,-9.071],[0.186,-4.512],[-11.065,-9.541],[-21.003,20.655],[-13.638,10.617],[-25.975,-9.414],[-6.357,-6.661],[-27.673,-34.286],[46.674,-24.782],[-11.512,-19.153],[-47.375,5.589],[2.81,31.411],[-12.011,5.693],[-40.077,42.699],[-29,1.25]],"v":[[-264,-72.5],[-258.225,-88.749],[-315.554,-120.233],[-328.841,-74.397],[-312.282,-56.251],[-281.886,59.249],[-264.129,79.245],[-254.521,104.08],[-236.75,114.75],[89.5,114],[137.613,108.187],[149.316,91.406],[151.902,76.612],[168.229,59.24],[199.767,-56.234],[218.494,-82.926],[207.065,-116.209],[155.931,-115.71],[149.888,-69.867],[86.978,-58.926],[38.162,-95.61],[8.923,-123.964],[-35.178,-163.585],[-11.31,-242.766],[-60.875,-267.839],[-108,-206.237],[-77.527,-164.723],[-143.673,-103.699],[-219.25,-58.25]],"c":true}]},{"i":{"x":0.833,"y":0.833},"o":{"x":0.167,"y":0.167},"t":88,"s":[{"i":[[0,0],[-1.275,11.999],[14.725,-12.389],[-7.466,-13.214],[-1.757,-6.907],[-1.57,-3.895],[0,0],[-9.271,-9.17],[0,0],[0,0],[-13.113,8.563],[-3.029,7.965],[-0.522,0.516],[-3.827,9.154],[-2.517,2.234],[-0.244,5.926],[15.313,13.203],[16.819,-16.54],[3.485,-2.713],[11.522,4.176],[14.838,15.547],[5.658,7.01],[-1.572,0.835],[9.098,15.137],[15.877,-1.873],[-1.5,-16.763],[4.277,-2.027],[17.473,-18.617],[23.438,-1.01]],"o":[[0,0],[3.539,-33.314],[-13.946,11.733],[8.841,15.647],[16.532,65.001],[4.636,11.501],[0,0],[9.271,9.17],[0,0],[0,0],[2.478,-1.618],[2.511,-6.602],[8.747,-8.641],[7.521,-17.99],[10.22,-9.071],[0.186,-4.512],[-11.065,-9.541],[-21.003,20.655],[-13.638,10.617],[-25.975,-9.414],[-6.357,-6.661],[-27.673,-34.286],[46.674,-24.782],[-11.512,-19.153],[-47.375,5.589],[2.81,31.411],[-12.011,5.693],[-40.077,42.699],[-29,1.25]],"v":[[-315,-82.75],[-309.225,-98.999],[-366.554,-130.483],[-379.841,-84.647],[-363.282,-66.501],[-332.886,48.999],[-315.129,68.995],[-305.521,93.83],[-287.75,104.5],[38.5,103.75],[86.613,97.937],[98.316,81.156],[100.902,66.362],[117.229,48.99],[148.767,-66.484],[167.494,-93.176],[156.065,-126.459],[104.931,-125.96],[98.888,-80.117],[35.978,-69.176],[-12.838,-105.86],[-42.077,-134.214],[-86.178,-173.835],[-62.31,-253.016],[-111.875,-278.089],[-159,-216.487],[-128.527,-174.973],[-194.673,-113.949],[-270.25,-68.5]],"c":true}]},{"i":{"x":0.833,"y":0.833},"o":{"x":0.167,"y":0.167},"t":89,"s":[{"i":[[0,0],[-1.275,11.999],[14.725,-12.389],[-7.466,-13.214],[-1.757,-6.907],[-1.57,-3.895],[0,0],[-9.271,-9.17],[0,0],[0,0],[-13.113,8.563],[-3.029,7.965],[-0.522,0.516],[-3.827,9.154],[-2.517,2.234],[-0.244,5.926],[15.313,13.203],[16.819,-16.54],[3.485,-2.713],[11.522,4.176],[14.838,15.547],[5.658,7.01],[-1.572,0.835],[9.098,15.137],[15.877,-1.873],[-1.5,-16.763],[4.277,-2.027],[17.473,-18.617],[23.438,-1.01]],"o":[[0,0],[3.539,-33.314],[-13.946,11.733],[8.841,15.647],[16.532,65.001],[4.636,11.501],[0,0],[9.271,9.17],[0,0],[0,0],[2.478,-1.618],[2.511,-6.602],[8.747,-8.641],[7.521,-17.99],[10.22,-9.071],[0.186,-4.512],[-11.065,-9.541],[-21.003,20.655],[-13.638,10.617],[-25.975,-9.414],[-6.357,-6.661],[-27.673,-34.286],[46.674,-24.782],[-11.512,-19.153],[-47.375,5.589],[2.81,31.411],[-12.011,5.693],[-40.077,42.699],[-29,1.25]],"v":[[-367,-94.5],[-361.225,-110.749],[-418.554,-142.233],[-431.841,-96.397],[-415.282,-78.251],[-384.886,37.249],[-367.129,57.245],[-357.521,82.08],[-339.75,92.75],[-13.5,92],[34.613,86.187],[46.316,69.406],[48.902,54.612],[65.229,37.24],[96.767,-78.234],[115.494,-104.926],[104.065,-138.209],[52.931,-137.71],[46.888,-91.867],[-16.022,-80.926],[-64.838,-117.61],[-94.077,-145.964],[-138.178,-185.585],[-114.31,-264.766],[-163.875,-289.839],[-211,-228.237],[-180.527,-186.723],[-246.673,-125.699],[-322.25,-80.25]],"c":true}]},{"i":{"x":0.833,"y":0.833},"o":{"x":0.167,"y":0.167},"t":90,"s":[{"i":[[0,0],[-1.275,11.999],[14.725,-12.389],[-7.466,-13.214],[-1.757,-6.907],[-1.57,-3.895],[0,0],[-9.271,-9.17],[0,0],[0,0],[-13.113,8.563],[-3.029,7.965],[-0.522,0.516],[-3.827,9.154],[-2.517,2.234],[-0.244,5.926],[15.313,13.203],[16.819,-16.54],[3.485,-2.713],[11.522,4.176],[14.838,15.547],[5.658,7.01],[-1.572,0.835],[9.098,15.137],[15.877,-1.873],[-1.5,-16.763],[4.277,-2.027],[17.473,-18.617],[23.438,-1.01]],"o":[[0,0],[3.539,-33.314],[-13.946,11.733],[8.841,15.647],[16.532,65.001],[4.636,11.501],[0,0],[9.271,9.17],[0,0],[0,0],[2.478,-1.618],[2.511,-6.602],[8.747,-8.641],[7.521,-17.99],[10.22,-9.071],[0.186,-4.512],[-11.065,-9.541],[-21.003,20.655],[-13.638,10.617],[-25.975,-9.414],[-6.357,-6.661],[-27.673,-34.286],[46.674,-24.782],[-11.512,-19.153],[-47.375,5.589],[2.81,31.411],[-12.011,5.693],[-40.077,42.699],[-29,1.25]],"v":[[-418.25,-105.5],[-412.475,-121.749],[-469.804,-153.233],[-483.091,-107.397],[-466.532,-89.251],[-436.136,26.249],[-418.379,46.245],[-408.771,71.08],[-391,81.75],[-64.75,81],[-16.637,75.187],[-4.934,58.406],[-2.348,43.612],[13.979,26.24],[45.517,-89.234],[64.244,-115.926],[52.815,-149.209],[1.681,-148.71],[-4.362,-102.867],[-67.272,-91.926],[-116.088,-128.61],[-145.327,-156.964],[-189.428,-196.585],[-165.56,-275.766],[-215.125,-300.839],[-262.25,-239.237],[-231.777,-197.723],[-297.923,-136.699],[-373.5,-91.25]],"c":true}]},{"i":{"x":0.833,"y":0.833},"o":{"x":0.167,"y":0.167},"t":91,"s":[{"i":[[0,0],[-1.275,11.999],[14.725,-12.389],[-7.466,-13.214],[-1.757,-6.907],[-1.57,-3.895],[0,0],[-9.271,-9.17],[0,0],[0,0],[-13.113,8.563],[-3.029,7.965],[-0.522,0.516],[-3.827,9.154],[-2.517,2.234],[-0.244,5.926],[15.313,13.203],[16.819,-16.54],[3.485,-2.713],[11.522,4.176],[14.838,15.547],[5.658,7.01],[-1.572,0.835],[9.098,15.137],[15.877,-1.873],[-1.5,-16.763],[4.277,-2.027],[17.473,-18.617],[23.438,-1.01]],"o":[[0,0],[3.539,-33.314],[-13.946,11.733],[8.841,15.647],[16.532,65.001],[4.636,11.501],[0,0],[9.271,9.17],[0,0],[0,0],[2.478,-1.618],[2.511,-6.602],[8.747,-8.641],[7.521,-17.99],[10.22,-9.071],[0.186,-4.512],[-11.065,-9.541],[-21.003,20.655],[-13.638,10.617],[-25.975,-9.414],[-6.357,-6.661],[-27.673,-34.286],[46.674,-24.782],[-11.512,-19.153],[-47.375,5.589],[2.81,31.411],[-12.011,5.693],[-40.077,42.699],[-29,1.25]],"v":[[-469.5,-118.5],[-463.725,-134.749],[-521.054,-166.233],[-534.341,-120.397],[-517.782,-102.251],[-487.386,13.249],[-469.629,33.245],[-460.021,58.08],[-442.25,68.75],[-116,68],[-67.887,62.187],[-56.184,45.406],[-53.598,30.612],[-37.271,13.24],[-5.733,-102.234],[12.994,-128.926],[1.565,-162.209],[-49.569,-161.71],[-55.612,-115.867],[-118.522,-104.926],[-167.338,-141.61],[-196.577,-169.964],[-240.678,-209.585],[-216.81,-288.766],[-266.375,-313.839],[-313.5,-252.237],[-283.027,-210.723],[-349.173,-149.699],[-424.75,-104.25]],"c":true}]},{"i":{"x":0.833,"y":0.833},"o":{"x":0.167,"y":0.167},"t":92,"s":[{"i":[[0,0],[-1.275,11.999],[14.725,-12.389],[-7.466,-13.214],[-1.757,-6.907],[-1.57,-3.895],[0,0],[-9.271,-9.17],[0,0],[0,0],[-13.113,8.563],[-3.029,7.965],[-0.522,0.516],[-3.827,9.154],[-2.517,2.234],[-0.244,5.926],[15.313,13.203],[16.819,-16.54],[3.485,-2.713],[11.522,4.176],[14.838,15.547],[5.658,7.01],[-1.572,0.835],[9.098,15.137],[15.877,-1.873],[-1.5,-16.763],[4.277,-2.027],[17.473,-18.617],[23.438,-1.01]],"o":[[0,0],[3.539,-33.314],[-13.946,11.733],[8.841,15.647],[16.532,65.001],[4.636,11.501],[0,0],[9.271,9.17],[0,0],[0,0],[2.478,-1.618],[2.511,-6.602],[8.747,-8.641],[7.521,-17.99],[10.22,-9.071],[0.186,-4.512],[-11.065,-9.541],[-21.003,20.655],[-13.638,10.617],[-25.975,-9.414],[-6.357,-6.661],[-27.673,-34.286],[46.674,-24.782],[-11.512,-19.153],[-47.375,5.589],[2.81,31.411],[-12.011,5.693],[-40.077,42.699],[-29,1.25]],"v":[[-520.75,-131.75],[-514.975,-147.999],[-572.304,-179.483],[-585.591,-133.647],[-569.032,-115.501],[-538.636,-0.001],[-520.879,19.995],[-511.271,44.83],[-493.5,55.5],[-167.25,54.75],[-119.137,48.937],[-107.434,32.156],[-104.848,17.362],[-88.521,-0.01],[-56.983,-115.484],[-38.256,-142.176],[-49.685,-175.459],[-100.819,-174.96],[-106.862,-129.117],[-169.772,-118.176],[-218.588,-154.86],[-247.827,-183.214],[-291.928,-222.835],[-268.06,-302.016],[-317.625,-327.089],[-364.75,-265.487],[-334.277,-223.973],[-400.423,-162.949],[-476,-117.5]],"c":true}]},{"i":{"x":0.833,"y":0.833},"o":{"x":0.167,"y":0.167},"t":93,"s":[{"i":[[0,0],[-1.275,11.999],[14.725,-12.389],[-7.466,-13.214],[-1.757,-6.907],[-1.57,-3.895],[0,0],[-9.271,-9.17],[0,0],[0,0],[-13.113,8.563],[-3.029,7.965],[-0.522,0.516],[-3.827,9.154],[-2.517,2.234],[-0.244,5.926],[15.313,13.203],[16.819,-16.54],[3.485,-2.713],[11.522,4.176],[14.838,15.547],[5.658,7.01],[-1.572,0.835],[9.098,15.137],[15.877,-1.873],[-1.5,-16.763],[4.277,-2.027],[17.473,-18.617],[23.438,-1.01]],"o":[[0,0],[3.539,-33.314],[-13.946,11.733],[8.841,15.647],[16.532,65.001],[4.636,11.501],[0,0],[9.271,9.17],[0,0],[0,0],[2.478,-1.618],[2.511,-6.602],[8.747,-8.641],[7.521,-17.99],[10.22,-9.071],[0.186,-4.512],[-11.065,-9.541],[-21.003,20.655],[-13.638,10.617],[-25.975,-9.414],[-6.357,-6.661],[-27.673,-34.286],[46.674,-24.782],[-11.512,-19.153],[-47.375,5.589],[2.81,31.411],[-12.011,5.693],[-40.077,42.699],[-29,1.25]],"v":[[-572.25,-145],[-566.475,-161.249],[-623.804,-192.733],[-637.091,-146.897],[-620.532,-128.751],[-590.136,-13.251],[-572.379,6.745],[-562.771,31.58],[-545,42.25],[-218.75,41.5],[-170.637,35.687],[-158.934,18.906],[-156.348,4.112],[-140.021,-13.26],[-108.483,-128.734],[-89.756,-155.426],[-101.185,-188.709],[-152.319,-188.21],[-158.362,-142.367],[-221.272,-131.426],[-270.088,-168.11],[-299.327,-196.464],[-343.428,-236.085],[-319.56,-315.266],[-369.125,-340.339],[-416.25,-278.737],[-385.777,-237.223],[-451.923,-176.199],[-527.5,-130.75]],"c":true}]},{"i":{"x":0.833,"y":0.833},"o":{"x":0.167,"y":0.167},"t":94,"s":[{"i":[[0,0],[-1.275,11.999],[14.725,-12.389],[-7.466,-13.214],[-1.757,-6.907],[-1.57,-3.895],[0,0],[-9.271,-9.17],[0,0],[0,0],[-13.113,8.563],[-3.029,7.965],[-0.522,0.516],[-3.827,9.154],[-2.517,2.234],[-0.244,5.926],[15.313,13.203],[16.819,-16.54],[3.485,-2.713],[11.522,4.176],[14.838,15.547],[5.658,7.01],[-1.572,0.835],[9.098,15.137],[15.877,-1.873],[-1.5,-16.763],[4.277,-2.027],[17.473,-18.617],[23.438,-1.01]],"o":[[0,0],[3.539,-33.314],[-13.946,11.733],[8.841,15.647],[16.532,65.001],[4.636,11.501],[0,0],[9.271,9.17],[0,0],[0,0],[2.478,-1.618],[2.511,-6.602],[8.747,-8.641],[7.521,-17.99],[10.22,-9.071],[0.186,-4.512],[-11.065,-9.541],[-21.003,20.655],[-13.638,10.617],[-25.975,-9.414],[-6.357,-6.661],[-27.673,-34.286],[46.674,-24.782],[-11.512,-19.153],[-47.375,5.589],[2.81,31.411],[-12.011,5.693],[-40.077,42.699],[-29,1.25]],"v":[[-623.25,-158.25],[-617.475,-174.499],[-674.804,-205.983],[-688.091,-160.147],[-671.532,-142.001],[-641.136,-26.501],[-623.379,-6.505],[-613.771,18.33],[-596,29],[-269.75,28.25],[-221.637,22.437],[-209.934,5.656],[-207.348,-9.138],[-191.021,-26.51],[-159.483,-141.984],[-140.756,-168.676],[-152.185,-201.959],[-203.319,-201.46],[-209.362,-155.617],[-272.272,-144.676],[-321.088,-181.36],[-350.327,-209.714],[-394.428,-249.335],[-370.56,-328.516],[-420.125,-353.589],[-467.25,-291.987],[-436.777,-250.473],[-502.923,-189.449],[-578.5,-144]],"c":true}]},{"i":{"x":0.833,"y":0.833},"o":{"x":0.167,"y":0.167},"t":95,"s":[{"i":[[0,0],[-1.275,11.999],[14.725,-12.389],[-7.466,-13.214],[-1.757,-6.907],[-1.57,-3.895],[0,0],[-9.271,-9.17],[0,0],[0,0],[-13.113,8.563],[-3.029,7.965],[-0.522,0.516],[-3.827,9.154],[-2.517,2.234],[-0.244,5.926],[15.313,13.203],[16.819,-16.54],[3.485,-2.713],[11.522,4.176],[14.838,15.547],[5.658,7.01],[-1.572,0.835],[9.098,15.137],[15.877,-1.873],[-1.5,-16.763],[4.277,-2.027],[17.473,-18.617],[23.438,-1.01]],"o":[[0,0],[3.539,-33.314],[-13.946,11.733],[8.841,15.647],[16.532,65.001],[4.636,11.501],[0,0],[9.271,9.17],[0,0],[0,0],[2.478,-1.618],[2.511,-6.602],[8.747,-8.641],[7.521,-17.99],[10.22,-9.071],[0.186,-4.512],[-11.065,-9.541],[-21.003,20.655],[-13.638,10.617],[-25.975,-9.414],[-6.357,-6.661],[-27.673,-34.286],[46.674,-24.782],[-11.512,-19.153],[-47.375,5.589],[2.81,31.411],[-12.011,5.693],[-40.077,42.699],[-29,1.25]],"v":[[-674,-173.25],[-668.225,-189.499],[-725.554,-220.983],[-738.841,-175.147],[-722.282,-157.001],[-691.886,-41.501],[-674.129,-21.505],[-664.521,3.33],[-646.75,14],[-320.5,13.25],[-272.387,7.437],[-260.684,-9.344],[-258.098,-24.138],[-241.771,-41.51],[-210.233,-156.984],[-191.506,-183.676],[-202.935,-216.959],[-254.069,-216.46],[-260.112,-170.617],[-323.022,-159.676],[-371.838,-196.36],[-401.077,-224.714],[-445.178,-264.335],[-421.31,-343.516],[-470.875,-368.589],[-518,-306.987],[-487.527,-265.473],[-553.673,-204.449],[-629.25,-159]],"c":true}]},{"i":{"x":0.833,"y":0.833},"o":{"x":0.167,"y":0.167},"t":96,"s":[{"i":[[0,0],[-1.275,11.999],[14.725,-12.389],[-7.466,-13.214],[-1.757,-6.907],[-1.57,-3.895],[0,0],[-9.271,-9.17],[0,0],[0,0],[-13.113,8.563],[-3.029,7.965],[-0.522,0.516],[-3.827,9.154],[-2.517,2.234],[-0.244,5.926],[15.313,13.203],[16.819,-16.54],[3.485,-2.713],[11.522,4.176],[14.838,15.547],[5.658,7.01],[-1.572,0.835],[9.098,15.137],[15.877,-1.873],[-1.5,-16.763],[4.277,-2.027],[17.473,-18.617],[23.438,-1.01]],"o":[[0,0],[3.539,-33.314],[-13.946,11.733],[8.841,15.647],[16.532,65.001],[4.636,11.501],[0,0],[9.271,9.17],[0,0],[0,0],[2.478,-1.618],[2.511,-6.602],[8.747,-8.641],[7.521,-17.99],[10.22,-9.071],[0.186,-4.512],[-11.065,-9.541],[-21.003,20.655],[-13.638,10.617],[-25.975,-9.414],[-6.357,-6.661],[-27.673,-34.286],[46.674,-24.782],[-11.512,-19.153],[-47.375,5.589],[2.81,31.411],[-12.011,5.693],[-40.077,42.699],[-29,1.25]],"v":[[-725,-187.75],[-719.225,-203.999],[-776.554,-235.483],[-789.841,-189.647],[-773.282,-171.501],[-742.886,-56.001],[-725.129,-36.005],[-715.521,-11.17],[-697.75,-0.5],[-371.5,-1.25],[-323.387,-7.063],[-311.684,-23.844],[-309.098,-38.638],[-292.771,-56.01],[-261.233,-171.484],[-242.506,-198.176],[-253.935,-231.459],[-305.069,-230.96],[-311.112,-185.117],[-374.022,-174.176],[-422.838,-210.86],[-452.077,-239.214],[-496.178,-278.835],[-472.31,-358.016],[-521.875,-383.089],[-569,-321.487],[-538.527,-279.973],[-604.673,-218.949],[-680.25,-173.5]],"c":true}]},{"i":{"x":0.833,"y":0.833},"o":{"x":0.167,"y":0.167},"t":97,"s":[{"i":[[0,0],[-1.275,11.999],[14.725,-12.389],[-7.466,-13.214],[-1.757,-6.907],[-1.57,-3.895],[0,0],[-9.271,-9.17],[0,0],[0,0],[-13.113,8.563],[-3.029,7.965],[-0.522,0.516],[-3.827,9.154],[-2.517,2.234],[-0.244,5.926],[15.313,13.203],[16.819,-16.54],[3.485,-2.713],[11.522,4.176],[14.838,15.547],[5.658,7.01],[-1.572,0.835],[9.098,15.137],[15.877,-1.873],[-1.5,-16.763],[4.277,-2.027],[17.473,-18.617],[23.438,-1.01]],"o":[[0,0],[3.539,-33.314],[-13.946,11.733],[8.841,15.647],[16.532,65.001],[4.636,11.501],[0,0],[9.271,9.17],[0,0],[0,0],[2.478,-1.618],[2.511,-6.602],[8.747,-8.641],[7.521,-17.99],[10.22,-9.071],[0.186,-4.512],[-11.065,-9.541],[-21.003,20.655],[-13.638,10.617],[-25.975,-9.414],[-6.357,-6.661],[-27.673,-34.286],[46.674,-24.782],[-11.512,-19.153],[-47.375,5.589],[2.81,31.411],[-12.011,5.693],[-40.077,42.699],[-29,1.25]],"v":[[-776,-202.5],[-770.225,-218.749],[-827.554,-250.233],[-840.841,-204.397],[-824.282,-186.251],[-793.886,-70.751],[-776.129,-50.755],[-766.521,-25.92],[-748.75,-15.25],[-422.5,-16],[-374.387,-21.813],[-362.684,-38.594],[-360.098,-53.388],[-343.771,-70.76],[-312.233,-186.234],[-293.506,-212.926],[-304.935,-246.209],[-356.069,-245.71],[-362.112,-199.867],[-425.022,-188.926],[-473.838,-225.61],[-503.077,-253.964],[-547.178,-293.585],[-523.31,-372.766],[-572.875,-397.839],[-620,-336.237],[-589.527,-294.723],[-655.673,-233.699],[-731.25,-188.25]],"c":true}]},{"t":98.0000039916218,"s":[{"i":[[0,0],[-1.275,11.999],[14.725,-12.389],[-7.466,-13.214],[-1.757,-6.907],[-1.57,-3.895],[0,0],[-9.271,-9.17],[0,0],[0,0],[-13.113,8.563],[-3.029,7.965],[-0.522,0.516],[-3.827,9.154],[-2.517,2.234],[-0.244,5.926],[15.313,13.203],[16.819,-16.54],[3.485,-2.713],[11.522,4.176],[14.838,15.547],[5.658,7.01],[-1.572,0.835],[9.098,15.137],[15.877,-1.873],[-1.5,-16.763],[4.277,-2.027],[17.473,-18.617],[23.438,-1.01]],"o":[[0,0],[3.539,-33.314],[-13.946,11.733],[8.841,15.647],[16.532,65.001],[4.636,11.501],[0,0],[9.271,9.17],[0,0],[0,0],[2.478,-1.618],[2.511,-6.602],[8.747,-8.641],[7.521,-17.99],[10.22,-9.071],[0.186,-4.512],[-11.065,-9.541],[-21.003,20.655],[-13.638,10.617],[-25.975,-9.414],[-6.357,-6.661],[-27.673,-34.286],[46.674,-24.782],[-11.512,-19.153],[-47.375,5.589],[2.81,31.411],[-12.011,5.693],[-40.077,42.699],[-29,1.25]],"v":[[-827.25,-216.5],[-821.475,-232.749],[-878.804,-264.233],[-892.091,-218.397],[-875.532,-200.251],[-845.136,-84.751],[-827.379,-64.755],[-817.771,-39.92],[-800,-29.25],[-473.75,-30],[-425.637,-35.813],[-413.934,-52.594],[-411.348,-67.388],[-395.021,-84.76],[-363.483,-200.234],[-344.756,-226.926],[-356.185,-260.209],[-407.319,-259.71],[-413.362,-213.867],[-476.272,-202.926],[-525.088,-239.61],[-554.327,-267.964],[-598.428,-307.585],[-574.56,-386.766],[-624.125,-411.839],[-671.25,-350.237],[-640.777,-308.723],[-706.923,-247.699],[-782.5,-202.25]],"c":true}]}]},"o":{"a":0,"k":100},"x":{"a":0,"k":0},"nm":"Mask 1"}],"shapes":[{"ty":"gr","it":[{"ind":0,"ty":"sh","ks":{"a":0,"k":{"i":[[0,0],[0,0],[0,0],[0,0]],"o":[[0,0],[0,0],[0,0],[0,0]],"v":[[-246,-434.5],[-453,191.5],[-422,197.5],[-214,-426.5]],"c":true}},"nm":"Path 1","hd":false},{"ty":"st","c":{"a":0,"k":[0,0,0,1]},"o":{"a":0,"k":100},"w":{"a":0,"k":0},"lc":1,"lj":1,"ml":4,"bm":0,"nm":"Stroke 1","hd":false},{"ty":"fl","c":{"a":0,"k":[0.981776218788,1,0.690196018593,1]},"o":{"a":0,"k":100},"r":1,"bm":0,"nm":"Fill 1","hd":false},{"ty":"tr","p":{"a":0,"k":[0,0]},"a":{"a":0,"k":[0,0]},"s":{"a":0,"k":[100,100]},"r":{"a":0,"k":0},"o":{"a":0,"k":100},"sk":{"a":0,"k":0},"sa":{"a":0,"k":0},"nm":"Transform"}],"nm":"Shape 2","bm":0,"hd":false},{"ty":"gr","it":[{"ind":0,"ty":"sh","ks":{"a":0,"k":{"i":[[0,0],[0,0],[0,0],[0,0]],"o":[[0,0],[0,0],[0,0],[0,0]],"v":[[-184,-396.5],[-382,185.5],[-264,185.5],[-80,-371.5]],"c":true}},"nm":"Path 1","hd":false},{"ty":"st","c":{"a":0,"k":[0,0,0,1]},"o":{"a":0,"k":100},"w":{"a":0,"k":0},"lc":1,"lj":1,"ml":4,"bm":0,"nm":"Stroke 1","hd":false},{"ty":"fl","c":{"a":0,"k":[0.981776218788,1,0.690196018593,1]},"o":{"a":0,"k":100},"r":1,"bm":0,"nm":"Fill 1","hd":false},{"ty":"tr","p":{"a":0,"k":[0,0]},"a":{"a":0,"k":[0,0]},"s":{"a":0,"k":[100,100]},"r":{"a":0,"k":0},"o":{"a":0,"k":100},"sk":{"a":0,"k":0},"sa":{"a":0,"k":0},"nm":"Transform"}],"nm":"Shape 1","bm":0,"hd":false}],"ip":0,"op":450.000018328876,"st":0,"bm":0},{"ddd":0,"ind":6,"ty":4,"nm":"Layer 3 Outlines","parent":10,"sr":1,"ks":{"p":{"a":0,"k":[257.958,5.481,0]},"a":{"a":0,"k":[209.173,41.778,0]}},"ao":0,"shapes":[{"ty":"gr","it":[{"ind":0,"ty":"sh","ks":{"a":0,"k":{"i":[[-22.935,0],[0,-22.935],[22.936,0],[0,22.936]],"o":[[22.936,0],[0,22.936],[-22.935,0],[0,-22.935]],"v":[[167.396,-41.528],[208.922,0],[167.396,41.528],[125.867,0]],"c":true}},"nm":"Path 1","hd":false},{"ind":1,"ty":"sh","ks":{"a":0,"k":{"i":[[-22.935,0],[0,-22.935],[22.937,0],[0,22.936]],"o":[[22.937,0],[0,22.936],[-22.935,0],[0,-22.935]],"v":[[-167.395,-41.528],[-125.866,0],[-167.395,41.528],[-208.922,0]],"c":true}},"nm":"Path 2","hd":false},{"ty":"mm","mm":1,"nm":"Merge Paths 1","hd":false},{"ty":"fl","c":{"a":0,"k":[0.909803921569,0.61568627451,0.141176470588,1]},"o":{"a":0,"k":100},"r":1,"bm":0,"nm":"Fill 1","hd":false},{"ty":"tr","p":{"a":0,"k":[209.172,41.778]},"a":{"a":0,"k":[0,0]},"s":{"a":0,"k":[100,100]},"r":{"a":0,"k":0},"o":{"a":0,"k":100},"sk":{"a":0,"k":0},"sa":{"a":0,"k":0},"nm":"Transform"}],"nm":"Group 1","bm":0,"hd":false}],"ip":0,"op":450.000018328876,"st":0,"bm":0},{"ddd":0,"ind":7,"ty":4,"nm":"Layer 4 Outlines","parent":10,"sr":1,"ks":{"p":{"a":0,"k":[257.958,84.689,0]},"a":{"a":0,"k":[275.715,37.128,0]}},"ao":0,"shapes":[{"ty":"gr","it":[{"ind":0,"ty":"sh","ks":{"a":0,"k":{"i":[[-20.312,0],[0,20.312],[20.312,0],[0,-20.312]],"o":[[20.312,0],[0,-20.312],[-20.312,0],[0,20.312]],"v":[[0,36.878],[36.878,0],[0,-36.878],[-36.878,0]],"c":true}},"nm":"Path 1","hd":false},{"ty":"fl","c":{"a":0,"k":[0.980392156863,0.780392156863,0.16862745098,1]},"o":{"a":0,"k":100},"r":1,"bm":0,"nm":"Fill 1","hd":false},{"ty":"tr","p":{"a":0,"k":[514.303,37.128]},"a":{"a":0,"k":[0,0]},"s":{"a":0,"k":[100,100]},"r":{"a":0,"k":0},"o":{"a":0,"k":100},"sk":{"a":0,"k":0},"sa":{"a":0,"k":0},"nm":"Transform"}],"nm":"Group 2","bm":0,"hd":false},{"ty":"gr","it":[{"ind":0,"ty":"sh","ks":{"a":0,"k":{"i":[[-20.312,0],[0,20.312],[20.312,0],[0,-20.312]],"o":[[20.312,0],[0,-20.312],[-20.312,0],[0,20.312]],"v":[[0,36.878],[36.878,0],[0,-36.878],[-36.878,0]],"c":true}},"nm":"Path 1","hd":false},{"ty":"fl","c":{"a":0,"k":[0.980392156863,0.780392156863,0.16862745098,1]},"o":{"a":0,"k":100},"r":1,"bm":0,"nm":"Fill 1","hd":false},{"ty":"tr","p":{"a":0,"k":[37.128,37.128]},"a":{"a":0,"k":[0,0]},"s":{"a":0,"k":[100,100]},"r":{"a":0,"k":0},"o":{"a":0,"k":100},"sk":{"a":0,"k":0},"sa":{"a":0,"k":0},"nm":"Transform"}],"nm":"Group 4","bm":0,"hd":false}],"ip":0,"op":450.000018328876,"st":0,"bm":0},{"ddd":0,"ind":8,"ty":4,"nm":"Layer 5 Outlines","parent":10,"sr":1,"ks":{"p":{"a":0,"k":[257.959,-40.697,0]},"a":{"a":0,"k":[54.124,54.125,0]}},"ao":0,"shapes":[{"ty":"gr","it":[{"ind":0,"ty":"sh","ks":{"a":0,"k":{"i":[[-29.671,0],[0,29.672],[29.673,0],[0,-29.673]],"o":[[29.673,0],[0,-29.673],[-29.671,0],[0,29.672]],"v":[[-0.001,53.874],[53.874,0.001],[-0.001,-53.874],[-53.874,0.001]],"c":true}},"nm":"Path 1","hd":false},{"ty":"fl","c":{"a":0,"k":[0.980392216701,0.780392216701,0.16862745098,1]},"o":{"a":0,"k":100},"r":1,"bm":0,"nm":"Fill 1","hd":false},{"ty":"tr","p":{"a":0,"k":[54.124,54.124]},"a":{"a":0,"k":[0,0]},"s":{"a":0,"k":[100,100]},"r":{"a":0,"k":0},"o":{"a":0,"k":100},"sk":{"a":0,"k":0},"sa":{"a":0,"k":0},"nm":"Transform"}],"nm":"Group 2","bm":0,"hd":false}],"ip":0,"op":450.000018328876,"st":0,"bm":0},{"ddd":0,"ind":9,"ty":4,"nm":"shadow","sr":1,"ks":{"o":{"a":1,"k":[{"i":{"x":[0.667],"y":[1]},"o":{"x":[0.333],"y":[0]},"t":0,"s":[44]},{"i":{"x":[0.667],"y":[1]},"o":{"x":[0.333],"y":[0]},"t":24,"s":[36]},{"i":{"x":[0.667],"y":[1]},"o":{"x":[0.333],"y":[0]},"t":48,"s":[44]},{"i":{"x":[0.667],"y":[1]},"o":{"x":[0.333],"y":[0]},"t":72,"s":[36]},{"i":{"x":[0.667],"y":[1]},"o":{"x":[0.333],"y":[0]},"t":96,"s":[44]},{"i":{"x":[0.667],"y":[1]},"o":{"x":[0.333],"y":[0]},"t":120,"s":[36]},{"t":144.00000586524,"s":[44]}]},"p":{"a":0,"k":[808.341,667.017,0]},"a":{"a":0,"k":[185.283,10.351,0]},"s":{"a":1,"k":[{"i":{"x":[0.667,0.667,0.667],"y":[1,1,1]},"o":{"x":[0.333,0.333,0.333],"y":[0,0,0]},"t":0,"s":[104,104,100]},{"i":{"x":[0.667,0.667,0.667],"y":[1,1,1]},"o":{"x":[0.333,0.333,0.333],"y":[0,0,0]},"t":24,"s":[100,100,100]},{"i":{"x":[0.667,0.667,0.667],"y":[1,1,1]},"o":{"x":[0.333,0.333,0.333],"y":[0,0,0]},"t":48,"s":[104,104,100]},{"i":{"x":[0.667,0.667,0.667],"y":[1,1,1]},"o":{"x":[0.333,0.333,0.333],"y":[0,0,0]},"t":72,"s":[100,100,100]},{"i":{"x":[0.667,0.667,0.667],"y":[1,1,1]},"o":{"x":[0.333,0.333,0.333],"y":[0,0,0]},"t":96,"s":[104,104,100]},{"i":{"x":[0.667,0.667,0.667],"y":[1,1,1]},"o":{"x":[0.333,0.333,0.333],"y":[0,0,0]},"t":120,"s":[100,100,100]},{"t":144.00000586524,"s":[104,104,100]}]}},"ao":0,"shapes":[{"ty":"gr","it":[{"ind":0,"ty":"sh","ks":{"a":0,"k":{"i":[[-101.912,0],[0,5.565],[101.912,0],[0,-5.563]],"o":[[101.912,0],[0,-5.563],[-101.912,0],[0,5.565]],"v":[[-0.001,10.1],[185.033,-0.001],[-0.001,-10.1],[-185.033,-0.001]],"c":true}},"nm":"Path 1","hd":false},{"ty":"fl","c":{"a":0,"k":[0.113972046796,0.093653518078,0.095616479013,1]},"o":{"a":0,"k":100},"r":1,"bm":0,"nm":"Fill 1","hd":false},{"ty":"tr","p":{"a":0,"k":[185.283,10.351]},"a":{"a":0,"k":[0,0]},"s":{"a":0,"k":[100,100]},"r":{"a":0,"k":0},"o":{"a":0,"k":100},"sk":{"a":0,"k":0},"sa":{"a":0,"k":0},"nm":"Transform"}],"nm":"Group 1","bm":0,"hd":false}],"ip":0,"op":450.000018328876,"st":0,"bm":0},{"ddd":0,"ind":10,"ty":4,"nm":"crown (parent)","sr":1,"ks":{"p":{"a":1,"k":[{"i":{"x":0.667,"y":1},"o":{"x":0.333,"y":0},"t":0,"s":[808.341,453.512,0],"to":[0,-4.167,0],"ti":[0,0,0]},{"i":{"x":0.667,"y":1},"o":{"x":0.333,"y":0},"t":24,"s":[808.341,428.512,0],"to":[0,0,0],"ti":[0,0,0]},{"i":{"x":0.667,"y":1},"o":{"x":0.333,"y":0},"t":48,"s":[808.341,453.512,0],"to":[0,0,0],"ti":[0,0,0]},{"i":{"x":0.667,"y":1},"o":{"x":0.333,"y":0},"t":72,"s":[808.341,428.512,0],"to":[0,0,0],"ti":[0,0,0]},{"i":{"x":0.667,"y":1},"o":{"x":0.333,"y":0},"t":96,"s":[808.341,453.512,0],"to":[0,0,0],"ti":[0,0,0]},{"i":{"x":0.667,"y":1},"o":{"x":0.333,"y":0},"t":120,"s":[808.341,428.512,0],"to":[0,0,0],"ti":[0,-4.167,0]},{"t":144.00000586524,"s":[808.341,453.512,0]}]},"a":{"a":0,"k":[257.959,126.604,0]}},"ao":0,"shapes":[{"ty":"gr","it":[{"ind":0,"ty":"sh","ks":{"a":0,"k":{"i":[[2.165,-8.079],[0,0],[14.031,0],[0,0],[3.631,13.554],[0,0],[-6.331,5.464],[-7.675,-3.324],[0,0],[-21.476,21.477],[0,0],[-21.245,-21.247],[0,0],[-27.867,12.071],[0,0],[-6.33,-5.463]],"o":[[0,0],[-3.632,13.554],[0,0],[-14.033,0],[0,0],[-2.165,-8.079],[6.332,-5.463],[0,0],[27.869,12.071],[0,0],[21.245,-21.247],[0,0],[21.475,21.477],[0,0],[7.674,-3.324],[6.332,5.464]],"v":[[255.544,-6.166],[226.108,103.693],[196.577,126.354],[-196.577,126.354],[-226.108,103.693],[-255.544,-6.166],[-248.892,-27.788],[-226.528,-31.204],[-192.198,-16.334],[-112.079,-31.604],[-38.574,-105.107],[38.573,-105.107],[112.079,-31.604],[192.196,-16.334],[226.528,-31.204],[248.89,-27.788]],"c":true}},"nm":"Path 1","hd":false},{"ty":"fl","c":{"a":0,"k":[0.980392156863,0.780392156863,0.16862745098,1]},"o":{"a":0,"k":100},"r":1,"bm":0,"nm":"Fill 1","hd":false},{"ty":"tr","p":{"a":0,"k":[257.959,126.604]},"a":{"a":0,"k":[0,0]},"s":{"a":0,"k":[100,100]},"r":{"a":0,"k":0},"o":{"a":0,"k":100},"sk":{"a":0,"k":0},"sa":{"a":0,"k":0},"nm":"Transform"}],"nm":"Group 1","bm":0,"hd":false}],"ip":0,"op":450.000018328876,"st":0,"bm":0},{"ddd":0,"ind":11,"ty":4,"nm":"Layer 24 Outlines","parent":10,"sr":1,"ks":{"p":{"a":0,"k":[257.959,95.021,0]},"a":{"a":0,"k":[138.386,33.361,0]}},"ao":0,"shapes":[{"ty":"gr","it":[{"ind":0,"ty":"sh","ks":{"a":0,"k":{"i":[[0,0],[0,0],[3.7,1.705],[3.576,-1.935],[0,0]],"o":[[0,0],[-0.856,-3.982],[-3.696,-1.702],[0,0],[0,0]],"v":[[138.136,33.111],[126.061,-23.095],[119.401,-31.409],[108.753,-31.067],[50.707,0.326]],"c":true}},"nm":"Path 1","hd":false},{"ind":1,"ty":"sh","ks":{"a":0,"k":{"i":[[0,0],[0,0],[0,0],[3.693,-1.702],[0.856,-3.982]],"o":[[0,0],[0,0],[-3.577,-1.935],[-3.7,1.705],[0,0]],"v":[[-138.136,33.111],[-50.708,0.326],[-108.753,-31.067],[-119.4,-31.409],[-126.061,-23.095]],"c":true}},"nm":"Path 2","hd":false},{"ty":"mm","mm":1,"nm":"Merge Paths 1","hd":false},{"ty":"fl","c":{"a":0,"k":[0.745098039216,0.482352941176,0.121568627451,1]},"o":{"a":0,"k":100},"r":1,"bm":0,"nm":"Fill 1","hd":false},{"ty":"tr","p":{"a":0,"k":[138.386,33.361]},"a":{"a":0,"k":[0,0]},"s":{"a":0,"k":[100,100]},"r":{"a":0,"k":0},"o":{"a":0,"k":100},"sk":{"a":0,"k":0},"sa":{"a":0,"k":0},"nm":"Transform"}],"nm":"Group 1","bm":0,"hd":false}],"ip":0,"op":450.000018328876,"st":0,"bm":0},{"ddd":0,"ind":12,"ty":4,"nm":"Layer 25 Outlines","parent":10,"sr":1,"ks":{"p":{"a":0,"k":[257.959,101.443,0]},"a":{"a":0,"k":[202.466,72.37,0]}},"ao":0,"shapes":[{"ty":"gr","it":[{"ind":0,"ty":"sh","ks":{"a":0,"k":{"i":[[0,0],[0,0],[11.42,5.261],[11.062,-5.982],[0,0]],"o":[[0,0],[-2.64,-12.294],[-11.421,-5.261],[0,0],[0,0]],"v":[[202.216,72.12],[178.156,-39.863],[156.531,-66.859],[121.958,-65.751],[4.281,-2.105]],"c":true}},"nm":"Path 1","hd":false},{"ind":1,"ty":"sh","ks":{"a":0,"k":{"i":[[0,0],[0,0],[-11.421,5.261],[-11.061,-5.982],[0,0]],"o":[[0,0],[2.641,-12.294],[11.421,-5.261],[0,0],[0,0]],"v":[[-202.216,72.12],[-178.156,-39.863],[-156.531,-66.859],[-121.958,-65.751],[-4.283,-2.105]],"c":true}},"nm":"Path 2","hd":false},{"ty":"mm","mm":1,"nm":"Merge Paths 1","hd":false},{"ty":"fl","c":{"a":0,"k":[0.909803921569,0.61568627451,0.141176470588,1]},"o":{"a":0,"k":100},"r":1,"bm":0,"nm":"Fill 1","hd":false},{"ty":"tr","p":{"a":0,"k":[202.466,72.371]},"a":{"a":0,"k":[0,0]},"s":{"a":0,"k":[100,100]},"r":{"a":0,"k":0},"o":{"a":0,"k":100},"sk":{"a":0,"k":0},"sa":{"a":0,"k":0},"nm":"Transform"}],"nm":"Group 1","bm":0,"hd":false}],"ip":0,"op":450.000018328876,"st":0,"bm":0},{"ddd":0,"ind":13,"ty":4,"nm":"Layer 26 Outlines","parent":10,"sr":1,"ks":{"p":{"a":0,"k":[257.959,250.478,0]},"a":{"a":0,"k":[207.699,16.604,0]}},"ao":0,"shapes":[{"ty":"gr","it":[{"ind":0,"ty":"sh","ks":{"a":0,"k":{"i":[[0,0],[0,0],[1.491,-3.791],[0,0],[0,4.306],[0,0]],"o":[[0,0],[0,4.306],[0,0],[-1.491,-3.791],[0,0],[0,0]],"v":[[207.449,-16.355],[207.449,4.135],[205.136,16.355],[-205.136,16.355],[-207.449,4.135],[-207.449,-16.355]],"c":true}},"nm":"Path 1","hd":false},{"ty":"fl","c":{"a":0,"k":[0.909803921569,0.61568627451,0.141176470588,1]},"o":{"a":0,"k":100},"r":1,"bm":0,"nm":"Fill 1","hd":false},{"ty":"tr","p":{"a":0,"k":[207.699,16.604]},"a":{"a":0,"k":[0,0]},"s":{"a":0,"k":[100,100]},"r":{"a":0,"k":0},"o":{"a":0,"k":100},"sk":{"a":0,"k":0},"sa":{"a":0,"k":0},"nm":"Transform"}],"nm":"Group 1","bm":0,"hd":false}],"ip":0,"op":450.000018328876,"st":0,"bm":0},{"ddd":0,"ind":14,"ty":4,"nm":"Layer 27 Outlines","parent":10,"sr":1,"ks":{"p":{"a":0,"k":[257.959,238.753,0]},"a":{"a":0,"k":[207.699,49.735,0]}},"ao":0,"shapes":[{"ty":"gr","it":[{"ind":0,"ty":"sh","ks":{"a":0,"k":{"i":[[0,0],[0,0],[0,0],[18.491,0],[0,0],[0,18.491]],"o":[[0,0],[0,0],[0,18.491],[0,0],[-18.492,0],[0,0]],"v":[[-207.448,-49.485],[207.448,-49.485],[207.448,15.861],[173.826,49.485],[-173.826,49.485],[-207.448,15.861]],"c":true}},"nm":"Path 1","hd":false},{"ty":"fl","c":{"a":0,"k":[0.972549019608,0.686274509804,0.152941176471,1]},"o":{"a":0,"k":100},"r":1,"bm":0,"nm":"Fill 1","hd":false},{"ty":"tr","p":{"a":0,"k":[207.698,49.735]},"a":{"a":0,"k":[0,0]},"s":{"a":0,"k":[100,100]},"r":{"a":0,"k":0},"o":{"a":0,"k":100},"sk":{"a":0,"k":0},"sa":{"a":0,"k":0},"nm":"Transform"}],"nm":"Group 1","bm":0,"hd":false}],"ip":0,"op":450.000018328876,"st":0,"bm":0},{"ddd":0,"ind":15,"ty":4,"nm":"star4","sr":1,"ks":{"r":{"a":0,"k":30},"p":{"a":0,"k":[536,652,0]},"a":{"a":0,"k":[-246,-284.5,0]},"s":{"a":1,"k":[{"i":{"x":[0.667,0.667,0.667],"y":[1,1,1]},"o":{"x":[0.333,0.333,0.333],"y":[0,0,0]},"t":0,"s":[74,74,100]},{"i":{"x":[0.667,0.667,0.667],"y":[1,1,1]},"o":{"x":[0.333,0.333,0.333],"y":[0,0,0]},"t":26,"s":[100,100,100]},{"i":{"x":[0.667,0.667,0.667],"y":[1,1,1]},"o":{"x":[0.333,0.333,0.333],"y":[0,0,0]},"t":51,"s":[74,74,100]},{"i":{"x":[0.667,0.667,0.667],"y":[1,1,1]},"o":{"x":[0.333,0.333,0.333],"y":[0,0,0]},"t":76,"s":[100,100,100]},{"i":{"x":[0.667,0.667,0.667],"y":[1,1,1]},"o":{"x":[0.333,0.333,0.333],"y":[0,0,0]},"t":98,"s":[74,74,100]},{"i":{"x":[0.667,0.667,0.667],"y":[1,1,1]},"o":{"x":[0.333,0.333,0.333],"y":[0,0,0]},"t":122,"s":[100,100,100]},{"t":144.00000586524,"s":[74,74,100]}]}},"ao":0,"shapes":[{"ty":"gr","it":[{"ty":"sr","sy":1,"d":1,"pt":{"a":0,"k":4},"p":{"a":0,"k":[0,0]},"r":{"a":0,"k":161.966},"ir":{"a":0,"k":38.222},"is":{"a":0,"k":42},"or":{"a":0,"k":100.443},"os":{"a":0,"k":22},"nm":"Polystar Path 1","hd":false},{"ty":"st","c":{"a":0,"k":[0,0,0,1]},"o":{"a":0,"k":100},"w":{"a":0,"k":0},"lc":1,"lj":1,"ml":4,"bm":0,"nm":"Stroke 1","hd":false},{"ty":"fl","c":{"a":0,"k":[0.976470588235,0.98431372549,0.694117647059,1]},"o":{"a":0,"k":100},"r":1,"bm":0,"nm":"Fill 1","hd":false},{"ty":"tr","p":{"a":0,"k":[-246,-284.5]},"a":{"a":0,"k":[0,0]},"s":{"a":0,"k":[100,100]},"r":{"a":0,"k":0},"o":{"a":0,"k":100},"sk":{"a":0,"k":0},"sa":{"a":0,"k":0},"nm":"Transform"}],"nm":"Polystar 1","bm":0,"hd":false}],"ip":0,"op":450.000018328876,"st":0,"bm":0},{"ddd":0,"ind":16,"ty":4,"nm":"star3","sr":1,"ks":{"r":{"a":0,"k":17},"p":{"a":0,"k":[918,212,0]},"a":{"a":0,"k":[-246,-284.5,0]},"s":{"a":1,"k":[{"i":{"x":[0.667,0.667,0.667],"y":[1,1,1]},"o":{"x":[0.333,0.333,0.333],"y":[0,0,0]},"t":0,"s":[74,74,100]},{"i":{"x":[0.667,0.667,0.667],"y":[1,1,1]},"o":{"x":[0.333,0.333,0.333],"y":[0,0,0]},"t":34,"s":[100,100,100]},{"i":{"x":[0.667,0.667,0.667],"y":[1,1,1]},"o":{"x":[0.333,0.333,0.333],"y":[0,0,0]},"t":51,"s":[74,74,100]},{"i":{"x":[0.667,0.667,0.667],"y":[1,1,1]},"o":{"x":[0.333,0.333,0.333],"y":[0,0,0]},"t":78,"s":[100,100,100]},{"i":{"x":[0.667,0.667,0.667],"y":[1,1,1]},"o":{"x":[0.333,0.333,0.333],"y":[0,0,0]},"t":102,"s":[74,74,100]},{"i":{"x":[0.667,0.667,0.667],"y":[1,1,1]},"o":{"x":[0.333,0.333,0.333],"y":[0,0,0]},"t":129,"s":[100,100,100]},{"t":144.00000586524,"s":[74,74,100]}]}},"ao":0,"shapes":[{"ty":"gr","it":[{"ty":"sr","sy":1,"d":1,"pt":{"a":0,"k":4},"p":{"a":0,"k":[0,0]},"r":{"a":0,"k":161.966},"ir":{"a":0,"k":38.222},"is":{"a":0,"k":42},"or":{"a":0,"k":100.443},"os":{"a":0,"k":22},"nm":"Polystar Path 1","hd":false},{"ty":"st","c":{"a":0,"k":[0,0,0,1]},"o":{"a":0,"k":100},"w":{"a":0,"k":0},"lc":1,"lj":1,"ml":4,"bm":0,"nm":"Stroke 1","hd":false},{"ty":"fl","c":{"a":0,"k":[0.976470588235,0.98431372549,0.694117647059,1]},"o":{"a":0,"k":100},"r":1,"bm":0,"nm":"Fill 1","hd":false},{"ty":"tr","p":{"a":0,"k":[-246,-284.5]},"a":{"a":0,"k":[0,0]},"s":{"a":0,"k":[100,100]},"r":{"a":0,"k":0},"o":{"a":0,"k":100},"sk":{"a":0,"k":0},"sa":{"a":0,"k":0},"nm":"Transform"}],"nm":"Polystar 1","bm":0,"hd":false}],"ip":0,"op":450.000018328876,"st":0,"bm":0},{"ddd":0,"ind":17,"ty":4,"nm":"star2","sr":1,"ks":{"p":{"a":0,"k":[1108,530,0]},"a":{"a":0,"k":[-246,-284.5,0]},"s":{"a":1,"k":[{"i":{"x":[0.667,0.667,0.667],"y":[1,1,1]},"o":{"x":[0.333,0.333,0.333],"y":[0,0,0]},"t":0,"s":[74,74,100]},{"i":{"x":[0.667,0.667,0.667],"y":[1,1,1]},"o":{"x":[0.333,0.333,0.333],"y":[0,0,0]},"t":26,"s":[100,100,100]},{"i":{"x":[0.667,0.667,0.667],"y":[1,1,1]},"o":{"x":[0.333,0.333,0.333],"y":[0,0,0]},"t":62,"s":[74,74,100]},{"i":{"x":[0.667,0.667,0.667],"y":[1,1,1]},"o":{"x":[0.333,0.333,0.333],"y":[0,0,0]},"t":98,"s":[100,100,100]},{"t":144.00000586524,"s":[74,74,100]}]}},"ao":0,"shapes":[{"ty":"gr","it":[{"ty":"sr","sy":1,"d":1,"pt":{"a":0,"k":4},"p":{"a":0,"k":[0,0]},"r":{"a":0,"k":161.966},"ir":{"a":0,"k":38.222},"is":{"a":0,"k":42},"or":{"a":0,"k":100.443},"os":{"a":0,"k":22},"nm":"Polystar Path 1","hd":false},{"ty":"st","c":{"a":0,"k":[0,0,0,1]},"o":{"a":0,"k":100},"w":{"a":0,"k":0},"lc":1,"lj":1,"ml":4,"bm":0,"nm":"Stroke 1","hd":false},{"ty":"fl","c":{"a":0,"k":[0.980392156863,1,0.243137254902,1]},"o":{"a":0,"k":100},"r":1,"bm":0,"nm":"Fill 1","hd":false},{"ty":"tr","p":{"a":0,"k":[-246,-284.5]},"a":{"a":0,"k":[0,0]},"s":{"a":0,"k":[100,100]},"r":{"a":0,"k":0},"o":{"a":0,"k":100},"sk":{"a":0,"k":0},"sa":{"a":0,"k":0},"nm":"Transform"}],"nm":"Polystar 1","bm":0,"hd":false}],"ip":0,"op":450.000018328876,"st":0,"bm":0},{"ddd":0,"ind":18,"ty":4,"nm":"star1","sr":1,"ks":{"p":{"a":0,"k":[562,170,0]},"a":{"a":0,"k":[-246,-284.5,0]},"s":{"a":1,"k":[{"i":{"x":[0.667,0.667,0.667],"y":[1,1,1]},"o":{"x":[0.333,0.333,0.333],"y":[0,0,0]},"t":0,"s":[74,74,100]},{"i":{"x":[0.667,0.667,0.667],"y":[1,1,1]},"o":{"x":[0.333,0.333,0.333],"y":[0,0,0]},"t":39,"s":[100,100,100]},{"i":{"x":[0.667,0.667,0.667],"y":[1,1,1]},"o":{"x":[0.333,0.333,0.333],"y":[0,0,0]},"t":77,"s":[74,74,100]},{"i":{"x":[0.667,0.667,0.667],"y":[1,1,1]},"o":{"x":[0.333,0.333,0.333],"y":[0,0,0]},"t":113,"s":[100,100,100]},{"t":144.00000586524,"s":[74,74,100]}]}},"ao":0,"shapes":[{"ty":"gr","it":[{"ty":"sr","sy":1,"d":1,"pt":{"a":0,"k":4},"p":{"a":0,"k":[0,0]},"r":{"a":0,"k":161.966},"ir":{"a":0,"k":38.222},"is":{"a":0,"k":42},"or":{"a":0,"k":100.443},"os":{"a":0,"k":22},"nm":"Polystar Path 1","hd":false},{"ty":"st","c":{"a":0,"k":[0,0,0,1]},"o":{"a":0,"k":100},"w":{"a":0,"k":0},"lc":1,"lj":1,"ml":4,"bm":0,"nm":"Stroke 1","hd":false},{"ty":"fl","c":{"a":0,"k":[0.980392156863,1,0.243137254902,1]},"o":{"a":0,"k":100},"r":1,"bm":0,"nm":"Fill 1","hd":false},{"ty":"tr","p":{"a":0,"k":[-246,-284.5]},"a":{"a":0,"k":[0,0]},"s":{"a":0,"k":[100,100]},"r":{"a":0,"k":0},"o":{"a":0,"k":100},"sk":{"a":0,"k":0},"sa":{"a":0,"k":0},"nm":"Transform"}],"nm":"Polystar 1","bm":0,"hd":false}],"ip":0,"op":450.000018328876,"st":0,"bm":0},{"ddd":0,"ind":19,"ty":4,"nm":"background","sr":1,"ks":{"p":{"a":0,"k":[800,434.5,0]},"s":{"a":0,"k":[110,110,100]}},"ao":0,"shapes":[{"ty":"gr","it":[{"ty":"sr","sy":2,"d":1,"pt":{"a":0,"k":5},"p":{"a":0,"k":[0,0]},"r":{"a":0,"k":0},"or":{"a":0,"k":381.848},"os":{"a":0,"k":72},"nm":"Polystar Path 1","hd":false},{"ty":"st","c":{"a":0,"k":[0,0,0,1]},"o":{"a":0,"k":100},"w":{"a":0,"k":0},"lc":1,"lj":1,"ml":4,"bm":0,"nm":"Stroke 1","hd":false},{"ty":"gf","o":{"a":0,"k":100},"r":1,"bm":0,"g":{"p":3,"k":{"a":0,"k":[0,0.561,1,0.813,0.5,0.384,0.857,0.655,1,0.208,0.714,0.498]}},"s":{"a":0,"k":[54.727,-4]},"e":{"a":0,"k":[-339.455,376.727]},"t":2,"h":{"a":0,"k":20},"a":{"a":0,"k":0},"nm":"Gradient Fill 1","hd":false},{"ty":"tr","p":{"a":0,"k":[0,24]},"a":{"a":0,"k":[0,0]},"s":{"a":0,"k":[100,100]},"r":{"a":0,"k":0},"o":{"a":0,"k":100},"sk":{"a":0,"k":0},"sa":{"a":0,"k":0},"nm":"Transform"}],"nm":"Polystar 1","bm":0,"hd":false}],"ip":0,"op":450.000018328876,"st":0,"bm":0}],"markers":[]}