{"nm":"Comp 1","mn":"","layers":[{"ty":0,"nm":"Main_Comp","mn":"","sr":1,"st":0,"op":85.7142857142857,"ip":0,"hd":false,"cl":"","ln":"","ddd":0,"bm":0,"hasMask":false,"ao":0,"ks":{"a":{"a":0,"k":[374.5,52.5,0]},"s":{"a":0,"k":[96.128,96.128,100]},"sk":{"a":0,"k":0},"p":{"a":0,"k":[324.5,50,0]},"sa":{"a":0,"k":0},"o":{"a":0,"k":100},"r":{"a":0,"k":0}},"ef":[],"w":749,"h":105,"refId":"comp_0","ind":1}],"ddd":0,"h":100,"w":689,"meta":{"a":"","k":"","d":"","g":"@lottiefiles/toolkit-js 0.21.3","tc":"#000000"},"v":"5.6.8","fr":25,"op":85,"ip":0,"fonts":{"list":[{"ascent":75.9994506835938,"fClass":"","fFamily":"Open Sans","fName":"OpenSans","fStyle":"Regular","fPath":"","fWeight":"","origin":0}]},"chars":[{"ch":"0","fFamily":"Open Sans","size":48,"style":"Regular","w":57.18,"data":{"shapes":[{"ty":"gr","bm":0,"cl":"","ln":"","hd":false,"mn":"","nm":"0","np":0,"it":[{"ty":"sh","bm":0,"cl":"","ln":"","hd":false,"mn":"","nm":"0","d":1,"ks":{"a":0,"k":{"c":true,"i":[[4.02,6.283],[7.747,0],[3.873,-6.022],[0,-12.434],[-4.004,-6.233],[-7.683,0],[-3.89,6.087],[0,12.337]],"o":[[-4.021,-6.282],[-7.943,0],[-3.874,6.023],[0,12.045],[4.004,6.234],[8.008,0],[3.889,-6.087],[0,-11.914]],"v":[[46.167,-63.086],[28.516,-72.51],[10.791,-63.477],[4.98,-35.791],[10.986,-8.374],[28.516,0.977],[46.362,-8.154],[52.197,-35.791]]}}},{"ty":"sh","bm":0,"cl":"","ln":"","hd":false,"mn":"","nm":"0","d":1,"ks":{"a":0,"k":{"c":true,"i":[[-2.441,4.704],[-5.339,0],[-2.425,-4.768],[0,-10.254],[2.425,-4.801],[5.403,0],[2.441,4.736],[0,10.384]],"o":[[2.441,-4.704],[5.403,0],[2.425,4.769],[0,10.254],[-2.425,4.802],[-5.339,0],[-2.441,-4.736],[0,-10.384]],"v":[[16.846,-58.423],[28.516,-65.479],[40.259,-58.325],[43.896,-35.791],[40.259,-13.208],[28.516,-6.006],[16.846,-13.11],[13.184,-35.791]]}}}]}]}},{"ch":"%","fFamily":"Open Sans","size":48,"style":"Regular","w":82.32,"data":{"shapes":[{"ty":"gr","bm":0,"cl":"","ln":"","hd":false,"mn":"","nm":"%","np":0,"it":[{"ty":"sh","bm":0,"cl":"","ln":"","hd":false,"mn":"","nm":"%","d":1,"ks":{"a":0,"k":{"c":true,"i":[[-1.205,2.734],[-2.702,0],[0,-11.002],[5.338,0],[1.204,2.767],[0,5.534]],"o":[[1.204,-2.734],[5.338,0],[0,11.068],[-2.702,0],[-1.205,-2.766],[0,-5.534]],"v":[[13.623,-62.5],[19.482,-66.602],[27.49,-50.098],[19.482,-33.496],[13.623,-37.646],[11.816,-50.098]]}}},{"ty":"sh","bm":0,"cl":"","ln":"","hd":false,"mn":"","nm":"%","d":1,"ks":{"a":0,"k":{"c":true,"i":[[2.539,3.874],[4.72,0],[2.425,-3.743],[0,-7.389],[-2.523,-3.873],[-4.558,0],[-2.49,3.793],[0,7.422]],"o":[[-2.539,-3.873],[-4.753,0],[-2.425,3.744],[0,7.259],[2.522,3.874],[4.817,0],[2.49,-3.792],[0,-7.129]],"v":[[30.371,-66.602],[19.482,-72.412],[8.716,-66.797],[5.078,-50.098],[8.862,-33.398],[19.482,-27.588],[30.444,-33.276],[34.18,-50.098]]}}},{"ty":"sh","bm":0,"cl":"","ln":"","hd":false,"mn":"","nm":"%","d":1,"ks":{"a":0,"k":{"c":true,"i":[[-1.205,2.686],[-2.734,0],[-1.302,-2.686],[0,-5.566],[1.302,-2.718],[2.734,0],[1.204,2.751],[0,5.566]],"o":[[1.204,-2.686],[2.734,0],[1.302,2.686],[0,5.632],[-1.302,2.718],[-2.734,0],[-1.205,-2.75],[0,-5.566]],"v":[[56.592,-33.862],[62.5,-37.891],[68.555,-33.862],[70.508,-21.484],[68.555,-8.96],[62.5,-4.883],[56.592,-9.009],[54.785,-21.484]]}}},{"ty":"sh","bm":0,"cl":"","ln":"","hd":false,"mn":"","nm":"%","d":1,"ks":{"a":0,"k":{"c":true,"i":[[2.588,3.825],[4.622,0],[2.425,-3.743],[0,-7.389],[-2.49,-3.873],[-4.623,0],[-2.49,3.793],[0,7.39]],"o":[[-2.588,-3.825],[-4.753,0],[-2.425,3.744],[0,7.227],[2.49,3.874],[4.817,0],[2.49,-3.792],[0,-7.227]],"v":[[73.315,-38.062],[62.5,-43.799],[51.733,-38.184],[48.096,-21.484],[51.831,-4.834],[62.5,0.977],[73.462,-4.712],[77.197,-21.484]]}}},{"ty":"sh","bm":0,"cl":"","ln":"","hd":false,"mn":"","nm":"%","d":1,"ks":{"a":0,"k":{"c":true,"i":[[0,0],[0,0],[0,0],[0,0]],"o":[[0,0],[0,0],[0,0],[0,0]],"v":[[57.422,-71.387],[17.822,0],[25,0],[64.6,-71.387]]}}}]}]}},{"ch":"1","fFamily":"Open Sans","size":48,"style":"Regular","w":57.18,"data":{"shapes":[{"ty":"gr","bm":0,"cl":"","ln":"","hd":false,"mn":"","nm":"1","np":0,"it":[{"ty":"sh","bm":0,"cl":"","ln":"","hd":false,"mn":"","nm":"1","d":1,"ks":{"a":0,"k":{"c":true,"i":[[0,0],[0,0],[0,0],[0,0],[-0.847,0.749],[-0.684,0.684],[0,-4.231],[0,0],[0,0]],"o":[[0,0],[0,0],[0,0],[6.901,-5.598],[0.846,-0.748],[-0.261,3.777],[0,0],[0,0],[0,0]],"v":[[34.912,-71.387],[28.076,-71.387],[9.18,-56.787],[13.477,-51.221],[25.098,-60.742],[27.393,-62.891],[27.002,-50.879],[27.002,0],[34.912,0]]}}}]}]}},{"ch":"2","fFamily":"Open Sans","size":48,"style":"Regular","w":57.18,"data":{"shapes":[{"ty":"gr","bm":0,"cl":"","ln":"","hd":false,"mn":"","nm":"2","np":0,"it":[{"ty":"sh","bm":0,"cl":"","ln":"","hd":false,"mn":"","nm":"2","d":1,"ks":{"a":0,"k":{"c":true,"i":[[0,0],[0,0],[0,0],[0,0],[-2.539,4.427],[0,4.525],[3.809,3.435],[6.705,0],[6.575,-5.469],[0,0],[-2.654,0.977],[-2.962,0],[-2.312,-2.229],[0,-3.809],[0.911,-2.344],[1.823,-2.473],[5.729,-5.794],[0,0],[0,0],[0,0]],"o":[[0,0],[0,0],[0,0],[6.966,-6.77],[2.539,-4.427],[0,-5.794],[-3.809,-3.434],[-7.748,0],[0,0],[3.255,-2.571],[2.653,-0.977],[4.102,0],[2.311,2.23],[0,2.702],[-0.912,2.344],[-1.823,2.474],[0,0],[0,0],[0,0],[0,0]],"v":[[51.807,-7.52],[15.088,-7.52],[15.088,-7.91],[30.713,-23.193],[44.971,-39.99],[48.779,-53.418],[43.066,-67.261],[27.295,-72.412],[5.811,-64.209],[10.107,-58.691],[18.97,-64.014],[27.393,-65.479],[37.012,-62.134],[40.479,-53.076],[39.111,-45.508],[35.01,-38.281],[23.682,-25.879],[4.883,-6.982],[4.883,0],[51.807,0]]}}}]}]}},{"ch":"3","fFamily":"Open Sans","size":48,"style":"Regular","w":57.18,"data":{"shapes":[{"ty":"gr","bm":0,"cl":"","ln":"","hd":false,"mn":"","nm":"3","np":0,"it":[{"ty":"sh","bm":0,"cl":"","ln":"","hd":false,"mn":"","nm":"3","d":1,"ks":{"a":0,"k":{"c":true,"i":[[3.841,3.174],[6.934,0],[3.825,-1.318],[2.93,-2.311],[0,0],[-2.767,0.847],[-3.125,0],[-2.393,-1.985],[0,-3.483],[3.255,-2.457],[5.566,0],[0,0],[0,0],[0,0],[0,-8.659],[12.337,0],[3.499,0.798],[3.092,1.53],[0,0],[-3.142,-0.569],[-3.777,0],[-4.72,3.662],[0,6.804],[2.766,2.93],[5.729,0.716],[0,0],[-2.556,2.898],[0,4.558]],"o":[[-3.841,-3.174],[-4.232,0],[-3.825,1.318],[0,0],[3.548,-2.278],[2.766,-0.846],[4.102,0],[2.393,1.986],[0,4.362],[-3.255,2.458],[0,0],[0,0],[0,0],[13.606,0],[0,9.668],[-3.125,0],[-3.5,-0.797],[0,0],[2.962,1.433],[3.141,0.569],[8.691,0],[4.72,-3.662],[0,-4.752],[-2.767,-2.93],[0,0],[4.688,-0.977],[2.555,-2.897],[0,-5.534]],"v":[[43.359,-67.651],[27.197,-72.412],[15.112,-70.435],[4.98,-64.99],[9.082,-59.521],[18.555,-64.209],[27.393,-65.479],[37.134,-62.5],[40.723,-54.297],[35.84,-44.067],[22.607,-40.381],[15.479,-40.381],[15.479,-33.398],[22.51,-33.398],[42.92,-20.41],[24.414,-5.908],[14.478,-7.104],[4.59,-10.596],[4.59,-2.881],[13.745,0.122],[24.121,0.977],[44.238,-4.517],[51.318,-20.215],[47.168,-31.738],[34.424,-37.207],[34.424,-37.598],[45.288,-43.408],[49.121,-54.59]]}}}]}]}},{"ch":"4","fFamily":"Open Sans","size":48,"style":"Regular","w":57.18,"data":{"shapes":[{"ty":"gr","bm":0,"cl":"","ln":"","hd":false,"mn":"","nm":"4","np":0,"it":[{"ty":"sh","bm":0,"cl":"","ln":"","hd":false,"mn":"","nm":"4","d":1,"ks":{"a":0,"k":{"c":true,"i":[[0,0],[0,0],[0,0],[0,0],[0,0],[0,0],[0,0],[0,0],[0,0],[0,0],[0,0]],"o":[[0,0],[0,0],[0,0],[0,0],[0,0],[0,0],[0,0],[0,0],[0,0],[0,0],[0,0]],"v":[[55.176,-23.779],[44.58,-23.779],[44.58,-71.777],[35.986,-71.777],[2.1,-23.486],[2.1,-16.406],[36.816,-16.406],[36.816,0],[44.58,0],[44.58,-16.406],[55.176,-16.406]]}}},{"ty":"sh","bm":0,"cl":"","ln":"","hd":false,"mn":"","nm":"4","d":1,"ks":{"a":0,"k":{"c":true,"i":[[0,0],[0,0],[-1.562,3.125],[0,0],[0,-4.655],[0,0]],"o":[[0,0],[1.367,-2.051],[0,0],[-0.326,5.859],[0,0],[0,0]],"v":[[10.205,-23.779],[32.52,-55.518],[36.914,-63.281],[37.305,-63.281],[36.816,-47.51],[36.816,-23.779]]}}}]}]}},{"ch":"5","fFamily":"Open Sans","size":48,"style":"Regular","w":57.18,"data":{"shapes":[{"ty":"gr","bm":0,"cl":"","ln":"","hd":false,"mn":"","nm":"5","np":0,"it":[{"ty":"sh","bm":0,"cl":"","ln":"","hd":false,"mn":"","nm":"5","d":1,"ks":{"a":0,"k":{"c":true,"i":[[3.743,-0.748],[0,0],[0,0],[0,0],[0,0],[0,0],[0,0],[-3.093,0],[0,-9.961],[3.174,-2.702],[5.729,0],[3.385,0.83],[2.278,1.465],[0,0],[-8.041,0],[-4.704,4.199],[0,7.39],[4.313,3.728],[7.52,0]],"o":[[0,0],[0,0],[0,0],[0,0],[0,0],[0,0],[5.176,-0.944],[12.207,0],[0,5.111],[-3.174,2.702],[-3.288,0],[-3.386,-0.83],[0,0],[4.231,2.572],[8.268,0],[4.704,-4.199],[0,-6.477],[-4.314,-3.727],[-3.711,0]],"v":[[16.016,-42.48],[17.822,-63.916],[46.387,-63.916],[46.387,-71.387],[10.889,-71.387],[8.203,-37.988],[12.402,-35.303],[24.805,-36.719],[43.115,-21.777],[38.354,-10.059],[25,-6.006],[14.99,-7.251],[6.494,-10.693],[6.494,-2.881],[24.902,0.977],[44.36,-5.322],[51.416,-22.705],[44.946,-38.013],[27.197,-43.604]]}}}]}]}},{"ch":"6","fFamily":"Open Sans","size":48,"style":"Regular","w":57.18,"data":{"shapes":[{"ty":"gr","bm":0,"cl":"","ln":"","hd":false,"mn":"","nm":"6","np":0,"it":[{"ty":"sh","bm":0,"cl":"","ln":"","hd":false,"mn":"","nm":"6","d":1,"ks":{"a":0,"k":{"c":true,"i":[[-4.33,-5.55],[-7.39,0],[-4.053,4.248],[0,7.422],[3.694,3.874],[6.413,0],[3.58,-5.598],[0,0],[-4.037,4.769],[-7.65,0],[-2.507,-0.813],[0,0],[3.678,0],[5.452,-6.95],[0,-14.03]],"o":[[4.329,5.55],[6.901,0],[4.053,-4.248],[0,-6.641],[-3.695,-3.873],[-7.748,0],[0,0],[0.391,-10.221],[4.036,-4.768],[3.223,0],[0,0],[-2.116,-0.618],[-10.677,0],[-5.453,6.95],[0,9.896]],"v":[[12.207,-7.349],[29.785,0.977],[46.216,-5.396],[52.295,-22.9],[46.753,-38.672],[31.592,-44.482],[14.6,-36.084],[14.014,-36.084],[20.654,-58.569],[38.184,-65.723],[46.777,-64.502],[46.777,-71.484],[38.086,-72.412],[13.892,-61.987],[5.713,-30.518]]}}},{"ty":"sh","bm":0,"cl":"","ln":"","hd":false,"mn":"","nm":"6","d":1,"ks":{"a":0,"k":{"c":true,"i":[[2.393,1.693],[1.302,2.898],[0,3.353],[-1.449,2.116],[-2.441,1.205],[-2.93,0],[-2.377,-2.702],[0,-4.72],[2.555,-2.913],[4.622,0]],"o":[[-2.393,-1.692],[-1.302,-2.897],[0,-2.278],[1.448,-2.116],[2.441,-1.204],[4.72,0],[2.376,2.702],[0,5.502],[-2.556,2.914],[-3.06,0]],"v":[[21.509,-8.447],[15.967,-15.332],[14.014,-24.707],[16.187,-31.299],[22.021,-36.279],[30.078,-38.086],[40.723,-34.033],[44.287,-22.9],[40.454,-10.278],[29.688,-5.908]]}}}]}]}},{"ch":"7","fFamily":"Open Sans","size":48,"style":"Regular","w":57.18,"data":{"shapes":[{"ty":"gr","bm":0,"cl":"","ln":"","hd":false,"mn":"","nm":"7","np":0,"it":[{"ty":"sh","bm":0,"cl":"","ln":"","hd":false,"mn":"","nm":"7","d":1,"ks":{"a":0,"k":{"c":true,"i":[[0,0],[0,0],[0,0],[0,0],[0,0],[0,0],[0,0]],"o":[[0,0],[0,0],[0,0],[0,0],[0,0],[0,0],[0,0]],"v":[[22.9,0],[52.1,-64.893],[52.1,-71.387],[4.59,-71.387],[4.59,-63.916],[43.506,-63.916],[13.916,0]]}}}]}]}},{"ch":"8","fFamily":"Open Sans","size":48,"style":"Regular","w":57.18,"data":{"shapes":[{"ty":"gr","bm":0,"cl":"","ln":"","hd":false,"mn":"","nm":"8","np":0,"it":[{"ty":"sh","bm":0,"cl":"","ln":"","hd":false,"mn":"","nm":"8","d":1,"ks":{"a":0,"k":{"c":true,"i":[[3.825,-3.076],[0,-5.176],[-1.953,-2.946],[-4.492,-2.539],[0,-8.17],[-4.102,-3.336],[-7.617,0],[-4.134,3.532],[0,5.925],[2.441,3.044],[5.794,2.767],[-2.181,2.898],[0,3.516],[3.809,3.027],[6.51,0]],"o":[[-3.825,3.076],[0,3.646],[1.953,2.946],[-9.961,4.558],[0,6.12],[4.102,3.337],[7.194,0],[4.134,-3.532],[0,-4.004],[-2.441,-3.043],[4.785,-2.376],[2.18,-2.897],[0,-5.338],[-3.809,-3.027],[-6.413,0]],"v":[[13.159,-67.798],[7.422,-55.42],[10.352,-45.532],[20.02,-37.305],[5.078,-18.213],[11.23,-4.028],[28.809,0.977],[45.801,-4.321],[52.002,-18.506],[48.34,-29.077],[35.986,-37.793],[46.436,-45.703],[49.707,-55.322],[43.994,-67.871],[28.516,-72.412]]}}},{"ty":"sh","bm":0,"cl":"","ln":"","hd":false,"mn":"","nm":"8","d":1,"ks":{"a":0,"k":{"c":true,"i":[[-2.181,2.523],[-4.851,2.084],[-2.539,-2.457],[0,-3.157],[2.702,-2.278],[4.85,0],[2.718,2.181],[0,3.906]],"o":[[2.18,-2.522],[6.315,2.312],[2.539,2.458],[0,3.972],[-2.702,2.279],[-4.916,0],[-2.718,-2.18],[0,-3.516]],"v":[[16.357,-27.075],[26.904,-33.984],[40.186,-26.831],[43.994,-18.408],[39.941,-9.033],[28.613,-5.615],[17.163,-8.887],[13.086,-18.018]]}}},{"ty":"sh","bm":0,"cl":"","ln":"","hd":false,"mn":"","nm":"8","d":1,"ks":{"a":0,"k":{"c":true,"i":[[-2.361,-1.936],[0,-3.288],[1.936,-2.246],[4.655,-1.953],[1.92,2.148],[0,2.995],[-2.312,1.953],[-4.07,0]],"o":[[2.36,1.937],[0,2.995],[-1.937,2.246],[-5.176,-2.148],[-1.921,-2.148],[0,-3.255],[2.311,-1.953],[4.134,0]],"v":[[38.159,-62.915],[41.699,-55.078],[38.794,-47.217],[28.906,-40.918],[18.262,-47.363],[15.381,-55.078],[18.848,-62.891],[28.418,-65.82]]}}}]}]}},{"ch":"9","fFamily":"Open Sans","size":48,"style":"Regular","w":57.18,"data":{"shapes":[{"ty":"gr","bm":0,"cl":"","ln":"","hd":false,"mn":"","nm":"9","np":0,"it":[{"ty":"sh","bm":0,"cl":"","ln":"","hd":false,"mn":"","nm":"9","d":1,"ks":{"a":0,"k":{"c":true,"i":[[1.953,4.769],[3.629,2.49],[4.85,0],[4.15,-4.297],[0,-7.422],[-3.711,-3.776],[-6.316,0],[-2.962,1.416],[-1.791,2.702],[0,0],[3.987,-4.834],[7.812,0],[2.604,0.847],[0,0],[-3.777,0],[0,27.93]],"o":[[-1.953,-4.768],[-3.63,-2.49],[-6.771,0],[-4.15,4.297],[0,6.771],[3.711,3.777],[3.711,0],[2.962,-1.416],[0,0],[-0.359,9.994],[-3.988,4.834],[-3.32,0],[0,0],[2.213,0.651],[21.614,0],[0,-6.477]],"v":[[48.877,-57.788],[40.503,-68.677],[27.783,-72.412],[11.401,-65.967],[5.176,-48.389],[10.742,-32.568],[25.781,-26.904],[35.791,-29.028],[42.92,-35.205],[43.506,-35.205],[36.987,-12.964],[19.287,-5.713],[10.4,-6.982],[10.4,0],[19.385,0.977],[51.807,-40.918]]}}},{"ty":"sh","bm":0,"cl":"","ln":"","hd":false,"mn":"","nm":"9","d":1,"ks":{"a":0,"k":{"c":true,"i":[[-2.393,-1.66],[-1.335,-2.897],[0,-3.418],[1.432,-2.083],[2.49,-1.204],[2.962,0],[2.344,2.686],[0,4.688],[-2.539,2.995],[-4.655,0]],"o":[[2.393,1.66],[1.334,2.898],[0,2.279],[-1.433,2.084],[-2.49,1.205],[-4.785,0],[-2.344,-2.686],[0,-5.338],[2.539,-2.995],[3.092,0]],"v":[[36.011,-62.988],[41.602,-56.152],[43.604,-46.68],[41.455,-40.137],[35.571,-35.205],[27.393,-33.398],[16.699,-37.427],[13.184,-48.486],[16.992,-60.986],[27.783,-65.479]]}}}]}]}}],"assets":[{"nm":"","mn":"","layers":[{"ty":4,"nm":"Shape Layer 3","mn":"","sr":1,"st":0,"op":85.7142857142857,"ip":0,"hd":false,"cl":"","ln":"","ddd":0,"bm":0,"hasMask":false,"ao":0,"ks":{"a":{"a":0,"k":[0,0]},"s":{"a":0,"k":[130.558,121.79,100]},"sk":{"a":0,"k":0},"p":{"a":0,"k":[350.863,82.263,0]},"sa":{"a":0,"k":0},"o":{"a":1,"k":[{"o":{"x":0.167,"y":0.167},"i":{"x":0.833,"y":0.833},"s":[0],"t":0},{"o":{"x":0.167,"y":0.167},"i":{"x":0.833,"y":0.833},"s":[100],"t":5.71428571428571}]},"r":{"a":0,"k":0}},"ef":[],"shapes":[{"ty":"gr","bm":0,"cl":"","ln":"","hd":false,"mn":"","nm":"Rectangle 1","np":0,"it":[{"ty":"sh","bm":0,"cl":"","ln":"","hd":false,"mn":"","nm":"Path 1","d":1,"ks":{"a":1,"k":[{"o":{"x":0.167,"y":0},"i":{"x":0.833,"y":1},"s":[{"c":true,"i":[[8.856,0],[0,0],[0,-8.856],[-8.856,0],[0,0],[0,8.856]],"o":[[0,0],[-8.856,0],[0,8.856],[0,0],[8.856,0],[0,-8.856]],"v":[[-240.746,-15.933],[-241.254,-16.035],[-257.289,0],[-241.254,16.035],[-240.746,16.137],[-224.711,0.102]]}],"t":5.714},{"o":{"x":0.167,"y":0.167},"i":{"x":0.833,"y":0.833},"s":[{"c":true,"i":[[8.856,0],[0,0],[0,-8.856],[-8.856,0],[0,0],[0,8.856]],"o":[[0,0],[-8.856,0],[0,8.856],[0,0],[8.856,0],[0,-8.856]],"v":[[241.254,-16.035],[-241.254,-16.035],[-257.289,0],[-241.254,16.035],[241.254,16.035],[257.289,0]]}],"t":78.5714285714286}]}},{"ty":"fl","bm":0,"cl":"","ln":"","hd":false,"mn":"","nm":"Fill 1","c":{"a":0,"k":[0.7333,0.1059,0.5529]},"r":1,"o":{"a":0,"k":100}},{"ty":"tr","a":{"a":0,"k":[0,0]},"s":{"a":0,"k":[100,100]},"sk":{"a":0,"k":0},"p":{"a":0,"k":[20.773,-5.102]},"r":{"a":0,"k":0},"sa":{"a":0,"k":0},"o":{"a":0,"k":100}}]}],"ind":1},{"ty":4,"nm":"Shape Layer 2","mn":"","sr":1,"st":0,"op":85.7142857142857,"ip":0,"hd":false,"cl":"","ln":"","ddd":0,"bm":0,"hasMask":false,"ao":0,"ks":{"a":{"a":0,"k":[0,0]},"s":{"a":0,"k":[130.558,121.79,100]},"sk":{"a":0,"k":0},"p":{"a":0,"k":[350.863,82.263,0]},"sa":{"a":0,"k":0},"o":{"a":1,"k":[{"o":{"x":0.167,"y":0.167},"i":{"x":0.833,"y":0.833},"s":[0],"t":0},{"o":{"x":0.167,"y":0.167},"i":{"x":0.833,"y":0.833},"s":[100],"t":5.71428571428571}]},"r":{"a":0,"k":0}},"ef":[],"shapes":[{"ty":"gr","bm":0,"cl":"","ln":"","hd":false,"mn":"","nm":"Rectangle 1","np":0,"it":[{"ty":"sh","bm":0,"cl":"","ln":"","hd":false,"mn":"","nm":"Path 1","d":1,"ks":{"a":0,"k":{"c":true,"i":[[8.856,0],[0,0],[0,-8.856],[-8.856,0],[0,0],[0,8.856]],"o":[[0,0],[-8.856,0],[0,8.856],[0,0],[8.856,0],[0,-8.856]],"v":[[241.254,-16.035],[-241.254,-16.035],[-257.289,0],[-241.254,16.035],[241.254,16.035],[257.289,0]]}}},{"ty":"st","bm":0,"cl":"","ln":"","hd":false,"mn":"","nm":"Stroke 1","lc":1,"lj":1,"ml":4,"o":{"a":0,"k":100},"w":{"a":0,"k":2},"d":[],"c":{"a":0,"k":[0.7333,0.1059,0.5529]}},{"ty":"tr","a":{"a":0,"k":[0,0]},"s":{"a":0,"k":[100,100]},"sk":{"a":0,"k":0},"p":{"a":0,"k":[20.773,-5.102]},"r":{"a":0,"k":0},"sa":{"a":0,"k":0},"o":{"a":0,"k":100}}]}],"ind":2},{"ty":0,"nm":"Comp_2","mn":"","sr":1,"st":0,"op":85.7142857142857,"ip":0,"hd":false,"cl":"","ln":"","ddd":0,"bm":0,"hasMask":false,"ao":0,"ks":{"a":{"a":0,"k":[95.063,98.175,0]},"s":{"a":0,"k":[60.12,56.082,100]},"sk":{"a":0,"k":0},"p":{"a":1,"k":[{"o":{"x":0.167,"y":0.167},"i":{"x":0.833,"y":0.833},"s":[74.396,50.9,0],"t":5.714},{"o":{"x":0.167,"y":0.167},"i":{"x":0.833,"y":0.833},"s":[698.1,50.9,0],"t":78.5714285714286}]},"sa":{"a":0,"k":0},"o":{"a":1,"k":[{"o":{"x":0.167,"y":0.167},"i":{"x":0.833,"y":0.833},"s":[0],"t":0},{"o":{"x":0.167,"y":0.167},"i":{"x":0.833,"y":0.833},"s":[100],"t":5}]},"r":{"a":0,"k":0}},"ef":[],"w":195,"h":119,"refId":"comp_1","ind":3}],"id":"comp_0","fr":30},{"nm":"","mn":"","layers":[{"ty":5,"nm":"0%","mn":"","sr":1,"st":0,"op":85.7142857142857,"ip":0,"hd":false,"cl":"","ln":"","ddd":0,"bm":0,"hasMask":false,"ao":0,"ks":{"a":{"a":0,"k":[1.418,-17.086,0]},"s":{"a":0,"k":[100,100]},"sk":{"a":0,"k":0},"p":{"a":0,"k":[97.445,47.807,0]},"sa":{"a":0,"k":0},"o":{"a":0,"k":100},"r":{"a":0,"k":0}},"ef":[],"t":{"m":{"a":{"a":0,"k":[0,0]},"g":1},"p":{},"a":[],"d":{"k":[{"s":{"f":"OpenSans","s":48,"t":"0%","fc":[1,1,1],"lh":57.6,"tr":0,"j":2,"ca":0},"t":0.71428571428571},{"s":{"f":"OpenSans","s":48,"t":"1%","fc":[1,1,1],"lh":57.6,"tr":0,"j":2,"ca":0},"t":6.42857142857143},{"s":{"f":"OpenSans","s":48,"t":"2%","fc":[1,1,1],"lh":57.6,"tr":0,"j":2,"ca":0},"t":7.14285714285714},{"s":{"f":"OpenSans","s":48,"t":"3%","fc":[1,1,1],"lh":57.6,"tr":0,"j":2,"ca":0},"t":7.85714285714286},{"s":{"f":"OpenSans","s":48,"t":"4%","fc":[1,1,1],"lh":57.6,"tr":0,"j":2,"ca":0},"t":8.57142857142857},{"s":{"f":"OpenSans","s":48,"t":"5%","fc":[1,1,1],"lh":57.6,"tr":0,"j":2,"ca":0},"t":9.28571428571429},{"s":{"f":"OpenSans","s":48,"t":"6%","fc":[1,1,1],"lh":57.6,"tr":0,"j":2,"ca":0},"t":10},{"s":{"f":"OpenSans","s":48,"t":"7%","fc":[1,1,1],"lh":57.6,"tr":0,"j":2,"ca":0},"t":10.7142857142857},{"s":{"f":"OpenSans","s":48,"t":"8%","fc":[1,1,1],"lh":57.6,"tr":0,"j":2,"ca":0},"t":11.4285714285714},{"s":{"f":"OpenSans","s":48,"t":"9%","fc":[1,1,1],"lh":57.6,"tr":0,"j":2,"ca":0},"t":12.1428571428571},{"s":{"f":"OpenSans","s":48,"t":"10%","fc":[1,1,1],"lh":57.6,"tr":0,"j":2,"ca":0},"t":12.8571428571429},{"s":{"f":"OpenSans","s":48,"t":"11%","fc":[1,1,1],"lh":57.6,"tr":0,"j":2,"ca":0},"t":13.5714285714286},{"s":{"f":"OpenSans","s":48,"t":"12%","fc":[1,1,1],"lh":57.6,"tr":0,"j":2,"ca":0},"t":14.2857142857143},{"s":{"f":"OpenSans","s":48,"t":"13%","fc":[1,1,1],"lh":57.6,"tr":0,"j":2,"ca":0},"t":15},{"s":{"f":"OpenSans","s":48,"t":"14%","fc":[1,1,1],"lh":57.6,"tr":0,"j":2,"ca":0},"t":15.7142857142857},{"s":{"f":"OpenSans","s":48,"t":"15%","fc":[1,1,1],"lh":57.6,"tr":0,"j":2,"ca":0},"t":16.4285714285714},{"s":{"f":"OpenSans","s":48,"t":"16%","fc":[1,1,1],"lh":57.6,"tr":0,"j":2,"ca":0},"t":17.1428571428571},{"s":{"f":"OpenSans","s":48,"t":"17%","fc":[1,1,1],"lh":57.6,"tr":0,"j":2,"ca":0},"t":17.8571428571429},{"s":{"f":"OpenSans","s":48,"t":"18%","fc":[1,1,1],"lh":57.6,"tr":0,"j":2,"ca":0},"t":18.5714285714286},{"s":{"f":"OpenSans","s":48,"t":"19%","fc":[1,1,1],"lh":57.6,"tr":0,"j":2,"ca":0},"t":19.2857142857143},{"s":{"f":"OpenSans","s":48,"t":"20%","fc":[1,1,1],"lh":57.6,"tr":0,"j":2,"ca":0},"t":20},{"s":{"f":"OpenSans","s":48,"t":"21%","fc":[1,1,1],"lh":57.6,"tr":0,"j":2,"ca":0},"t":20.7142857142857},{"s":{"f":"OpenSans","s":48,"t":"22%","fc":[1,1,1],"lh":57.6,"tr":0,"j":2,"ca":0},"t":21.4285714285714},{"s":{"f":"OpenSans","s":48,"t":"23%","fc":[1,1,1],"lh":57.6,"tr":0,"j":2,"ca":0},"t":22.1428571428571},{"s":{"f":"OpenSans","s":48,"t":"24%","fc":[1,1,1],"lh":57.6,"tr":0,"j":2,"ca":0},"t":22.8571428571429},{"s":{"f":"OpenSans","s":48,"t":"25%","fc":[1,1,1],"lh":57.6,"tr":0,"j":2,"ca":0},"t":23.5714285714286},{"s":{"f":"OpenSans","s":48,"t":"25%","fc":[1,1,1],"lh":57.6,"tr":0,"j":2,"ca":0},"t":24.2857142857143},{"s":{"f":"OpenSans","s":48,"t":"26%","fc":[1,1,1],"lh":57.6,"tr":0,"j":2,"ca":0},"t":25},{"s":{"f":"OpenSans","s":48,"t":"27%","fc":[1,1,1],"lh":57.6,"tr":0,"j":2,"ca":0},"t":25.7142857142857},{"s":{"f":"OpenSans","s":48,"t":"28%","fc":[1,1,1],"lh":57.6,"tr":0,"j":2,"ca":0},"t":26.4285714285714},{"s":{"f":"OpenSans","s":48,"t":"29%","fc":[1,1,1],"lh":57.6,"tr":0,"j":2,"ca":0},"t":27.1428571428571},{"s":{"f":"OpenSans","s":48,"t":"30%","fc":[1,1,1],"lh":57.6,"tr":0,"j":2,"ca":0},"t":27.8571428571429},{"s":{"f":"OpenSans","s":48,"t":"31%","fc":[1,1,1],"lh":57.6,"tr":0,"j":2,"ca":0},"t":28.5714285714286},{"s":{"f":"OpenSans","s":48,"t":"32%","fc":[1,1,1],"lh":57.6,"tr":0,"j":2,"ca":0},"t":29.2857142857143},{"s":{"f":"OpenSans","s":48,"t":"33%","fc":[1,1,1],"lh":57.6,"tr":0,"j":2,"ca":0},"t":30},{"s":{"f":"OpenSans","s":48,"t":"34%","fc":[1,1,1],"lh":57.6,"tr":0,"j":2,"ca":0},"t":30.7142857142857},{"s":{"f":"OpenSans","s":48,"t":"35%","fc":[1,1,1],"lh":57.6,"tr":0,"j":2,"ca":0},"t":31.4285714285714},{"s":{"f":"OpenSans","s":48,"t":"36%","fc":[1,1,1],"lh":57.6,"tr":0,"j":2,"ca":0},"t":32.1428571428571},{"s":{"f":"OpenSans","s":48,"t":"37%","fc":[1,1,1],"lh":57.6,"tr":0,"j":2,"ca":0},"t":32.8571428571429},{"s":{"f":"OpenSans","s":48,"t":"38%","fc":[1,1,1],"lh":57.6,"tr":0,"j":2,"ca":0},"t":33.5714285714286},{"s":{"f":"OpenSans","s":48,"t":"39%","fc":[1,1,1],"lh":57.6,"tr":0,"j":2,"ca":0},"t":34.2857142857143},{"s":{"f":"OpenSans","s":48,"t":"40%","fc":[1,1,1],"lh":57.6,"tr":0,"j":2,"ca":0},"t":35},{"s":{"f":"OpenSans","s":48,"t":"41%","fc":[1,1,1],"lh":57.6,"tr":0,"j":2,"ca":0},"t":35.7142857142857},{"s":{"f":"OpenSans","s":48,"t":"42%","fc":[1,1,1],"lh":57.6,"tr":0,"j":2,"ca":0},"t":36.4285714285714},{"s":{"f":"OpenSans","s":48,"t":"43%","fc":[1,1,1],"lh":57.6,"tr":0,"j":2,"ca":0},"t":37.1428571428571},{"s":{"f":"OpenSans","s":48,"t":"44%","fc":[1,1,1],"lh":57.6,"tr":0,"j":2,"ca":0},"t":37.8571428571429},{"s":{"f":"OpenSans","s":48,"t":"45%","fc":[1,1,1],"lh":57.6,"tr":0,"j":2,"ca":0},"t":38.5714285714286},{"s":{"f":"OpenSans","s":48,"t":"46%","fc":[1,1,1],"lh":57.6,"tr":0,"j":2,"ca":0},"t":39.2857142857143},{"s":{"f":"OpenSans","s":48,"t":"47%","fc":[1,1,1],"lh":57.6,"tr":0,"j":2,"ca":0},"t":40},{"s":{"f":"OpenSans","s":48,"t":"48%","fc":[1,1,1],"lh":57.6,"tr":0,"j":2,"ca":0},"t":40.7142857142857},{"s":{"f":"OpenSans","s":48,"t":"49%","fc":[1,1,1],"lh":57.6,"tr":0,"j":2,"ca":0},"t":41.4285714285714},{"s":{"f":"OpenSans","s":48,"t":"50%","fc":[1,1,1],"lh":57.6,"tr":0,"j":2,"ca":0},"t":42.1428571428571},{"s":{"f":"OpenSans","s":48,"t":"51%","fc":[1,1,1],"lh":57.6,"tr":0,"j":2,"ca":0},"t":42.8571428571429},{"s":{"f":"OpenSans","s":48,"t":"52%","fc":[1,1,1],"lh":57.6,"tr":0,"j":2,"ca":0},"t":43.5714285714286},{"s":{"f":"OpenSans","s":48,"t":"53%","fc":[1,1,1],"lh":57.6,"tr":0,"j":2,"ca":0},"t":44.2857142857143},{"s":{"f":"OpenSans","s":48,"t":"54%","fc":[1,1,1],"lh":57.6,"tr":0,"j":2,"ca":0},"t":45},{"s":{"f":"OpenSans","s":48,"t":"55%","fc":[1,1,1],"lh":57.6,"tr":0,"j":2,"ca":0},"t":45.7142857142857},{"s":{"f":"OpenSans","s":48,"t":"56%","fc":[1,1,1],"lh":57.6,"tr":0,"j":2,"ca":0},"t":46.4285714285714},{"s":{"f":"OpenSans","s":48,"t":"57%","fc":[1,1,1],"lh":57.6,"tr":0,"j":2,"ca":0},"t":47.1428571428571},{"s":{"f":"OpenSans","s":48,"t":"58%","fc":[1,1,1],"lh":57.6,"tr":0,"j":2,"ca":0},"t":47.8571428571429},{"s":{"f":"OpenSans","s":48,"t":"59%","fc":[1,1,1],"lh":57.6,"tr":0,"j":2,"ca":0},"t":48.5714285714286},{"s":{"f":"OpenSans","s":48,"t":"60%","fc":[1,1,1],"lh":57.6,"tr":0,"j":2,"ca":0},"t":49.2857142857143},{"s":{"f":"OpenSans","s":48,"t":"61%","fc":[1,1,1],"lh":57.6,"tr":0,"j":2,"ca":0},"t":50},{"s":{"f":"OpenSans","s":48,"t":"62%","fc":[1,1,1],"lh":57.6,"tr":0,"j":2,"ca":0},"t":50.7142857142857},{"s":{"f":"OpenSans","s":48,"t":"63%","fc":[1,1,1],"lh":57.6,"tr":0,"j":2,"ca":0},"t":51.4285714285714},{"s":{"f":"OpenSans","s":48,"t":"64%","fc":[1,1,1],"lh":57.6,"tr":0,"j":2,"ca":0},"t":52.1428571428571},{"s":{"f":"OpenSans","s":48,"t":"65%","fc":[1,1,1],"lh":57.6,"tr":0,"j":2,"ca":0},"t":52.8571428571429},{"s":{"f":"OpenSans","s":48,"t":"66%","fc":[1,1,1],"lh":57.6,"tr":0,"j":2,"ca":0},"t":53.5714285714286},{"s":{"f":"OpenSans","s":48,"t":"67%","fc":[1,1,1],"lh":57.6,"tr":0,"j":2,"ca":0},"t":54.2857142857143},{"s":{"f":"OpenSans","s":48,"t":"68%","fc":[1,1,1],"lh":57.6,"tr":0,"j":2,"ca":0},"t":55},{"s":{"f":"OpenSans","s":48,"t":"69%","fc":[1,1,1],"lh":57.6,"tr":0,"j":2,"ca":0},"t":55.7142857142857},{"s":{"f":"OpenSans","s":48,"t":"70%","fc":[1,1,1],"lh":57.6,"tr":0,"j":2,"ca":0},"t":56.4285714285714},{"s":{"f":"OpenSans","s":48,"t":"71%","fc":[1,1,1],"lh":57.6,"tr":0,"j":2,"ca":0},"t":57.1428571428571},{"s":{"f":"OpenSans","s":48,"t":"72%","fc":[1,1,1],"lh":57.6,"tr":0,"j":2,"ca":0},"t":57.8571428571429},{"s":{"f":"OpenSans","s":48,"t":"73%","fc":[1,1,1],"lh":57.6,"tr":0,"j":2,"ca":0},"t":58.5714285714286},{"s":{"f":"OpenSans","s":48,"t":"74%","fc":[1,1,1],"lh":57.6,"tr":0,"j":2,"ca":0},"t":59.2857142857143},{"s":{"f":"OpenSans","s":48,"t":"75%","fc":[1,1,1],"lh":57.6,"tr":0,"j":2,"ca":0},"t":60},{"s":{"f":"OpenSans","s":48,"t":"75%","fc":[1,1,1],"lh":57.6,"tr":0,"j":2,"ca":0},"t":60.7142857142857},{"s":{"f":"OpenSans","s":48,"t":"76%","fc":[1,1,1],"lh":57.6,"tr":0,"j":2,"ca":0},"t":61.4285714285714},{"s":{"f":"OpenSans","s":48,"t":"77%","fc":[1,1,1],"lh":57.6,"tr":0,"j":2,"ca":0},"t":62.1428571428571},{"s":{"f":"OpenSans","s":48,"t":"78%","fc":[1,1,1],"lh":57.6,"tr":0,"j":2,"ca":0},"t":62.8571428571429},{"s":{"f":"OpenSans","s":48,"t":"79%","fc":[1,1,1],"lh":57.6,"tr":0,"j":2,"ca":0},"t":63.5714285714286},{"s":{"f":"OpenSans","s":48,"t":"80%","fc":[1,1,1],"lh":57.6,"tr":0,"j":2,"ca":0},"t":64.2857142857143},{"s":{"f":"OpenSans","s":48,"t":"81%","fc":[1,1,1],"lh":57.6,"tr":0,"j":2,"ca":0},"t":65},{"s":{"f":"OpenSans","s":48,"t":"82%","fc":[1,1,1],"lh":57.6,"tr":0,"j":2,"ca":0},"t":65.7142857142857},{"s":{"f":"OpenSans","s":48,"t":"83%","fc":[1,1,1],"lh":57.6,"tr":0,"j":2,"ca":0},"t":66.4285714285714},{"s":{"f":"OpenSans","s":48,"t":"84%","fc":[1,1,1],"lh":57.6,"tr":0,"j":2,"ca":0},"t":67.1428571428571},{"s":{"f":"OpenSans","s":48,"t":"85%","fc":[1,1,1],"lh":57.6,"tr":0,"j":2,"ca":0},"t":67.8571428571429},{"s":{"f":"OpenSans","s":48,"t":"86%","fc":[1,1,1],"lh":57.6,"tr":0,"j":2,"ca":0},"t":68.5714285714286},{"s":{"f":"OpenSans","s":48,"t":"87%","fc":[1,1,1],"lh":57.6,"tr":0,"j":2,"ca":0},"t":69.2857142857143},{"s":{"f":"OpenSans","s":48,"t":"88%","fc":[1,1,1],"lh":57.6,"tr":0,"j":2,"ca":0},"t":70},{"s":{"f":"OpenSans","s":48,"t":"89%","fc":[1,1,1],"lh":57.6,"tr":0,"j":2,"ca":0},"t":70.7142857142857},{"s":{"f":"OpenSans","s":48,"t":"90%","fc":[1,1,1],"lh":57.6,"tr":0,"j":2,"ca":0},"t":71.4285714285714},{"s":{"f":"OpenSans","s":48,"t":"91%","fc":[1,1,1],"lh":57.6,"tr":0,"j":2,"ca":0},"t":72.1428571428571},{"s":{"f":"OpenSans","s":48,"t":"92%","fc":[1,1,1],"lh":57.6,"tr":0,"j":2,"ca":0},"t":72.8571428571428},{"s":{"f":"OpenSans","s":48,"t":"93%","fc":[1,1,1],"lh":57.6,"tr":0,"j":2,"ca":0},"t":73.5714285714286},{"s":{"f":"OpenSans","s":48,"t":"94%","fc":[1,1,1],"lh":57.6,"tr":0,"j":2,"ca":0},"t":74.2857142857143},{"s":{"f":"OpenSans","s":48,"t":"95%","fc":[1,1,1],"lh":57.6,"tr":0,"j":2,"ca":0},"t":75},{"s":{"f":"OpenSans","s":48,"t":"96%","fc":[1,1,1],"lh":57.6,"tr":0,"j":2,"ca":0},"t":75.7142857142857},{"s":{"f":"OpenSans","s":48,"t":"97%25","fc":[1,1,1],"lh":57.6,"tr":0,"j":2,"ca":0},"t":76.4285714285714},{"s":{"f":"OpenSans","s":48,"t":"98%","fc":[1,1,1],"lh":57.6,"tr":0,"j":2,"ca":0},"t":77.1428571428572},{"s":{"f":"OpenSans","s":48,"t":"99%","fc":[1,1,1],"lh":57.6,"tr":0,"j":2,"ca":0},"t":77.8571428571429},{"s":{"f":"OpenSans","s":48,"t":"100%","fc":[1,1,1],"lh":57.6,"tr":0,"j":2,"ca":0},"t":78.5714285714286},{"s":{"f":"OpenSans","s":48,"t":"100%","fc":[1,1,1],"lh":57.6,"tr":0,"j":2,"ca":0},"t":79.2857142857143},{"s":{"f":"OpenSans","s":48,"t":"100%","fc":[1,1,1],"lh":57.6,"tr":0,"j":2,"ca":0},"t":80},{"s":{"f":"OpenSans","s":48,"t":"100%","fc":[1,1,1],"lh":57.6,"tr":0,"j":2,"ca":0},"t":85}]}},"ind":1},{"ty":4,"nm":"Shape_bg","mn":"","sr":1,"st":0,"op":85.7142857142857,"ip":0,"hd":false,"cl":"","ln":"","ddd":0,"bm":0,"hasMask":false,"ao":0,"ks":{"a":{"a":0,"k":[-3.5,10.25,0]},"s":{"a":0,"k":[81,81,100]},"sk":{"a":0,"k":0},"p":{"a":0,"k":[97,57.053,0]},"sa":{"a":0,"k":0},"o":{"a":0,"k":100},"r":{"a":0,"k":0}},"ef":[],"shapes":[{"ty":"gr","bm":0,"cl":"","ln":"","hd":false,"mn":"","nm":"Shape 1","np":0,"it":[{"ty":"sh","bm":0,"cl":"","ln":"","hd":false,"mn":"","nm":"Path 1","d":1,"ks":{"a":0,"k":{"c":true,"i":[[0,0],[0,-10.75],[0,0],[-12.5,0.063],[-2.563,0],[-5.692,-5.692],[-3,-4.25],[-2.78,2.78],[-4.375,0],[0,0],[-0.125,10.375],[0,0],[10.75,0]],"o":[[0,0],[0,10.75],[0,0],[13.5,-0.067],[1.938,0],[3.156,3.156],[3.625,-4.688],[7.399,-7.399],[13.502,0],[0,0],[0.236,-19.625],[0,0],[-10.75,0]],"v":[[-83,-45],[-97,-34],[-95.5,29],[-83,44.188],[-28.469,45.281],[-15.078,52.523],[-3.75,65.5],[6.322,54.121],[25.5,45.25],[79,44.75],[89.25,33.875],[90,-33],[79.375,-44.625]]}}},{"ty":"fl","bm":0,"cl":"","ln":"","hd":false,"mn":"","nm":"Fill 2","c":{"a":0,"k":[0.7333,0.1059,0.5529]},"r":1,"o":{"a":0,"k":100}},{"ty":"st","bm":0,"cl":"","ln":"","hd":false,"mn":"","nm":"Stroke 1","lc":1,"lj":1,"ml":4,"o":{"a":0,"k":100},"w":{"a":0,"k":0},"d":[],"c":{"a":0,"k":[0.8157,0.0078,0.1059]}},{"ty":"fl","bm":0,"cl":"","ln":"","hd":false,"mn":"","nm":"Fill 1","c":{"a":0,"k":[0.7333,0.1059,0.5529]},"r":1,"o":{"a":0,"k":100}},{"ty":"tr","a":{"a":0,"k":[0,0]},"s":{"a":0,"k":[100,100]},"sk":{"a":0,"k":0},"p":{"a":0,"k":[0,0]},"r":{"a":0,"k":0},"sa":{"a":0,"k":0},"o":{"a":0,"k":100}}]}],"ind":2}],"id":"comp_1","fr":30}]}