<?xml version="1.0" encoding="utf-8"?>
<litepal>
    <dbname value="sample" />
    <version value="1" />
    <list>
        <mapping class="com.lockapps.fingerprint.intruderselfie.applocker.newApplocker.model.CommLockInfo" />
        <mapping class="com.lockapps.fingerprint.intruderselfie.applocker.newApplocker.model.FaviterInfo" />
        <mapping class="com.lockapps.fingerprint.intruderselfie.applocker.newApplocker.model.LockPrivate"/>
    </list>

    <storage value="external" />

</litepal>