{"v":"4.8.0","meta":{"g":"LottieFiles AE 1.0.0","a":"","k":"","d":"","tc":""},"fr":29.9700012207031,"ip":0,"op":61.0000024845809,"w":260,"h":260,"nm":"Not Done","ddd":0,"assets":[],"layers":[{"ddd":0,"ind":1,"ty":4,"nm":"Shape Layer 2","sr":1,"ks":{"o":{"a":0,"k":100,"ix":11},"r":{"a":0,"k":0,"ix":10},"p":{"a":0,"k":[131,130,0],"ix":2},"a":{"a":0,"k":[0,0,0],"ix":1},"s":{"a":1,"k":[{"i":{"x":[0.667,0.667,0.667],"y":[1,1,1]},"o":{"x":[0.333,0.333,0.333],"y":[0,0,0]},"t":0,"s":[0,0,100]},{"i":{"x":[0.667,0.667,0.667],"y":[-0.137,-0.137,1]},"o":{"x":[0.333,0.333,0.333],"y":[0,0,0]},"t":4,"s":[0,0,100]},{"i":{"x":[0.667,0.667,0.667],"y":[1,1,1]},"o":{"x":[0.333,0.333,0.333],"y":[28.416,28.416,0]},"t":24,"s":[100,100,100]},{"t":29.0000011811942,"s":[100,100,100]}],"ix":6}},"ao":0,"shapes":[{"ty":"gr","it":[{"ind":0,"ty":"sh","ix":1,"ks":{"a":0,"k":{"i":[[0,0]],"o":[[0,0]],"v":[[153.888,72.281]],"c":false},"ix":2},"nm":"Path 1","mn":"ADBE Vector Shape - Group","hd":false},{"ty":"st","c":{"a":0,"k":[0.90588241278,0.262745098039,0.262745098039,1],"ix":3},"o":{"a":0,"k":100,"ix":4},"w":{"a":0,"k":9,"ix":5},"lc":1,"lj":1,"ml":4,"bm":0,"nm":"Stroke 1","mn":"ADBE Vector Graphic - Stroke","hd":false},{"ty":"fl","c":{"a":0,"k":[0.050980003207,0.482353001015,0.980391977348,1],"ix":4},"o":{"a":0,"k":100,"ix":5},"r":1,"bm":0,"nm":"Fill 1","mn":"ADBE Vector Graphic - Fill","hd":false},{"ty":"tr","p":{"a":0,"k":[0,0],"ix":2},"a":{"a":0,"k":[0,0],"ix":1},"s":{"a":0,"k":[100,100],"ix":3},"r":{"a":0,"k":0,"ix":6},"o":{"a":0,"k":100,"ix":7},"sk":{"a":0,"k":0,"ix":4},"sa":{"a":0,"k":0,"ix":5},"nm":"Transform"}],"nm":"Shape 2","np":3,"cix":2,"bm":0,"ix":1,"mn":"ADBE Vector Group","hd":false},{"ty":"gr","it":[{"ind":0,"ty":"sh","ix":1,"ks":{"a":0,"k":{"i":[[0,0],[0,0]],"o":[[0,0],[0,0]],"v":[[-35.743,34.684],[34.684,-35.743]],"c":false},"ix":2},"nm":"Path 1","mn":"ADBE Vector Shape - Group","hd":false},{"ty":"st","c":{"a":0,"k":[0.90588241278,0.262745098039,0.262745098039,1],"ix":3},"o":{"a":0,"k":100,"ix":4},"w":{"a":0,"k":9,"ix":5},"lc":2,"lj":1,"ml":4,"bm":0,"nm":"Stroke 1","mn":"ADBE Vector Graphic - Stroke","hd":false},{"ty":"fl","c":{"a":0,"k":[0.050980003207,0.482353001015,0.980391977348,1],"ix":4},"o":{"a":0,"k":100,"ix":5},"r":1,"bm":0,"nm":"Fill 1","mn":"ADBE Vector Graphic - Fill","hd":false},{"ty":"tr","p":{"a":0,"k":[0,0],"ix":2},"a":{"a":0,"k":[0,0],"ix":1},"s":{"a":0,"k":[100,100],"ix":3},"r":{"a":0,"k":0,"ix":6},"o":{"a":0,"k":100,"ix":7},"sk":{"a":0,"k":0,"ix":4},"sa":{"a":0,"k":0,"ix":5},"nm":"Transform"}],"nm":"Shape 1","np":3,"cix":2,"bm":0,"ix":2,"mn":"ADBE Vector Group","hd":false},{"ty":"tm","s":{"a":1,"k":[{"i":{"x":[0.667],"y":[1]},"o":{"x":[0.333],"y":[0]},"t":24,"s":[100]},{"t":29.0000011811942,"s":[0]}],"ix":1},"e":{"a":0,"k":100,"ix":2},"o":{"a":0,"k":0,"ix":3},"m":1,"ix":3,"nm":"Trim Paths 1","mn":"ADBE Vector Filter - Trim","hd":false}],"ip":0,"op":899.000036617021,"st":0,"bm":0},{"ddd":0,"ind":4,"ty":4,"nm":"language_black_24dp Outlines","sr":1,"ks":{"o":{"a":0,"k":100,"ix":11},"r":{"a":0,"k":0,"ix":10},"p":{"a":0,"k":[130,130,0],"ix":2},"a":{"a":0,"k":[12,12,0],"ix":1},"s":{"a":1,"k":[{"i":{"x":[0.667,0.667,0.667],"y":[1,1,1]},"o":{"x":[0.333,0.333,0.333],"y":[0,0,0]},"t":0,"s":[0,0,100]},{"i":{"x":[0.667,0.667,0.667],"y":[0.763,0.763,1]},"o":{"x":[0.333,0.333,0.333],"y":[0,0,0]},"t":4,"s":[0,0,100]},{"i":{"x":[0.667,0.667,0.667],"y":[1,1,1]},"o":{"x":[0.333,0.333,0.333],"y":[-0.816,-0.816,0]},"t":24,"s":[478.824,478.824,100]},{"t":29.0000011811942,"s":[444,444,100]}],"ix":6}},"ao":0,"shapes":[{"ty":"gr","it":[{"ind":0,"ty":"sh","ix":1,"ks":{"a":0,"k":{"i":[[0,0],[0,0.68],[0.08,0.66],[0,0],[0,-0.69],[0.16,-0.64]],"o":[[0.08,-0.66],[0,-0.68],[0,0],[0.16,0.64],[0,0.69],[0,0]],"v":[[4.36,2],[4.5,0],[4.36,-2],[7.74,-2],[8,0],[7.74,2]],"c":true},"ix":2},"nm":"Path 1","mn":"ADBE Vector Shape - Group","hd":false},{"ind":1,"ty":"sh","ix":2,"ks":{"a":0,"k":{"i":[[1.84,-0.63],[-0.32,1.25],[0,0]],"o":[[0.6,-1.11],[0,0],[-0.96,1.65]],"v":[[2.59,7.56],[3.97,4],[6.92,4]],"c":true},"ix":2},"nm":"Path 2","mn":"ADBE Vector Shape - Group","hd":false},{"ind":2,"ty":"sh","ix":3,"ks":{"a":0,"k":{"i":[[0.09,-0.66],[0,0],[0,0.68],[-0.09,0.65],[0,0],[0,-0.68]],"o":[[0,0],[-0.09,-0.66],[0,-0.68],[0,0],[0.09,0.65],[0,0.68]],"v":[[2.34,2],[-2.34,2],[-2.5,0],[-2.34,-2],[2.34,-2],[2.5,0]],"c":true},"ix":2},"nm":"Path 3","mn":"ADBE Vector Shape - Group","hd":false},{"ind":3,"ty":"sh","ix":4,"ks":{"a":0,"k":{"i":[[0.83,-1.2],[0.43,1.43],[0,0]],"o":[[-0.83,-1.2],[0,0],[-0.43,1.43]],"v":[[0,7.96],[-1.91,4],[1.91,4]],"c":true},"ix":2},"nm":"Path 4","mn":"ADBE Vector Shape - Group","hd":false},{"ind":4,"ty":"sh","ix":5,"ks":{"a":0,"k":{"i":[[0.32,-1.25],[0,0],[-1.84,0.63]],"o":[[0,0],[0.96,-1.66],[-0.6,1.11]],"v":[[-3.97,-4],[-6.92,-4],[-2.59,-7.56]],"c":true},"ix":2},"nm":"Path 5","mn":"ADBE Vector Shape - Group","hd":false},{"ind":5,"ty":"sh","ix":6,"ks":{"a":0,"k":{"i":[[0.96,1.66],[0,0],[-0.6,-1.11]],"o":[[0,0],[0.32,1.25],[-1.84,-0.63]],"v":[[-6.92,4],[-3.97,4],[-2.59,7.56]],"c":true},"ix":2},"nm":"Path 6","mn":"ADBE Vector Shape - Group","hd":false},{"ind":6,"ty":"sh","ix":7,"ks":{"a":0,"k":{"i":[[0,0],[0,0.69],[-0.16,0.64],[0,0],[0,-0.68],[-0.08,-0.66]],"o":[[-0.16,-0.64],[0,-0.69],[0,0],[-0.08,0.66],[0,0.68],[0,0]],"v":[[-7.74,2],[-8,0],[-7.74,-2],[-4.36,-2],[-4.5,0],[-4.36,2]],"c":true},"ix":2},"nm":"Path 7","mn":"ADBE Vector Shape - Group","hd":false},{"ind":7,"ty":"sh","ix":8,"ks":{"a":0,"k":{"i":[[-0.83,1.2],[-0.43,-1.43],[0,0]],"o":[[0.83,1.2],[0,0],[0.43,-1.43]],"v":[[0,-7.96],[1.91,-4],[-1.91,-4]],"c":true},"ix":2},"nm":"Path 8","mn":"ADBE Vector Shape - Group","hd":false},{"ind":8,"ty":"sh","ix":9,"ks":{"a":0,"k":{"i":[[-0.96,-1.65],[0,0],[0.6,1.11]],"o":[[0,0],[-0.32,-1.25],[1.84,0.63]],"v":[[6.92,-4],[3.97,-4],[2.59,-7.56]],"c":true},"ix":2},"nm":"Path 9","mn":"ADBE Vector Shape - Group","hd":false},{"ind":9,"ty":"sh","ix":10,"ks":{"a":0,"k":{"i":[[5.53,0],[0,-5.52],[-5.52,0],[0,5.52]],"o":[[-5.52,0],[0,5.52],[5.53,0],[0,-5.52]],"v":[[-0.01,-10],[-10,0],[-0.01,10],[10,0]],"c":true},"ix":2},"nm":"Path 10","mn":"ADBE Vector Shape - Group","hd":false},{"ty":"mm","mm":1,"nm":"Merge Paths 1","mn":"ADBE Vector Filter - Merge","hd":false},{"ty":"fl","c":{"a":0,"k":[0.09411764705882353,0.7803921568627451,0.1803921568627451,1],"ix":4},"o":{"a":0,"k":100,"ix":5},"r":1,"bm":0,"nm":"Fill 1","mn":"ADBE Vector Graphic - Fill","hd":false},{"ty":"tr","p":{"a":0,"k":[12,12],"ix":2},"a":{"a":0,"k":[0,0],"ix":1},"s":{"a":0,"k":[100,100],"ix":3},"r":{"a":0,"k":0,"ix":6},"o":{"a":0,"k":100,"ix":7},"sk":{"a":0,"k":0,"ix":4},"sa":{"a":0,"k":0,"ix":5},"nm":"Transform"}],"nm":"Group 1","np":12,"cix":2,"bm":0,"ix":1,"mn":"ADBE Vector Group","hd":false}],"ip":0,"op":899.000036617021,"st":0,"bm":0},{"ddd":0,"ind":8,"ty":4,"nm":"Settings Outlines","sr":1,"ks":{"o":{"a":0,"k":100,"ix":11},"r":{"a":0,"k":0,"ix":10},"p":{"a":0,"k":[130,130,0],"ix":2},"a":{"a":0,"k":[95.067,95.067,0],"ix":1},"s":{"a":1,"k":[{"i":{"x":[0.116,0.116,0.667],"y":[1,1,1]},"o":{"x":[1,1,0.333],"y":[-0.004,-0.004,0]},"t":0,"s":[0,0,100]},{"i":{"x":[0.833,0.833,0.833],"y":[1,1,1]},"o":{"x":[0.167,0.167,0.167],"y":[0,0,0]},"t":24,"s":[100,100,100]},{"t":29.0000011811942,"s":[90,90,100]}],"ix":6}},"ao":0,"shapes":[{"ty":"gr","it":[{"ind":0,"ty":"sh","ix":1,"ks":{"a":0,"k":{"i":[[-52.366,0],[0,-52.366],[52.366,0],[0,52.366]],"o":[[52.366,0],[0,52.366],[-52.366,0],[0,-52.366]],"v":[[0,-94.817],[94.817,0],[0,94.817],[-94.817,0]],"c":true},"ix":2},"nm":"Path 1","mn":"ADBE Vector Shape - Group","hd":false},{"ty":"fl","c":{"a":0,"k":[0.8431372549019608,1,0.8627450980392157,1],"ix":4},"o":{"a":0,"k":100,"ix":5},"r":1,"bm":0,"nm":"Fill 1","mn":"ADBE Vector Graphic - Fill","hd":false},{"ty":"tr","p":{"a":0,"k":[95.067,95.067],"ix":2},"a":{"a":0,"k":[0,0],"ix":1},"s":{"a":0,"k":[100,100],"ix":3},"r":{"a":0,"k":0,"ix":6},"o":{"a":0,"k":100,"ix":7},"sk":{"a":0,"k":0,"ix":4},"sa":{"a":0,"k":0,"ix":5},"nm":"Transform"}],"nm":"Group 1","np":2,"cix":2,"bm":0,"ix":1,"mn":"ADBE Vector Group","hd":false}],"ip":0,"op":899.000036617021,"st":0,"bm":0}],"markers":[]}