{
  "project_info": {
    "project_number": "114672321722",
    "project_id": "video-player-1-ed99a",
    "storage_bucket": "video-player-1-ed99a.appspot.com"
  },
  "client": [
    {
      "client_info": {
        "mobilesdk_app_id": "1:114672321722:android:7cd64fa9d4244890e56e83",
        "android_client_info": {
          "package_name": "com.videoplayer.galley.allgame"
        }
      },
      "oauth_client": [
        {
          "client_id": "114672321722-muctutnpi4j6jpe0f1ods282rifkv9jt.apps.googleusercontent.com",
          "client_type": 3
        }
      ],
      "api_key": [
        {
          "current_key": "AIzaSyBmbKC1WvP0AsZYOBhd3ZmCpQxM-mz61mM"
        }
      ],
      "services": {
        "appinvite_service": {
          "other_platform_oauth_client": [
            {
              "client_id": "114672321722-muctutnpi4j6jpe0f1ods282rifkv9jt.apps.googleusercontent.com",
              "client_type": 3
            }
          ]
        }
      }
    }
  ],
  "configuration_version": "1"
}