{
  "project_info": {
    "project_number": "1048942307768",
    "project_id": "gb-stetus-downloder2023",
    "storage_bucket": "gb-stetus-downloder2023.appspot.com"
  },
  "client": [
    {
      "client_info": {
        "mobilesdk_app_id": "1:1048942307768:android:1bc25eaecb709abcbc874d",
        "android_client_info": {
          "package_name": "com.gbmashapp.statusdownloder"
        }
      },
      "oauth_client": [],
      "api_key": [
        {
          "current_key": "AIzaSyBw8X8c5R1q6ZoOuZARX11nRWOmvMLlXk0"
        }
      ],
      "services": {
        "appinvite_service": {
          "other_platform_oauth_client": []
        }
      }
    }
  ],
  "configuration_version": "1"
}