{"v":"5.6.3","fr":24,"ip":0,"op":28,"w":32,"h":32,"nm":"whatsapp-rotation","ddd":0,"assets":[],"layers":[{"ddd":0,"ind":1,"ty":4,"nm":"phone","sr":1,"ks":{"o":{"a":0,"k":100,"ix":11},"r":{"a":1,"k":[{"i":{"x":[0.667],"y":[1]},"o":{"x":[1],"y":[0]},"t":3,"s":[0]},{"i":{"x":[0.667],"y":[1]},"o":{"x":[0.333],"y":[0]},"t":22,"s":[385]},{"t":25,"s":[360]}],"ix":10},"p":{"a":0,"k":[16,16,0],"ix":2},"a":{"a":0,"k":[16,16,0],"ix":1},"s":{"a":0,"k":[100,100,100],"ix":6}},"ao":0,"shapes":[{"ty":"gr","it":[{"ind":0,"ty":"sh","ix":1,"ks":{"a":0,"k":{"i":[[0.299,0.148],[0.273,0.1],[0.199,-0.298],[0.174,-0.2],[0.299,0.148],[1.14,1.018],[0.174,0.299],[-0.15,0.149],[-0.149,0.174],[-0.1,0.199],[0.075,0.149],[0.249,0.597],[0.183,0.009],[0.199,0],[0.273,-0.299],[0,-1.469],[-0.149,-0.199],[-2.996,-1.293],[-0.433,-0.137],[-0.515,0.077],[-0.248,0.697],[0.075,0.124]],"o":[[-0.299,-0.149],[-0.274,-0.099],[-0.199,0.299],[-0.174,0.199],[-0.299,-0.15],[-0.888,-0.79],[-0.174,-0.299],[0.134,-0.134],[0.149,-0.174],[0.1,-0.199],[-0.075,-0.149],[-0.242,-0.582],[-0.174,-0.009],[-0.199,0],[-0.273,0.299],[0,1.469],[0.149,0.199],[0.712,0.308],[0.715,0.228],[0.574,-0.086],[0.249,-0.698],[-0.075,-0.126]],"v":[[5.436,2.391],[3.396,1.419],[2.723,1.568],[1.779,2.738],[1.132,2.814],[-1.27,1.331],[-2.93,-0.736],[-2.799,-1.346],[-2.352,-1.868],[-2.053,-2.367],[-2.077,-2.889],[-2.999,-5.105],[-3.671,-5.618],[-4.242,-5.628],[-5.038,-5.253],[-6.083,-2.764],[-4.865,0.324],[0.236,4.831],[1.939,5.46],[3.82,5.579],[5.835,4.16],[6.008,2.74]],"c":true},"ix":2},"nm":"Path 1","mn":"ADBE Vector Shape - Group","hd":false},{"ty":"fl","c":{"a":0,"k":[0.25098039215686274,0.7647058823529411,0.3176470588235294,1],"ix":4},"o":{"a":0,"k":100,"ix":5},"r":1,"bm":0,"nm":"Fill 1","mn":"ADBE Vector Graphic - Fill","hd":false},{"ty":"tr","p":{"a":0,"k":[16.062,16.057],"ix":2},"a":{"a":0,"k":[0,0],"ix":1},"s":{"a":0,"k":[100,100],"ix":3},"r":{"a":0,"k":0,"ix":6},"o":{"a":0,"k":100,"ix":7},"sk":{"a":0,"k":0,"ix":4},"sa":{"a":0,"k":0,"ix":5},"nm":"Transform"}],"nm":"Group 1","np":2,"cix":2,"bm":0,"ix":1,"mn":"ADBE Vector Group","hd":false}],"ip":0,"op":28,"st":0,"bm":0},{"ddd":0,"ind":2,"ty":4,"nm":"speech bubble","sr":1,"ks":{"o":{"a":0,"k":100,"ix":11},"r":{"a":0,"k":0,"ix":10},"p":{"a":0,"k":[16,16,0],"ix":2},"a":{"a":0,"k":[16,16,0],"ix":1},"s":{"a":0,"k":[100,100,100],"ix":6}},"ao":0,"shapes":[{"ty":"gr","it":[{"ind":0,"ty":"sh","ix":1,"ks":{"a":0,"k":{"i":[[5.476,0],[0,0],[1.525,0.905],[0,0],[0,0],[0,0],[0,0],[0,1.876],[-5.478,0],[-1.875,-1.877],[0.001,-2.653]],"o":[[0,0],[-1.782,-0.001],[0,0],[0,0],[0,0],[0,0],[-0.994,-1.581],[0.002,-5.475],[2.653,0.001],[1.875,1.877],[-0.001,5.475]],"v":[[0.049,9.829],[0.046,9.829],[-5.01,8.445],[-5.372,8.229],[-9.132,9.215],[-8.128,5.553],[-8.365,5.176],[-9.883,-0.109],[0.053,-10.036],[7.074,-7.124],[9.981,-0.101]],"c":true},"ix":2},"nm":"Path 1","mn":"ADBE Vector Shape - Group","hd":false},{"ind":1,"ty":"sh","ix":2,"ks":{"a":0,"k":{"i":[[2.256,2.258],[3.197,0.001],[0.003,-6.586],[-1.046,-1.81],[0,0],[0,0],[-2,-0.001],[0,0],[-0.003,6.587]],"o":[[-2.256,-2.258],[-6.586,0],[-0.001,2.105],[0,0],[0,0],[1.745,0.953],[0,0],[6.586,0],[0,-3.192]],"v":[[8.503,-8.551],[0.049,-12.055],[-11.9,-0.109],[-10.305,5.863],[-12.001,12.055],[-5.665,10.393],[0.046,11.848],[0.051,11.848],[12.001,-0.1]],"c":true},"ix":2},"nm":"Path 2","mn":"ADBE Vector Shape - Group","hd":false},{"ty":"mm","mm":1,"nm":"Merge Paths 1","mn":"ADBE Vector Filter - Merge","hd":false},{"ty":"fl","c":{"a":0,"k":[0.25098039215686274,0.7647058823529411,0.3176470588235294,1],"ix":4},"o":{"a":0,"k":100,"ix":5},"r":1,"bm":0,"nm":"Fill 1","mn":"ADBE Vector Graphic - Fill","hd":false},{"ty":"tr","p":{"a":0,"k":[16,16.054],"ix":2},"a":{"a":0,"k":[0,0],"ix":1},"s":{"a":0,"k":[100,100],"ix":3},"r":{"a":0,"k":0,"ix":6},"o":{"a":0,"k":100,"ix":7},"sk":{"a":0,"k":0,"ix":4},"sa":{"a":0,"k":0,"ix":5},"nm":"Transform"}],"nm":"Group 1","np":4,"cix":2,"bm":0,"ix":1,"mn":"ADBE Vector Group","hd":false}],"ip":0,"op":28,"st":0,"bm":0}],"markers":[]}