{"v":"5.8.1","fr":31,"ip":0,"op":217,"w":1079,"h":1079,"nm":"Comp 2","ddd":1,"assets":[{"id":"comp_0","nm":"Logo Final_04","fr":25,"layers":[{"ddd":0,"ind":1,"ty":0,"nm":"Logo Comp_04","refId":"comp_1","sr":1,"ks":{"o":{"a":0,"k":100,"ix":11},"r":{"a":0,"k":0,"ix":10},"p":{"a":0,"k":[960,540,0],"ix":2,"l":2},"a":{"a":0,"k":[960,540,0],"ix":1,"l":2},"s":{"a":0,"k":[100,100,100],"ix":6,"l":2}},"ao":0,"w":1920,"h":1080,"ip":0,"op":217,"st":0,"bm":0}]},{"id":"comp_1","nm":"Logo Comp_04","fr":25,"layers":[{"ddd":0,"ind":3,"ty":0,"nm":"Line Shape H","refId":"comp_2","sr":1,"ks":{"o":{"a":0,"k":100,"ix":11},"r":{"a":0,"k":0,"ix":10},"p":{"a":0,"k":[1118,586,0],"ix":2,"l":2},"a":{"a":0,"k":[500,39.5,0],"ix":1,"l":2},"s":{"a":0,"k":[53.894,59.494,100],"ix":6,"l":2}},"ao":0,"w":1000,"h":79,"ip":0,"op":52.08,"st":0,"bm":0},{"ddd":0,"ind":4,"ty":0,"nm":"Line Shape H","refId":"comp_2","sr":1,"ks":{"o":{"a":0,"k":100,"ix":11},"r":{"a":0,"k":0,"ix":10},"p":{"a":0,"k":[766,528,0],"ix":2,"l":2},"a":{"a":0,"k":[500,39.5,0],"ix":1,"l":2},"s":{"a":0,"k":[-51.706,59.494,100],"ix":6,"l":2}},"ao":0,"w":1000,"h":79,"ip":0,"op":52.08,"st":0,"bm":0},{"ddd":0,"ind":5,"ty":0,"nm":"Circle Shape_01","refId":"comp_3","sr":1,"ks":{"o":{"a":0,"k":100,"ix":11},"r":{"a":0,"k":-223,"ix":10},"p":{"a":0,"k":[960,540,0],"ix":2,"l":2},"a":{"a":0,"k":[500,500,0],"ix":1,"l":2},"s":{"a":0,"k":[27.403,27.403,100],"ix":6,"l":2}},"ao":0,"w":1000,"h":1000,"ip":0,"op":52.08,"st":0,"bm":0},{"ddd":0,"ind":6,"ty":0,"nm":"Circle Shape_01","refId":"comp_3","sr":1,"ks":{"o":{"a":0,"k":100,"ix":11},"r":{"a":0,"k":-156,"ix":10},"p":{"a":0,"k":[960,540,0],"ix":2,"l":2},"a":{"a":0,"k":[500,500,0],"ix":1,"l":2},"s":{"a":0,"k":[33.162,33.162,100],"ix":6,"l":2}},"ao":0,"w":1000,"h":1000,"ip":0,"op":52.08,"st":0,"bm":0},{"ddd":0,"ind":7,"ty":0,"nm":"Circle Shape_01","refId":"comp_3","sr":1,"ks":{"o":{"a":0,"k":100,"ix":11},"r":{"a":0,"k":-92,"ix":10},"p":{"a":0,"k":[960,540,0],"ix":2,"l":2},"a":{"a":0,"k":[500,500,0],"ix":1,"l":2},"s":{"a":0,"k":[96.4,96.4,100],"ix":6,"l":2}},"ao":0,"w":1000,"h":1000,"ip":0,"op":52.08,"st":0,"bm":0},{"ddd":0,"ind":8,"ty":0,"nm":"Circle Shape_01","refId":"comp_3","sr":1,"ks":{"o":{"a":0,"k":100,"ix":11},"r":{"a":0,"k":0,"ix":10},"p":{"a":0,"k":[960,540,0],"ix":2,"l":2},"a":{"a":0,"k":[500,500,0],"ix":1,"l":2},"s":{"a":0,"k":[73.6,73.6,100],"ix":6,"l":2}},"ao":0,"w":1000,"h":1000,"ip":0,"op":52.08,"st":0,"bm":0},{"ddd":1,"ind":9,"ty":0,"nm":"Logo_04","refId":"comp_4","sr":1,"ks":{"o":{"a":0,"k":100,"ix":11},"rx":{"a":0,"k":0,"ix":8},"ry":{"a":1,"k":[{"i":{"x":[0],"y":[1]},"o":{"x":[0.333],"y":[0]},"t":33.48,"s":[0]},{"t":86.8,"s":[360]}],"ix":9},"rz":{"a":0,"k":0,"ix":10},"or":{"a":0,"k":[0,0,0],"ix":7},"p":{"a":0,"k":[957,542,15.5],"ix":2},"a":{"a":0,"k":[142,149.5,0],"ix":1},"s":{"a":1,"k":[{"i":{"x":[0,0,0.667],"y":[1.001,1.001,1]},"o":{"x":[0.008,0.008,0.333],"y":[0.083,0.083,0]},"t":0,"s":[0,0,100]},{"t":26.04,"s":[75,75,100]}],"ix":6}},"ao":0,"w":284,"h":299,"ip":33.48,"op":1446.66666666667,"st":0,"bm":0},{"ddd":1,"ind":10,"ty":0,"nm":"Logo_04","parent":9,"refId":"comp_4","sr":1,"ks":{"o":{"a":0,"k":100,"ix":11},"rx":{"a":0,"k":0,"ix":8},"ry":{"a":0,"k":0,"ix":9},"rz":{"a":1,"k":[{"i":{"x":[0],"y":[1.001]},"o":{"x":[0.008],"y":[0.03]},"t":0,"s":[-180]},{"t":26.04,"s":[0]}],"ix":10},"or":{"a":0,"k":[0,0,0],"ix":7},"p":{"a":0,"k":[142,149.5,-2.5],"ix":2},"a":{"a":0,"k":[142,149.5,0],"ix":1},"s":{"a":1,"k":[{"i":{"x":[0,0,0.667],"y":[1.001,1.001,1]},"o":{"x":[0.008,0.008,0.333],"y":[0.083,0.083,0]},"t":0,"s":[0,0,100]},{"t":26.04,"s":[100,100,100]}],"ix":6}},"ao":0,"ef":[{"ty":5,"nm":"Hue/Saturation","np":11,"mn":"ADBE HUE SATURATION","ix":1,"en":1,"ef":[{"ty":7,"nm":"Channel Control","mn":"ADBE HUE SATURATION-0002","ix":1,"v":{"a":0,"k":1,"ix":1}},{},{"ty":0,"nm":"Master Hue","mn":"ADBE HUE SATURATION-0004","ix":3,"v":{"a":0,"k":0,"ix":3}},{"ty":0,"nm":"Master Saturation","mn":"ADBE HUE SATURATION-0005","ix":4,"v":{"a":0,"k":0,"ix":4}},{"ty":0,"nm":"Master Lightness","mn":"ADBE HUE SATURATION-0006","ix":5,"v":{"a":0,"k":-19,"ix":5}},{"ty":7,"nm":"Colorize","mn":"ADBE HUE SATURATION-0007","ix":6,"v":{"a":0,"k":0,"ix":6}},{"ty":0,"nm":"Colorize Hue","mn":"ADBE HUE SATURATION-0008","ix":7,"v":{"a":0,"k":0,"ix":7}},{"ty":0,"nm":"Colorize Saturation","mn":"ADBE HUE SATURATION-0009","ix":8,"v":{"a":0,"k":25,"ix":8}},{"ty":0,"nm":"Colorize Lightness","mn":"ADBE HUE SATURATION-0010","ix":9,"v":{"a":0,"k":0,"ix":9}}]},{"ty":21,"nm":"Fill","np":9,"mn":"ADBE Fill","ix":2,"en":1,"ef":[{"ty":10,"nm":"Fill Mask","mn":"ADBE Fill-0001","ix":1,"v":{"a":0,"k":0,"ix":1}},{"ty":7,"nm":"All Masks","mn":"ADBE Fill-0007","ix":2,"v":{"a":0,"k":0,"ix":2}},{"ty":2,"nm":"Color","mn":"ADBE Fill-0002","ix":3,"v":{"a":0,"k":[0.06274510175,0.658823549747,0.172549024224,1],"ix":3}},{"ty":7,"nm":"Invert","mn":"ADBE Fill-0006","ix":4,"v":{"a":0,"k":0,"ix":4}},{"ty":0,"nm":"Horizontal Feather","mn":"ADBE Fill-0003","ix":5,"v":{"a":0,"k":0,"ix":5}},{"ty":0,"nm":"Vertical Feather","mn":"ADBE Fill-0004","ix":6,"v":{"a":0,"k":0,"ix":6}},{"ty":0,"nm":"Opacity","mn":"ADBE Fill-0005","ix":7,"v":{"a":0,"k":1,"ix":7}}]}],"w":284,"h":299,"ip":33.48,"op":1446.66666666667,"st":0,"bm":0},{"ddd":1,"ind":11,"ty":0,"nm":"Logo_04","parent":9,"refId":"comp_4","sr":1,"ks":{"o":{"a":0,"k":100,"ix":11},"rx":{"a":0,"k":0,"ix":8},"ry":{"a":0,"k":0,"ix":9},"rz":{"a":1,"k":[{"i":{"x":[0],"y":[1.001]},"o":{"x":[0.008],"y":[0.03]},"t":0,"s":[-180]},{"t":26.04,"s":[0]}],"ix":10},"or":{"a":0,"k":[0,0,0],"ix":7},"p":{"a":0,"k":[142,149.5,-5],"ix":2},"a":{"a":0,"k":[142,149.5,0],"ix":1},"s":{"a":1,"k":[{"i":{"x":[0,0,0.667],"y":[1.001,1.001,1]},"o":{"x":[0.008,0.008,0.333],"y":[0.083,0.083,0]},"t":0,"s":[0,0,100]},{"t":26.04,"s":[100,100,100]}],"ix":6}},"ao":0,"ef":[{"ty":5,"nm":"Hue/Saturation","np":11,"mn":"ADBE HUE SATURATION","ix":1,"en":1,"ef":[{"ty":7,"nm":"Channel Control","mn":"ADBE HUE SATURATION-0002","ix":1,"v":{"a":0,"k":1,"ix":1}},{},{"ty":0,"nm":"Master Hue","mn":"ADBE HUE SATURATION-0004","ix":3,"v":{"a":0,"k":0,"ix":3}},{"ty":0,"nm":"Master Saturation","mn":"ADBE HUE SATURATION-0005","ix":4,"v":{"a":0,"k":0,"ix":4}},{"ty":0,"nm":"Master Lightness","mn":"ADBE HUE SATURATION-0006","ix":5,"v":{"a":0,"k":-19,"ix":5}},{"ty":7,"nm":"Colorize","mn":"ADBE HUE SATURATION-0007","ix":6,"v":{"a":0,"k":0,"ix":6}},{"ty":0,"nm":"Colorize Hue","mn":"ADBE HUE SATURATION-0008","ix":7,"v":{"a":0,"k":0,"ix":7}},{"ty":0,"nm":"Colorize Saturation","mn":"ADBE HUE SATURATION-0009","ix":8,"v":{"a":0,"k":25,"ix":8}},{"ty":0,"nm":"Colorize Lightness","mn":"ADBE HUE SATURATION-0010","ix":9,"v":{"a":0,"k":0,"ix":9}}]},{"ty":21,"nm":"Fill","np":9,"mn":"ADBE Fill","ix":2,"en":1,"ef":[{"ty":10,"nm":"Fill Mask","mn":"ADBE Fill-0001","ix":1,"v":{"a":0,"k":0,"ix":1}},{"ty":7,"nm":"All Masks","mn":"ADBE Fill-0007","ix":2,"v":{"a":0,"k":0,"ix":2}},{"ty":2,"nm":"Color","mn":"ADBE Fill-0002","ix":3,"v":{"a":0,"k":[0.064292274415,0.660422742367,0.172340914607,1],"ix":3}},{"ty":7,"nm":"Invert","mn":"ADBE Fill-0006","ix":4,"v":{"a":0,"k":0,"ix":4}},{"ty":0,"nm":"Horizontal Feather","mn":"ADBE Fill-0003","ix":5,"v":{"a":0,"k":0,"ix":5}},{"ty":0,"nm":"Vertical Feather","mn":"ADBE Fill-0004","ix":6,"v":{"a":0,"k":0,"ix":6}},{"ty":0,"nm":"Opacity","mn":"ADBE Fill-0005","ix":7,"v":{"a":0,"k":1,"ix":7}}]}],"w":284,"h":299,"ip":33.48,"op":1446.66666666667,"st":0,"bm":0},{"ddd":1,"ind":12,"ty":0,"nm":"Logo_04","parent":9,"refId":"comp_4","sr":1,"ks":{"o":{"a":0,"k":100,"ix":11},"rx":{"a":0,"k":0,"ix":8},"ry":{"a":0,"k":0,"ix":9},"rz":{"a":1,"k":[{"i":{"x":[0],"y":[1.001]},"o":{"x":[0.008],"y":[0.03]},"t":0,"s":[-180]},{"t":26.04,"s":[0]}],"ix":10},"or":{"a":0,"k":[0,0,0],"ix":7},"p":{"a":0,"k":[142,149.5,-7.5],"ix":2},"a":{"a":0,"k":[142,149.5,0],"ix":1},"s":{"a":1,"k":[{"i":{"x":[0,0,0.667],"y":[1.001,1.001,1]},"o":{"x":[0.008,0.008,0.333],"y":[0.083,0.083,0]},"t":0,"s":[0,0,100]},{"t":26.04,"s":[100,100,100]}],"ix":6}},"ao":0,"ef":[{"ty":5,"nm":"Hue/Saturation","np":11,"mn":"ADBE HUE SATURATION","ix":1,"en":1,"ef":[{"ty":7,"nm":"Channel Control","mn":"ADBE HUE SATURATION-0002","ix":1,"v":{"a":0,"k":1,"ix":1}},{},{"ty":0,"nm":"Master Hue","mn":"ADBE HUE SATURATION-0004","ix":3,"v":{"a":0,"k":0,"ix":3}},{"ty":0,"nm":"Master Saturation","mn":"ADBE HUE SATURATION-0005","ix":4,"v":{"a":0,"k":0,"ix":4}},{"ty":0,"nm":"Master Lightness","mn":"ADBE HUE SATURATION-0006","ix":5,"v":{"a":0,"k":-19,"ix":5}},{"ty":7,"nm":"Colorize","mn":"ADBE HUE SATURATION-0007","ix":6,"v":{"a":0,"k":0,"ix":6}},{"ty":0,"nm":"Colorize Hue","mn":"ADBE HUE SATURATION-0008","ix":7,"v":{"a":0,"k":0,"ix":7}},{"ty":0,"nm":"Colorize Saturation","mn":"ADBE HUE SATURATION-0009","ix":8,"v":{"a":0,"k":25,"ix":8}},{"ty":0,"nm":"Colorize Lightness","mn":"ADBE HUE SATURATION-0010","ix":9,"v":{"a":0,"k":0,"ix":9}}]},{"ty":21,"nm":"Fill","np":9,"mn":"ADBE Fill","ix":2,"en":1,"ef":[{"ty":10,"nm":"Fill Mask","mn":"ADBE Fill-0001","ix":1,"v":{"a":0,"k":0,"ix":1}},{"ty":7,"nm":"All Masks","mn":"ADBE Fill-0007","ix":2,"v":{"a":0,"k":0,"ix":2}},{"ty":2,"nm":"Color","mn":"ADBE Fill-0002","ix":3,"v":{"a":0,"k":[0.06274510175,0.658823549747,0.172549024224,1],"ix":3}},{"ty":7,"nm":"Invert","mn":"ADBE Fill-0006","ix":4,"v":{"a":0,"k":0,"ix":4}},{"ty":0,"nm":"Horizontal Feather","mn":"ADBE Fill-0003","ix":5,"v":{"a":0,"k":0,"ix":5}},{"ty":0,"nm":"Vertical Feather","mn":"ADBE Fill-0004","ix":6,"v":{"a":0,"k":0,"ix":6}},{"ty":0,"nm":"Opacity","mn":"ADBE Fill-0005","ix":7,"v":{"a":0,"k":1,"ix":7}}]}],"w":284,"h":299,"ip":33.48,"op":1446.66666666667,"st":0,"bm":0},{"ddd":1,"ind":13,"ty":0,"nm":"Logo_04","parent":9,"refId":"comp_4","sr":1,"ks":{"o":{"a":0,"k":100,"ix":11},"rx":{"a":0,"k":0,"ix":8},"ry":{"a":0,"k":0,"ix":9},"rz":{"a":1,"k":[{"i":{"x":[0],"y":[1.001]},"o":{"x":[0.008],"y":[0.03]},"t":0,"s":[-180]},{"t":26.04,"s":[0]}],"ix":10},"or":{"a":0,"k":[0,0,0],"ix":7},"p":{"a":0,"k":[142,149.5,-10],"ix":2},"a":{"a":0,"k":[142,149.5,0],"ix":1},"s":{"a":1,"k":[{"i":{"x":[0,0,0.667],"y":[1.001,1.001,1]},"o":{"x":[0.008,0.008,0.333],"y":[0.083,0.083,0]},"t":0,"s":[0,0,100]},{"t":26.04,"s":[100,100,100]}],"ix":6}},"ao":0,"ef":[{"ty":5,"nm":"Hue/Saturation","np":11,"mn":"ADBE HUE SATURATION","ix":1,"en":1,"ef":[{"ty":7,"nm":"Channel Control","mn":"ADBE HUE SATURATION-0002","ix":1,"v":{"a":0,"k":1,"ix":1}},{},{"ty":0,"nm":"Master Hue","mn":"ADBE HUE SATURATION-0004","ix":3,"v":{"a":0,"k":0,"ix":3}},{"ty":0,"nm":"Master Saturation","mn":"ADBE HUE SATURATION-0005","ix":4,"v":{"a":0,"k":0,"ix":4}},{"ty":0,"nm":"Master Lightness","mn":"ADBE HUE SATURATION-0006","ix":5,"v":{"a":0,"k":-19,"ix":5}},{"ty":7,"nm":"Colorize","mn":"ADBE HUE SATURATION-0007","ix":6,"v":{"a":0,"k":0,"ix":6}},{"ty":0,"nm":"Colorize Hue","mn":"ADBE HUE SATURATION-0008","ix":7,"v":{"a":0,"k":0,"ix":7}},{"ty":0,"nm":"Colorize Saturation","mn":"ADBE HUE SATURATION-0009","ix":8,"v":{"a":0,"k":25,"ix":8}},{"ty":0,"nm":"Colorize Lightness","mn":"ADBE HUE SATURATION-0010","ix":9,"v":{"a":0,"k":0,"ix":9}}]},{"ty":21,"nm":"Fill","np":9,"mn":"ADBE Fill","ix":2,"en":1,"ef":[{"ty":10,"nm":"Fill Mask","mn":"ADBE Fill-0001","ix":1,"v":{"a":0,"k":0,"ix":1}},{"ty":7,"nm":"All Masks","mn":"ADBE Fill-0007","ix":2,"v":{"a":0,"k":0,"ix":2}},{"ty":2,"nm":"Color","mn":"ADBE Fill-0002","ix":3,"v":{"a":0,"k":[0.06274510175,0.658823549747,0.172549024224,1],"ix":3}},{"ty":7,"nm":"Invert","mn":"ADBE Fill-0006","ix":4,"v":{"a":0,"k":0,"ix":4}},{"ty":0,"nm":"Horizontal Feather","mn":"ADBE Fill-0003","ix":5,"v":{"a":0,"k":0,"ix":5}},{"ty":0,"nm":"Vertical Feather","mn":"ADBE Fill-0004","ix":6,"v":{"a":0,"k":0,"ix":6}},{"ty":0,"nm":"Opacity","mn":"ADBE Fill-0005","ix":7,"v":{"a":0,"k":1,"ix":7}}]}],"w":284,"h":299,"ip":33.48,"op":1446.66666666667,"st":0,"bm":0},{"ddd":1,"ind":14,"ty":0,"nm":"Logo_04","parent":9,"refId":"comp_4","sr":1,"ks":{"o":{"a":0,"k":100,"ix":11},"rx":{"a":0,"k":0,"ix":8},"ry":{"a":0,"k":0,"ix":9},"rz":{"a":1,"k":[{"i":{"x":[0],"y":[1.001]},"o":{"x":[0.008],"y":[0.03]},"t":0,"s":[-180]},{"t":26.04,"s":[0]}],"ix":10},"or":{"a":0,"k":[0,0,0],"ix":7},"p":{"a":0,"k":[142,149.5,-12.5],"ix":2},"a":{"a":0,"k":[142,149.5,0],"ix":1},"s":{"a":1,"k":[{"i":{"x":[0,0,0.667],"y":[1.001,1.001,1]},"o":{"x":[0.008,0.008,0.333],"y":[0.083,0.083,0]},"t":0,"s":[0,0,100]},{"t":26.04,"s":[100,100,100]}],"ix":6}},"ao":0,"ef":[{"ty":5,"nm":"Hue/Saturation","np":11,"mn":"ADBE HUE SATURATION","ix":1,"en":1,"ef":[{"ty":7,"nm":"Channel Control","mn":"ADBE HUE SATURATION-0002","ix":1,"v":{"a":0,"k":1,"ix":1}},{},{"ty":0,"nm":"Master Hue","mn":"ADBE HUE SATURATION-0004","ix":3,"v":{"a":0,"k":0,"ix":3}},{"ty":0,"nm":"Master Saturation","mn":"ADBE HUE SATURATION-0005","ix":4,"v":{"a":0,"k":0,"ix":4}},{"ty":0,"nm":"Master Lightness","mn":"ADBE HUE SATURATION-0006","ix":5,"v":{"a":0,"k":-19,"ix":5}},{"ty":7,"nm":"Colorize","mn":"ADBE HUE SATURATION-0007","ix":6,"v":{"a":0,"k":0,"ix":6}},{"ty":0,"nm":"Colorize Hue","mn":"ADBE HUE SATURATION-0008","ix":7,"v":{"a":0,"k":0,"ix":7}},{"ty":0,"nm":"Colorize Saturation","mn":"ADBE HUE SATURATION-0009","ix":8,"v":{"a":0,"k":25,"ix":8}},{"ty":0,"nm":"Colorize Lightness","mn":"ADBE HUE SATURATION-0010","ix":9,"v":{"a":0,"k":0,"ix":9}}]},{"ty":21,"nm":"Fill","np":9,"mn":"ADBE Fill","ix":2,"en":1,"ef":[{"ty":10,"nm":"Fill Mask","mn":"ADBE Fill-0001","ix":1,"v":{"a":0,"k":0,"ix":1}},{"ty":7,"nm":"All Masks","mn":"ADBE Fill-0007","ix":2,"v":{"a":0,"k":0,"ix":2}},{"ty":2,"nm":"Color","mn":"ADBE Fill-0002","ix":3,"v":{"a":0,"k":[0.06274510175,0.658823549747,0.172549024224,1],"ix":3}},{"ty":7,"nm":"Invert","mn":"ADBE Fill-0006","ix":4,"v":{"a":0,"k":0,"ix":4}},{"ty":0,"nm":"Horizontal Feather","mn":"ADBE Fill-0003","ix":5,"v":{"a":0,"k":0,"ix":5}},{"ty":0,"nm":"Vertical Feather","mn":"ADBE Fill-0004","ix":6,"v":{"a":0,"k":0,"ix":6}},{"ty":0,"nm":"Opacity","mn":"ADBE Fill-0005","ix":7,"v":{"a":0,"k":1,"ix":7}}]}],"w":284,"h":299,"ip":33.48,"op":1446.66666666667,"st":0,"bm":0},{"ddd":1,"ind":15,"ty":0,"nm":"Logo_04","parent":9,"refId":"comp_4","sr":1,"ks":{"o":{"a":0,"k":100,"ix":11},"rx":{"a":0,"k":0,"ix":8},"ry":{"a":0,"k":0,"ix":9},"rz":{"a":1,"k":[{"i":{"x":[0],"y":[1.001]},"o":{"x":[0.008],"y":[0.03]},"t":0,"s":[-180]},{"t":26.04,"s":[0]}],"ix":10},"or":{"a":0,"k":[0,0,0],"ix":7},"p":{"a":0,"k":[142,149.5,-15.5],"ix":2},"a":{"a":0,"k":[142,149.5,0],"ix":1},"s":{"a":1,"k":[{"i":{"x":[0,0,0.667],"y":[1.001,1.001,1]},"o":{"x":[0.008,0.008,0.333],"y":[0.083,0.083,0]},"t":0,"s":[0,0,100]},{"t":26.04,"s":[100,100,100]}],"ix":6}},"ao":0,"w":284,"h":299,"ip":33.48,"op":1446.66666666667,"st":0,"bm":0},{"ddd":0,"ind":16,"ty":0,"nm":"Special Icon_05","refId":"comp_5","sr":1,"ks":{"o":{"a":0,"k":100,"ix":11},"r":{"a":0,"k":-45,"ix":10},"p":{"a":0,"k":[1010,688,0],"ix":2,"l":2},"a":{"a":0,"k":[500,500,0],"ix":1,"l":2},"s":{"a":0,"k":[48.8,-48.8,100],"ix":6,"l":2}},"ao":0,"ef":[{"ty":21,"nm":"Fill","np":9,"mn":"ADBE Fill","ix":1,"en":1,"ef":[{"ty":10,"nm":"Fill Mask","mn":"ADBE Fill-0001","ix":1,"v":{"a":0,"k":0,"ix":1}},{"ty":7,"nm":"All Masks","mn":"ADBE Fill-0007","ix":2,"v":{"a":0,"k":1,"ix":2}},{"ty":2,"nm":"Color","mn":"ADBE Fill-0002","ix":3,"v":{"a":0,"k":[0.313725501299,0.941176474094,0.427450984716,1],"ix":3}},{"ty":7,"nm":"Invert","mn":"ADBE Fill-0006","ix":4,"v":{"a":0,"k":0,"ix":4}},{"ty":0,"nm":"Horizontal Feather","mn":"ADBE Fill-0003","ix":5,"v":{"a":0,"k":0,"ix":5}},{"ty":0,"nm":"Vertical Feather","mn":"ADBE Fill-0004","ix":6,"v":{"a":0,"k":0,"ix":6}},{"ty":0,"nm":"Opacity","mn":"ADBE Fill-0005","ix":7,"v":{"a":0,"k":1,"ix":7}}]}],"w":1000,"h":1000,"ip":39.68,"op":101.68,"st":39.68,"bm":0},{"ddd":0,"ind":17,"ty":0,"nm":"Line Circle Shape","refId":"comp_6","sr":1,"ks":{"o":{"a":0,"k":100,"ix":11},"r":{"a":0,"k":0,"ix":10},"p":{"a":0,"k":[962,542,0],"ix":2,"l":2},"a":{"a":0,"k":[500,540,0],"ix":1,"l":2},"s":{"a":0,"k":[64,64,100],"ix":6,"l":2}},"ao":0,"w":1000,"h":1080,"ip":43.4,"op":105.4,"st":43.4,"bm":0},{"ddd":0,"ind":18,"ty":0,"nm":"Special Icon_05","refId":"comp_5","sr":1,"ks":{"o":{"a":0,"k":100,"ix":11},"r":{"a":0,"k":45,"ix":10},"p":{"a":0,"k":[900,420,0],"ix":2,"l":2},"a":{"a":0,"k":[500,500,0],"ix":1,"l":2},"s":{"a":0,"k":[48.8,48.8,100],"ix":6,"l":2}},"ao":0,"w":1000,"h":1000,"ip":39.68,"op":101.68,"st":39.68,"bm":0},{"ddd":0,"ind":19,"ty":0,"nm":"Special Icon_08","refId":"comp_7","sr":1,"ks":{"o":{"a":0,"k":100,"ix":11},"r":{"a":0,"k":90,"ix":10},"p":{"a":0,"k":[1344,540,0],"ix":2,"l":2},"a":{"a":0,"k":[112.5,540,0],"ix":1,"l":2},"s":{"a":0,"k":[-49.333,-57.481,100],"ix":6,"l":2}},"ao":0,"ef":[{"ty":21,"nm":"Fill","np":9,"mn":"ADBE Fill","ix":1,"en":1,"ef":[{"ty":10,"nm":"Fill Mask","mn":"ADBE Fill-0001","ix":1,"v":{"a":0,"k":0,"ix":1}},{"ty":7,"nm":"All Masks","mn":"ADBE Fill-0007","ix":2,"v":{"a":0,"k":1,"ix":2}},{"ty":2,"nm":"Color","mn":"ADBE Fill-0002","ix":3,"v":{"a":0,"k":[0.313725501299,0.941176474094,0.427450984716,1],"ix":3}},{"ty":7,"nm":"Invert","mn":"ADBE Fill-0006","ix":4,"v":{"a":0,"k":0,"ix":4}},{"ty":0,"nm":"Horizontal Feather","mn":"ADBE Fill-0003","ix":5,"v":{"a":0,"k":0,"ix":5}},{"ty":0,"nm":"Vertical Feather","mn":"ADBE Fill-0004","ix":6,"v":{"a":0,"k":0,"ix":6}},{"ty":0,"nm":"Opacity","mn":"ADBE Fill-0005","ix":7,"v":{"a":0,"k":1,"ix":7}}]}],"w":225,"h":1080,"ip":-3.72,"op":33.48,"st":-3.72,"bm":0},{"ddd":0,"ind":20,"ty":0,"nm":"Special Icon_08","refId":"comp_7","sr":1,"ks":{"o":{"a":0,"k":100,"ix":11},"r":{"a":0,"k":90,"ix":10},"p":{"a":0,"k":[578,540,0],"ix":2,"l":2},"a":{"a":0,"k":[112.5,540,0],"ix":1,"l":2},"s":{"a":0,"k":[57.333,57.333,100],"ix":6,"l":2}},"ao":0,"w":225,"h":1080,"ip":-3.72,"op":33.48,"st":-3.72,"bm":0},{"ddd":0,"ind":21,"ty":0,"nm":"Logo_04","refId":"comp_4","sr":1,"ks":{"o":{"a":0,"k":100,"ix":11},"r":{"a":1,"k":[{"i":{"x":[0],"y":[1.001]},"o":{"x":[0.008],"y":[0.015]},"t":0,"s":[-360]},{"t":26.04,"s":[0]}],"ix":10},"p":{"a":0,"k":[957,542,0],"ix":2,"l":2},"a":{"a":0,"k":[142,149.5,0],"ix":1,"l":2},"s":{"a":1,"k":[{"i":{"x":[0,0,0.667],"y":[1.001,1.001,1]},"o":{"x":[0.008,0.008,0.333],"y":[0.083,0.083,0]},"t":0,"s":[0,0,100]},{"t":26.04,"s":[75,75,100]}],"ix":6,"l":2}},"ao":0,"w":284,"h":299,"ip":0,"op":33.48,"st":0,"bm":0}]},{"id":"comp_2","nm":"Line Shape H","fr":25,"layers":[{"ddd":0,"ind":1,"ty":4,"nm":"Shape Layer 2","sr":1,"ks":{"o":{"a":0,"k":100,"ix":11},"r":{"a":0,"k":90,"ix":10},"p":{"a":0,"k":[440,-14.5,0],"ix":2,"l":2},"a":{"a":0,"k":[0,0,0],"ix":1,"l":2},"s":{"a":0,"k":[100,100,100],"ix":6,"l":2}},"ao":0,"shapes":[{"ty":"gr","it":[{"ind":0,"ty":"sh","ix":1,"ks":{"a":0,"k":{"i":[[0,0],[0,0]],"o":[[0,0],[0,0]],"v":[[42,-576],[42,484]],"c":false},"ix":2},"nm":"Path 1","mn":"ADBE Vector Shape - Group","hd":false},{"ty":"tm","s":{"a":1,"k":[{"i":{"x":[0.047],"y":[1.002]},"o":{"x":[0.167],"y":[0.167]},"t":3.72,"s":[0]},{"t":21.08,"s":[100]}],"ix":1},"e":{"a":1,"k":[{"i":{"x":[0],"y":[1.002]},"o":{"x":[0.167],"y":[0.167]},"t":2.48,"s":[0]},{"t":16.12,"s":[100]}],"ix":2},"o":{"a":0,"k":0,"ix":3},"m":1,"ix":2,"nm":"Trim Paths 1","mn":"ADBE Vector Filter - Trim","hd":false},{"ty":"st","c":{"a":0,"k":[0.313725490196,0.941176470588,0.427450980392,1],"ix":3},"o":{"a":0,"k":100,"ix":4},"w":{"a":0,"k":5,"ix":5},"lc":1,"lj":1,"ml":4,"bm":0,"nm":"Stroke 1","mn":"ADBE Vector Graphic - Stroke","hd":false},{"ty":"tr","p":{"a":0,"k":[0,0],"ix":2},"a":{"a":0,"k":[0,0],"ix":1},"s":{"a":0,"k":[100,100],"ix":3},"r":{"a":0,"k":0,"ix":6},"o":{"a":0,"k":100,"ix":7},"sk":{"a":0,"k":0,"ix":4},"sa":{"a":0,"k":0,"ix":5},"nm":"Transform"}],"nm":"Shape 1","np":4,"cix":2,"bm":0,"ix":1,"mn":"ADBE Vector Group","hd":false}],"ip":2.48,"op":155,"st":2.48,"bm":0},{"ddd":0,"ind":2,"ty":4,"nm":"Shape Layer 3","parent":1,"sr":1,"ks":{"o":{"a":0,"k":100,"ix":11},"r":{"a":0,"k":0,"ix":10},"p":{"a":0,"k":[22,80,0],"ix":2,"l":2},"a":{"a":0,"k":[0,0,0],"ix":1,"l":2},"s":{"a":0,"k":[100,100,100],"ix":6,"l":2}},"ao":0,"shapes":[{"ty":"gr","it":[{"ind":0,"ty":"sh","ix":1,"ks":{"a":0,"k":{"i":[[0,0],[0,0]],"o":[[0,0],[0,0]],"v":[[42,-502],[42,478]],"c":false},"ix":2},"nm":"Path 1","mn":"ADBE Vector Shape - Group","hd":false},{"ty":"tm","s":{"a":1,"k":[{"i":{"x":[0.047],"y":[1.003]},"o":{"x":[0.167],"y":[0.167]},"t":8.68,"s":[0]},{"t":33.48,"s":[100]}],"ix":1},"e":{"a":1,"k":[{"i":{"x":[0],"y":[1.002]},"o":{"x":[0.167],"y":[0.167]},"t":7.44,"s":[0]},{"t":23.56,"s":[100]}],"ix":2},"o":{"a":0,"k":0,"ix":3},"m":1,"ix":2,"nm":"Trim Paths 1","mn":"ADBE Vector Filter - Trim","hd":false},{"ty":"st","c":{"a":0,"k":[0.313725490196,0.941176470588,0.427450980392,1],"ix":3},"o":{"a":0,"k":100,"ix":4},"w":{"a":0,"k":5,"ix":5},"lc":1,"lj":1,"ml":4,"bm":0,"nm":"Stroke 1","mn":"ADBE Vector Graphic - Stroke","hd":false},{"ty":"tr","p":{"a":0,"k":[0,0],"ix":2},"a":{"a":0,"k":[0,0],"ix":1},"s":{"a":0,"k":[100,100],"ix":3},"r":{"a":0,"k":0,"ix":6},"o":{"a":0,"k":100,"ix":7},"sk":{"a":0,"k":0,"ix":4},"sa":{"a":0,"k":0,"ix":5},"nm":"Transform"}],"nm":"Shape 1","np":4,"cix":2,"bm":0,"ix":1,"mn":"ADBE Vector Group","hd":false}],"ip":7.44,"op":155,"st":7.44,"bm":0},{"ddd":0,"ind":3,"ty":4,"nm":"Shape Layer 4","parent":1,"sr":1,"ks":{"o":{"a":0,"k":100,"ix":11},"r":{"a":0,"k":0,"ix":10},"p":{"a":0,"k":[-16,12,0],"ix":2,"l":2},"a":{"a":0,"k":[0,0,0],"ix":1,"l":2},"s":{"a":0,"k":[100,100,100],"ix":6,"l":2}},"ao":0,"shapes":[{"ty":"gr","it":[{"ind":0,"ty":"sh","ix":1,"ks":{"a":0,"k":{"i":[[0,0],[0,0]],"o":[[0,0],[0,0]],"v":[[42,-336],[42,282]],"c":false},"ix":2},"nm":"Path 1","mn":"ADBE Vector Shape - Group","hd":false},{"ty":"tm","s":{"a":1,"k":[{"i":{"x":[0.047],"y":[1.003]},"o":{"x":[0.167],"y":[0.167]},"t":14.88,"s":[0]},{"t":39.68,"s":[100]}],"ix":1},"e":{"a":1,"k":[{"i":{"x":[0],"y":[1.002]},"o":{"x":[0.167],"y":[0.167]},"t":13.64,"s":[0]},{"t":31,"s":[100]}],"ix":2},"o":{"a":0,"k":0,"ix":3},"m":1,"ix":2,"nm":"Trim Paths 1","mn":"ADBE Vector Filter - Trim","hd":false},{"ty":"st","c":{"a":0,"k":[0.313725490196,0.941176470588,0.427450980392,1],"ix":3},"o":{"a":0,"k":100,"ix":4},"w":{"a":0,"k":5,"ix":5},"lc":1,"lj":1,"ml":4,"bm":0,"nm":"Stroke 1","mn":"ADBE Vector Graphic - Stroke","hd":false},{"ty":"tr","p":{"a":0,"k":[0,0],"ix":2},"a":{"a":0,"k":[0,0],"ix":1},"s":{"a":0,"k":[100,100],"ix":3},"r":{"a":0,"k":0,"ix":6},"o":{"a":0,"k":100,"ix":7},"sk":{"a":0,"k":0,"ix":4},"sa":{"a":0,"k":0,"ix":5},"nm":"Transform"}],"nm":"Shape 1","np":4,"cix":2,"bm":0,"ix":1,"mn":"ADBE Vector Group","hd":false}],"ip":13.64,"op":155,"st":13.64,"bm":0},{"ddd":0,"ind":4,"ty":4,"nm":"Shape Layer 1","parent":1,"sr":1,"ks":{"o":{"a":0,"k":100,"ix":11},"r":{"a":0,"k":0,"ix":10},"p":{"a":0,"k":[38,78,0],"ix":2,"l":2},"a":{"a":0,"k":[0,0,0],"ix":1,"l":2},"s":{"a":0,"k":[100,100,100],"ix":6,"l":2}},"ao":0,"shapes":[{"ty":"gr","it":[{"ind":0,"ty":"sh","ix":1,"ks":{"a":0,"k":{"i":[[0,0],[0,0]],"o":[[0,0],[0,0]],"v":[[42,-336],[42,282]],"c":false},"ix":2},"nm":"Path 1","mn":"ADBE Vector Shape - Group","hd":false},{"ty":"tm","s":{"a":1,"k":[{"i":{"x":[0.047],"y":[1.002]},"o":{"x":[0.167],"y":[0.167]},"t":3.72,"s":[0]},{"t":23.56,"s":[100]}],"ix":1},"e":{"a":1,"k":[{"i":{"x":[0],"y":[1.002]},"o":{"x":[0.167],"y":[0.167]},"t":0,"s":[0]},{"t":16.12,"s":[100]}],"ix":2},"o":{"a":0,"k":0,"ix":3},"m":1,"ix":2,"nm":"Trim Paths 1","mn":"ADBE Vector Filter - Trim","hd":false},{"ty":"st","c":{"a":0,"k":[0.313725490196,0.941176470588,0.427450980392,1],"ix":3},"o":{"a":0,"k":100,"ix":4},"w":{"a":0,"k":5,"ix":5},"lc":1,"lj":1,"ml":4,"bm":0,"nm":"Stroke 1","mn":"ADBE Vector Graphic - Stroke","hd":false},{"ty":"tr","p":{"a":0,"k":[0,0],"ix":2},"a":{"a":0,"k":[0,0],"ix":1},"s":{"a":0,"k":[100,100],"ix":3},"r":{"a":0,"k":0,"ix":6},"o":{"a":0,"k":100,"ix":7},"sk":{"a":0,"k":0,"ix":4},"sa":{"a":0,"k":0,"ix":5},"nm":"Transform"}],"nm":"Shape 1","np":4,"cix":2,"bm":0,"ix":1,"mn":"ADBE Vector Group","hd":false}],"ip":0,"op":155,"st":0,"bm":0}]},{"id":"comp_3","nm":"Circle Shape_01","fr":25,"layers":[{"ddd":0,"ind":1,"ty":4,"nm":"Shape Layer 2","sr":1,"ks":{"o":{"a":0,"k":100,"ix":11},"r":{"a":0,"k":0,"ix":10},"p":{"a":0,"k":[518,502,0],"ix":2,"l":2},"a":{"a":0,"k":[0,0,0],"ix":1,"l":2},"s":{"a":0,"k":[83.19,83.19,100],"ix":6,"l":2}},"ao":0,"shapes":[{"ty":"gr","it":[{"d":1,"ty":"el","s":{"a":0,"k":[760,760],"ix":2},"p":{"a":0,"k":[0,0],"ix":3},"nm":"Ellipse Path 1","mn":"ADBE Vector Shape - Ellipse","hd":false},{"ty":"tm","s":{"a":1,"k":[{"i":{"x":[0],"y":[1.002]},"o":{"x":[0.167],"y":[0.167]},"t":13.64,"s":[0]},{"t":35.96,"s":[100]}],"ix":1},"e":{"a":1,"k":[{"i":{"x":[0],"y":[1.002]},"o":{"x":[0.167],"y":[0.167]},"t":6.2,"s":[0]},{"t":26.04,"s":[100]}],"ix":2},"o":{"a":0,"k":0,"ix":3},"m":1,"ix":2,"nm":"Trim Paths 1","mn":"ADBE Vector Filter - Trim","hd":false},{"ty":"st","c":{"a":0,"k":[0.313725490196,0.941176470588,0.427450980392,1],"ix":3},"o":{"a":0,"k":100,"ix":4},"w":{"a":0,"k":3,"ix":5},"lc":1,"lj":1,"ml":4,"bm":0,"nm":"Stroke 1","mn":"ADBE Vector Graphic - Stroke","hd":false},{"ty":"tr","p":{"a":0,"k":[-18,-2],"ix":2},"a":{"a":0,"k":[0,0],"ix":1},"s":{"a":0,"k":[100,100],"ix":3},"r":{"a":0,"k":0,"ix":6},"o":{"a":0,"k":100,"ix":7},"sk":{"a":0,"k":0,"ix":4},"sa":{"a":0,"k":0,"ix":5},"nm":"Transform"}],"nm":"Ellipse 1","np":4,"cix":2,"bm":0,"ix":1,"mn":"ADBE Vector Group","hd":false}],"ip":6.2,"op":62,"st":6.2,"bm":0},{"ddd":0,"ind":2,"ty":4,"nm":"Shape Layer 1","sr":1,"ks":{"o":{"a":0,"k":100,"ix":11},"r":{"a":0,"k":0,"ix":10},"p":{"a":0,"k":[518,502,0],"ix":2,"l":2},"a":{"a":0,"k":[0,0,0],"ix":1,"l":2},"s":{"a":0,"k":[100,100,100],"ix":6,"l":2}},"ao":0,"shapes":[{"ty":"gr","it":[{"d":1,"ty":"el","s":{"a":0,"k":[760,760],"ix":2},"p":{"a":0,"k":[0,0],"ix":3},"nm":"Ellipse Path 1","mn":"ADBE Vector Shape - Ellipse","hd":false},{"ty":"tm","s":{"a":1,"k":[{"i":{"x":[0],"y":[1.004]},"o":{"x":[0.167],"y":[0.167]},"t":17.36,"s":[0]},{"t":58.28,"s":[100]}],"ix":1},"e":{"a":1,"k":[{"i":{"x":[0],"y":[1.004]},"o":{"x":[0.167],"y":[0.167]},"t":0,"s":[0]},{"t":42.16,"s":[100]}],"ix":2},"o":{"a":0,"k":0,"ix":3},"m":1,"ix":2,"nm":"Trim Paths 1","mn":"ADBE Vector Filter - Trim","hd":false},{"ty":"st","c":{"a":0,"k":[0.313725490196,0.941176470588,0.427450980392,1],"ix":3},"o":{"a":0,"k":100,"ix":4},"w":{"a":0,"k":3,"ix":5},"lc":1,"lj":1,"ml":4,"bm":0,"nm":"Stroke 1","mn":"ADBE Vector Graphic - Stroke","hd":false},{"ty":"tr","p":{"a":0,"k":[-18,-2],"ix":2},"a":{"a":0,"k":[0,0],"ix":1},"s":{"a":0,"k":[100,100],"ix":3},"r":{"a":0,"k":0,"ix":6},"o":{"a":0,"k":100,"ix":7},"sk":{"a":0,"k":0,"ix":4},"sa":{"a":0,"k":0,"ix":5},"nm":"Transform"}],"nm":"Ellipse 1","np":4,"cix":2,"bm":0,"ix":1,"mn":"ADBE Vector Group","hd":false}],"ip":0,"op":62,"st":0,"bm":0}]},{"id":"comp_4","nm":"Logo_04","fr":30,"layers":[{"ddd":0,"ind":1,"ty":4,"nm":"WhatsApp_logo-color-vertical Outlines","sr":1,"ks":{"o":{"a":0,"k":100,"ix":11},"r":{"a":0,"k":0,"ix":10},"p":{"a":0,"k":[142,149,0],"ix":2,"l":2},"a":{"a":0,"k":[147,147,0],"ix":1,"l":2},"s":{"a":0,"k":[93.197,93.197,100],"ix":6,"l":2}},"ao":0,"shapes":[{"ty":"gr","it":[{"ind":0,"ty":"sh","ix":1,"ks":{"a":0,"k":{"i":[[2.598,1.301],[2.381,0.867],[1.732,-2.6],[1.515,-1.733],[2.596,1.3],[9.921,8.848],[1.516,2.6],[-1.301,1.295],[-1.3,1.516],[-0.865,1.733],[0.649,1.3],[2.164,5.199],[1.594,0.08],[1.732,0],[2.38,-2.599],[0,-12.782],[-1.299,-1.734],[-26.051,-11.25],[-3.771,-1.197],[-4.475,0.668],[-2.163,6.065],[0.648,1.083]],"o":[[-2.597,-1.3],[-2.381,-0.865],[-1.73,2.599],[-1.514,1.733],[-2.597,-1.299],[-7.719,-6.887],[-1.515,-2.6],[1.169,-1.164],[1.298,-1.516],[0.867,-1.733],[-0.649,-1.3],[-2.108,-5.063],[-1.513,-0.076],[-1.731,0],[-2.381,2.6],[0,12.784],[1.299,1.733],[6.196,2.676],[6.223,1.978],[4.99,-0.746],[2.164,-6.068],[-0.65,-1.082]],"v":[[47.816,20.818],[30.072,12.369],[24.228,13.67],[16.004,23.852],[10.378,24.502],[-10.507,11.612],[-24.954,-6.379],[-23.815,-11.68],[-19.918,-16.229],[-17.322,-20.562],[-17.538,-25.112],[-25.546,-44.395],[-31.389,-48.853],[-36.367,-48.946],[-43.291,-45.696],[-52.381,-24.03],[-41.777,2.836],[2.587,42.049],[17.392,47.52],[33.75,48.549],[51.278,36.201],[52.794,23.85]],"c":true},"ix":2},"nm":"Path 1","mn":"ADBE Vector Shape - Group","hd":false},{"ind":1,"ty":"sh","ix":2,"ks":{"a":0,"k":{"i":[[47.614,0],[0,0],[13.263,7.871],[0,0],[0,0],[0,0],[0,0],[-0.008,16.323],[-47.651,0],[-16.311,-16.329],[0.01,-23.084]],"o":[[0,0],[-15.5,-0.006],[0,0],[0,0],[0,0],[0,0],[-8.647,-13.753],[0.019,-47.631],[23.074,0.009],[16.309,16.329],[-0.019,47.633]],"v":[[0.431,85.518],[0.396,85.518],[-43.572,73.476],[-46.726,71.605],[-79.423,80.181],[-70.696,48.303],[-72.749,45.034],[-85.957,-0.94],[0.466,-87.321],[61.541,-61.986],[86.817,-0.869]],"c":true},"ix":2},"nm":"Path 2","mn":"ADBE Vector Shape - Group","hd":false},{"ind":2,"ty":"sh","ix":3,"ks":{"a":0,"k":{"i":[[19.623,19.645],[27.803,0.011],[0.023,-57.305],[-9.095,-15.762],[0,0],[0,0],[-17.395,-0.007],[0,0],[-0.025,57.308]],"o":[[-19.623,-19.646],[-57.288,0],[-0.007,18.319],[0,0],[0,0],[15.181,8.28],[0,0],[57.282,0],[0.01,-27.77]],"v":[[73.953,-74.392],[0.43,-104.874],[-103.507,-0.946],[-89.633,51.015],[-104.378,104.874],[-49.28,90.421],[0.388,103.072],[0.431,103.072],[104.368,-0.865]],"c":true},"ix":2},"nm":"Path 3","mn":"ADBE Vector Shape - Group","hd":false},{"ty":"mm","mm":1,"nm":"Merge Paths 1","mn":"ADBE Vector Filter - Merge","hd":false},{"ty":"mm","mm":4,"nm":"Merge Paths 2","mn":"ADBE Vector Filter - Merge","hd":false},{"ty":"fl","c":{"a":0,"k":[1,1,1,1],"ix":4},"o":{"a":0,"k":100,"ix":5},"r":1,"bm":0,"nm":"Fill 1","mn":"ADBE Vector Graphic - Fill","hd":false},{"ty":"tr","p":{"a":0,"k":[149.825,145.371],"ix":2},"a":{"a":0,"k":[0,0],"ix":1},"s":{"a":0,"k":[100,100],"ix":3},"r":{"a":0,"k":0,"ix":6},"o":{"a":0,"k":100,"ix":7},"sk":{"a":0,"k":0,"ix":4},"sa":{"a":0,"k":0,"ix":5},"nm":"Transform"}],"nm":"Group 1","np":6,"cix":2,"bm":0,"ix":1,"mn":"ADBE Vector Group","hd":false}],"ip":0,"op":1446.66666666667,"st":0,"bm":0},{"ddd":0,"ind":2,"ty":4,"nm":"Shape Layer 1","sr":1,"ks":{"o":{"a":0,"k":100,"ix":11},"r":{"a":0,"k":0,"ix":10},"p":{"a":0,"k":[143.13,147.37,0],"ix":2,"l":2},"a":{"a":0,"k":[0,0,0],"ix":1,"l":2},"s":{"a":0,"k":[100,100,100],"ix":6,"l":2}},"ao":0,"shapes":[{"ty":"gr","it":[{"ty":"rc","d":1,"s":{"a":0,"k":[261.74,261.74],"ix":2},"p":{"a":0,"k":[0,0],"ix":3},"r":{"a":0,"k":46,"ix":4},"nm":"Rectangle Path 1","mn":"ADBE Vector Shape - Rect","hd":false},{"ty":"st","c":{"a":0,"k":[0,0.521568986481,0.733332974303,1],"ix":3},"o":{"a":0,"k":100,"ix":4},"w":{"a":0,"k":0,"ix":5},"lc":1,"lj":1,"ml":4,"bm":0,"nm":"Stroke 1","mn":"ADBE Vector Graphic - Stroke","hd":false},{"ty":"gf","o":{"a":0,"k":100,"ix":10},"r":1,"bm":0,"g":{"p":3,"k":{"a":0,"k":[0,0.314,0.941,0.427,0.475,0.255,0.881,0.368,0.989,0.196,0.82,0.309],"ix":9}},"s":{"a":0,"k":[-20.403,-109.714],"ix":5},"e":{"a":0,"k":[-53.908,91.739],"ix":6},"t":1,"nm":"Gradient Fill 1","mn":"ADBE Vector Graphic - G-Fill","hd":false},{"ty":"tr","p":{"a":0,"k":[-1.13,1.63],"ix":2},"a":{"a":0,"k":[0,0],"ix":1},"s":{"a":0,"k":[100,100],"ix":3},"r":{"a":0,"k":0,"ix":6},"o":{"a":0,"k":100,"ix":7},"sk":{"a":0,"k":0,"ix":4},"sa":{"a":0,"k":0,"ix":5},"nm":"Transform"}],"nm":"Rectangle 1","np":3,"cix":2,"bm":0,"ix":1,"mn":"ADBE Vector Group","hd":false}],"ip":0,"op":1446.66666666667,"st":0,"bm":0}]},{"id":"comp_5","nm":"Special Icon_05","fr":60,"layers":[{"ddd":0,"ind":1,"ty":0,"nm":"Logo_04","refId":"comp_4","sr":1,"ks":{"o":{"a":1,"k":[{"i":{"x":[0.833],"y":[0.833]},"o":{"x":[0.167],"y":[0.167]},"t":0,"s":[100]},{"t":53.7333333333333,"s":[0]}],"ix":11},"r":{"a":0,"k":0,"ix":10},"p":{"a":1,"k":[{"i":{"x":0,"y":1},"o":{"x":0,"y":0},"t":0,"s":[501,501,0],"to":[15,57.667,0],"ti":[-15,-57.667,0]},{"t":54.25,"s":[591,847,0]}],"ix":2,"l":2},"a":{"a":0,"k":[142,149.5,0],"ix":1,"l":2},"s":{"a":0,"k":[38.735,38.735,100],"ix":6,"l":2}},"ao":0,"w":284,"h":299,"ip":0,"op":1446.66666666667,"st":0,"bm":0},{"ddd":0,"ind":2,"ty":0,"nm":"Logo_04","refId":"comp_4","sr":1,"ks":{"o":{"a":1,"k":[{"i":{"x":[0.833],"y":[0.833]},"o":{"x":[0.167],"y":[0.167]},"t":0,"s":[100]},{"t":53.7333333333333,"s":[0]}],"ix":11},"r":{"a":0,"k":0,"ix":10},"p":{"a":1,"k":[{"i":{"x":0,"y":1},"o":{"x":0,"y":0},"t":0,"s":[501,501,0],"to":[-17.333,23.833,0],"ti":[17.333,-23.833,0]},{"t":54.25,"s":[397,644,0]}],"ix":2,"l":2},"a":{"a":0,"k":[142,149.5,0],"ix":1,"l":2},"s":{"a":0,"k":[9.973,9.973,100],"ix":6,"l":2}},"ao":0,"w":284,"h":299,"ip":0,"op":1446.66666666667,"st":0,"bm":0},{"ddd":0,"ind":3,"ty":0,"nm":"Logo_04","refId":"comp_4","sr":1,"ks":{"o":{"a":1,"k":[{"i":{"x":[0.833],"y":[0.833]},"o":{"x":[0.167],"y":[0.167]},"t":0,"s":[100]},{"t":53.7333333333333,"s":[0]}],"ix":11},"r":{"a":0,"k":0,"ix":10},"p":{"a":1,"k":[{"i":{"x":0,"y":1},"o":{"x":0,"y":0},"t":0,"s":[501,501,0],"to":[-38.333,-61.667,0],"ti":[38.333,61.667,0]},{"t":54.25,"s":[271,131,0]}],"ix":2,"l":2},"a":{"a":0,"k":[142,149.5,0],"ix":1,"l":2},"s":{"a":0,"k":[19.127,19.127,100],"ix":6,"l":2}},"ao":0,"w":284,"h":299,"ip":0,"op":1446.66666666667,"st":0,"bm":0},{"ddd":0,"ind":4,"ty":4,"nm":"Shape Layer 3","sr":1,"ks":{"o":{"a":1,"k":[{"i":{"x":[0],"y":[1.001]},"o":{"x":[0.017],"y":[0.279]},"t":12.4,"s":[100]},{"t":54.5597981770833,"s":[0]}],"ix":11},"r":{"a":1,"k":[{"i":{"x":[0],"y":[0.999]},"o":{"x":[0.167],"y":[0.167]},"t":0,"s":[0]},{"t":54.5597981770833,"s":[180]}],"ix":10},"p":{"a":1,"k":[{"i":{"x":0,"y":1},"o":{"x":0.167,"y":0.167},"t":0,"s":[503.978,540.126,0],"to":[-25,-40.167,0],"ti":[25,40.167,0]},{"t":54.5597981770833,"s":[353.978,299.126,0]}],"ix":2,"l":2},"a":{"a":0,"k":[-157,-260,0],"ix":1,"l":2},"s":{"a":0,"k":[33.185,33.185,100],"ix":6,"l":2}},"ao":0,"shapes":[{"ty":"gr","it":[{"ty":"sr","sy":2,"d":1,"pt":{"a":0,"k":3,"ix":3},"p":{"a":0,"k":[0,0],"ix":4},"r":{"a":0,"k":0,"ix":5},"or":{"a":0,"k":33.615,"ix":7},"os":{"a":0,"k":0,"ix":9},"ix":1,"nm":"Polystar Path 1","mn":"ADBE Vector Shape - Star","hd":false},{"ty":"st","c":{"a":0,"k":[1,1,1,1],"ix":3},"o":{"a":0,"k":100,"ix":4},"w":{"a":0,"k":0,"ix":5},"lc":1,"lj":1,"ml":4,"bm":0,"nm":"Stroke 1","mn":"ADBE Vector Graphic - Stroke","hd":false},{"ty":"fl","c":{"a":0,"k":[0.313725490196,0.941176470588,0.427450980392,1],"ix":4},"o":{"a":0,"k":100,"ix":5},"r":1,"bm":0,"nm":"Fill 1","mn":"ADBE Vector Graphic - Fill","hd":false},{"ty":"tr","p":{"a":0,"k":[-157,-254],"ix":2},"a":{"a":0,"k":[0,0],"ix":1},"s":{"a":0,"k":[100,100],"ix":3},"r":{"a":0,"k":0,"ix":6},"o":{"a":0,"k":100,"ix":7},"sk":{"a":0,"k":0,"ix":4},"sa":{"a":0,"k":0,"ix":5},"nm":"Transform"}],"nm":"Polystar 1","np":3,"cix":2,"bm":0,"ix":1,"mn":"ADBE Vector Group","hd":false}],"ip":0,"op":62,"st":0,"bm":0},{"ddd":0,"ind":5,"ty":4,"nm":"Shape Layer 2","sr":1,"ks":{"o":{"a":1,"k":[{"i":{"x":[0],"y":[1.001]},"o":{"x":[0.017],"y":[0.279]},"t":12.4,"s":[100]},{"t":54.5597981770833,"s":[0]}],"ix":11},"r":{"a":1,"k":[{"i":{"x":[0],"y":[0.999]},"o":{"x":[0.167],"y":[0.167]},"t":0,"s":[0]},{"t":54.5597981770833,"s":[180]}],"ix":10},"p":{"a":1,"k":[{"i":{"x":0,"y":1},"o":{"x":0.167,"y":0.167},"t":0,"s":[503.978,540.126,0],"to":[28,36.167,0],"ti":[-28,-36.167,0]},{"t":54.5597981770833,"s":[671.978,757.126,0]}],"ix":2,"l":2},"a":{"a":0,"k":[-157,-260,0],"ix":1,"l":2},"s":{"a":0,"k":[33.185,33.185,100],"ix":6,"l":2}},"ao":0,"shapes":[{"ty":"gr","it":[{"ty":"sr","sy":2,"d":1,"pt":{"a":0,"k":3,"ix":3},"p":{"a":0,"k":[0,0],"ix":4},"r":{"a":0,"k":0,"ix":5},"or":{"a":0,"k":33.615,"ix":7},"os":{"a":0,"k":0,"ix":9},"ix":1,"nm":"Polystar Path 1","mn":"ADBE Vector Shape - Star","hd":false},{"ty":"st","c":{"a":0,"k":[1,1,1,1],"ix":3},"o":{"a":0,"k":100,"ix":4},"w":{"a":0,"k":0,"ix":5},"lc":1,"lj":1,"ml":4,"bm":0,"nm":"Stroke 1","mn":"ADBE Vector Graphic - Stroke","hd":false},{"ty":"fl","c":{"a":0,"k":[0.313725490196,0.941176470588,0.427450980392,1],"ix":4},"o":{"a":0,"k":100,"ix":5},"r":1,"bm":0,"nm":"Fill 1","mn":"ADBE Vector Graphic - Fill","hd":false},{"ty":"tr","p":{"a":0,"k":[-157,-254],"ix":2},"a":{"a":0,"k":[0,0],"ix":1},"s":{"a":0,"k":[100,100],"ix":3},"r":{"a":0,"k":0,"ix":6},"o":{"a":0,"k":100,"ix":7},"sk":{"a":0,"k":0,"ix":4},"sa":{"a":0,"k":0,"ix":5},"nm":"Transform"}],"nm":"Polystar 1","np":3,"cix":2,"bm":0,"ix":1,"mn":"ADBE Vector Group","hd":false}],"ip":0,"op":62,"st":0,"bm":0},{"ddd":0,"ind":6,"ty":4,"nm":"Shape Layer 1","sr":1,"ks":{"o":{"a":1,"k":[{"i":{"x":[0],"y":[1.001]},"o":{"x":[0.017],"y":[0.279]},"t":12.4,"s":[100]},{"t":54.5597981770833,"s":[0]}],"ix":11},"r":{"a":1,"k":[{"i":{"x":[0],"y":[0.999]},"o":{"x":[0.167],"y":[0.167]},"t":0,"s":[0]},{"t":54.5597981770833,"s":[180]}],"ix":10},"p":{"a":1,"k":[{"i":{"x":0,"y":1},"o":{"x":0.167,"y":0.167},"t":0,"s":[503.978,540.126,0],"to":[18.167,-43.833,0],"ti":[-18.167,43.833,0]},{"t":54.5597981770833,"s":[612.978,277.126,0]}],"ix":2,"l":2},"a":{"a":0,"k":[-157,-260,0],"ix":1,"l":2},"s":{"a":0,"k":[70.607,70.607,100],"ix":6,"l":2}},"ao":0,"shapes":[{"ty":"gr","it":[{"ty":"sr","sy":2,"d":1,"pt":{"a":0,"k":3,"ix":3},"p":{"a":0,"k":[0,0],"ix":4},"r":{"a":0,"k":0,"ix":5},"or":{"a":0,"k":33.615,"ix":7},"os":{"a":0,"k":0,"ix":9},"ix":1,"nm":"Polystar Path 1","mn":"ADBE Vector Shape - Star","hd":false},{"ty":"st","c":{"a":0,"k":[0.313725490196,0.941176470588,0.427450980392,1],"ix":3},"o":{"a":0,"k":100,"ix":4},"w":{"a":0,"k":5,"ix":5},"lc":1,"lj":1,"ml":4,"bm":0,"nm":"Stroke 1","mn":"ADBE Vector Graphic - Stroke","hd":false},{"ty":"tr","p":{"a":0,"k":[-157,-254],"ix":2},"a":{"a":0,"k":[0,0],"ix":1},"s":{"a":0,"k":[100,100],"ix":3},"r":{"a":0,"k":0,"ix":6},"o":{"a":0,"k":100,"ix":7},"sk":{"a":0,"k":0,"ix":4},"sa":{"a":0,"k":0,"ix":5},"nm":"Transform"}],"nm":"Polystar 1","np":3,"cix":2,"bm":0,"ix":1,"mn":"ADBE Vector Group","hd":false}],"ip":0,"op":62,"st":0,"bm":0},{"ddd":0,"ind":7,"ty":4,"nm":"+ Outlines 5","sr":1,"ks":{"o":{"a":1,"k":[{"i":{"x":[0],"y":[1.001]},"o":{"x":[0.017],"y":[0.279]},"t":12.4,"s":[100]},{"t":54.5597981770833,"s":[0]}],"ix":11},"r":{"a":1,"k":[{"i":{"x":[0],"y":[0.999]},"o":{"x":[0.167],"y":[0.167]},"t":0,"s":[0]},{"t":54.5597981770833,"s":[180]}],"ix":10},"p":{"a":1,"k":[{"i":{"x":0,"y":1},"o":{"x":0.167,"y":0.167},"t":0,"s":[503.978,540.126,0],"to":[-58,-56.167,0],"ti":[58,56.167,0]},{"t":54.5597981770833,"s":[155.978,203.126,0]}],"ix":2,"l":2},"a":{"a":0,"k":[0,-4.67,0],"ix":1,"l":2},"s":{"a":0,"k":[874.409,874.409,100],"ix":6,"l":2}},"ao":0,"shapes":[{"ty":"gr","it":[{"ind":0,"ty":"sh","ix":1,"ks":{"a":0,"k":{"i":[[0,0],[0,0],[0,0],[0,0],[0,0],[0,0],[0,0],[0,0],[0,0],[0,0],[0,0],[0,0]],"o":[[0,0],[0,0],[0,0],[0,0],[0,0],[0,0],[0,0],[0,0],[0,0],[0,0],[0,0],[0,0]],"v":[[3.36,-5.173],[0.504,-5.173],[0.504,-8.162],[-0.511,-8.162],[-0.511,-5.173],[-3.353,-5.173],[-3.353,-4.228],[-0.511,-4.228],[-0.511,-1.218],[0.504,-1.218],[0.504,-4.228],[3.36,-4.228]],"c":true},"ix":2},"nm":"+","mn":"ADBE Vector Shape - Group","hd":false},{"ty":"st","c":{"a":0,"k":[0.313725490196,0.941176470588,0.427450980392,1],"ix":3},"o":{"a":0,"k":100,"ix":4},"w":{"a":0,"k":2,"ix":5},"lc":1,"lj":1,"ml":4,"bm":0,"nm":"Stroke 1","mn":"ADBE Vector Graphic - Stroke","hd":false},{"ty":"fl","c":{"a":0,"k":[0.313725490196,0.941176470588,0.427450980392,1],"ix":4},"o":{"a":0,"k":100,"ix":5},"r":1,"bm":0,"nm":"Fill 1","mn":"ADBE Vector Graphic - Fill","hd":false},{"ty":"tr","p":{"a":0,"k":[0,0],"ix":2},"a":{"a":0,"k":[0,0],"ix":1},"s":{"a":0,"k":[100,100],"ix":3},"r":{"a":0,"k":0,"ix":6},"o":{"a":0,"k":100,"ix":7},"sk":{"a":0,"k":0,"ix":4},"sa":{"a":0,"k":0,"ix":5},"nm":"Transform"}],"nm":"+","np":3,"cix":2,"bm":0,"ix":1,"mn":"ADBE Vector Group","hd":false}],"ip":0,"op":62,"st":0,"bm":0},{"ddd":0,"ind":8,"ty":4,"nm":"+ Outlines 4","sr":1,"ks":{"o":{"a":1,"k":[{"i":{"x":[0],"y":[1.001]},"o":{"x":[0.017],"y":[0.279]},"t":12.4,"s":[100]},{"t":54.5597981770833,"s":[0]}],"ix":11},"r":{"a":1,"k":[{"i":{"x":[0],"y":[0.999]},"o":{"x":[0.167],"y":[0.167]},"t":0,"s":[0]},{"t":54.5597981770833,"s":[180]}],"ix":10},"p":{"a":1,"k":[{"i":{"x":0,"y":1},"o":{"x":0.167,"y":0.167},"t":0,"s":[503.978,540.126,0],"to":[22,18,0],"ti":[-22,-18,0]},{"t":54.5597981770833,"s":[635.978,648.126,0]}],"ix":2,"l":2},"a":{"a":0,"k":[0,-4.67,0],"ix":1,"l":2},"s":{"a":0,"k":[248.087,248.087,100],"ix":6,"l":2}},"ao":0,"shapes":[{"ty":"gr","it":[{"ind":0,"ty":"sh","ix":1,"ks":{"a":0,"k":{"i":[[0,0],[0,0],[0,0],[0,0],[0,0],[0,0],[0,0],[0,0],[0,0],[0,0],[0,0],[0,0]],"o":[[0,0],[0,0],[0,0],[0,0],[0,0],[0,0],[0,0],[0,0],[0,0],[0,0],[0,0],[0,0]],"v":[[3.36,-5.173],[0.504,-5.173],[0.504,-8.162],[-0.511,-8.162],[-0.511,-5.173],[-3.353,-5.173],[-3.353,-4.228],[-0.511,-4.228],[-0.511,-1.218],[0.504,-1.218],[0.504,-4.228],[3.36,-4.228]],"c":true},"ix":2},"nm":"+","mn":"ADBE Vector Shape - Group","hd":false},{"ty":"st","c":{"a":0,"k":[0.313725490196,0.941176470588,0.427450980392,1],"ix":3},"o":{"a":0,"k":100,"ix":4},"w":{"a":0,"k":2,"ix":5},"lc":1,"lj":1,"ml":4,"bm":0,"nm":"Stroke 1","mn":"ADBE Vector Graphic - Stroke","hd":false},{"ty":"fl","c":{"a":0,"k":[0.313725490196,0.941176470588,0.427450980392,1],"ix":4},"o":{"a":0,"k":100,"ix":5},"r":1,"bm":0,"nm":"Fill 1","mn":"ADBE Vector Graphic - Fill","hd":false},{"ty":"tr","p":{"a":0,"k":[0,0],"ix":2},"a":{"a":0,"k":[0,0],"ix":1},"s":{"a":0,"k":[100,100],"ix":3},"r":{"a":0,"k":0,"ix":6},"o":{"a":0,"k":100,"ix":7},"sk":{"a":0,"k":0,"ix":4},"sa":{"a":0,"k":0,"ix":5},"nm":"Transform"}],"nm":"+","np":3,"cix":2,"bm":0,"ix":1,"mn":"ADBE Vector Group","hd":false}],"ip":0,"op":62,"st":0,"bm":0},{"ddd":0,"ind":9,"ty":4,"nm":"+ Outlines 3","sr":1,"ks":{"o":{"a":1,"k":[{"i":{"x":[0],"y":[1.001]},"o":{"x":[0.017],"y":[0.279]},"t":12.4,"s":[100]},{"t":54.5597981770833,"s":[0]}],"ix":11},"r":{"a":1,"k":[{"i":{"x":[0],"y":[0.999]},"o":{"x":[0.167],"y":[0.167]},"t":0,"s":[0]},{"t":54.5597981770833,"s":[180]}],"ix":10},"p":{"a":1,"k":[{"i":{"x":0,"y":1},"o":{"x":0.167,"y":0.167},"t":0,"s":[503.978,540.126,0],"to":[-59.5,17.833,0],"ti":[59.5,-17.833,0]},{"t":54.5597981770833,"s":[146.978,647.126,0]}],"ix":2,"l":2},"a":{"a":0,"k":[0,-4.67,0],"ix":1,"l":2},"s":{"a":0,"k":[248.087,248.087,100],"ix":6,"l":2}},"ao":0,"shapes":[{"ty":"gr","it":[{"ind":0,"ty":"sh","ix":1,"ks":{"a":0,"k":{"i":[[0,0],[0,0],[0,0],[0,0],[0,0],[0,0],[0,0],[0,0],[0,0],[0,0],[0,0],[0,0]],"o":[[0,0],[0,0],[0,0],[0,0],[0,0],[0,0],[0,0],[0,0],[0,0],[0,0],[0,0],[0,0]],"v":[[3.36,-5.173],[0.504,-5.173],[0.504,-8.162],[-0.511,-8.162],[-0.511,-5.173],[-3.353,-5.173],[-3.353,-4.228],[-0.511,-4.228],[-0.511,-1.218],[0.504,-1.218],[0.504,-4.228],[3.36,-4.228]],"c":true},"ix":2},"nm":"+","mn":"ADBE Vector Shape - Group","hd":false},{"ty":"st","c":{"a":0,"k":[0.313725490196,0.941176470588,0.427450980392,1],"ix":3},"o":{"a":0,"k":100,"ix":4},"w":{"a":0,"k":2,"ix":5},"lc":1,"lj":1,"ml":4,"bm":0,"nm":"Stroke 1","mn":"ADBE Vector Graphic - Stroke","hd":false},{"ty":"fl","c":{"a":0,"k":[1,1,1,1],"ix":4},"o":{"a":0,"k":100,"ix":5},"r":1,"bm":0,"nm":"Fill 1","mn":"ADBE Vector Graphic - Fill","hd":false},{"ty":"tr","p":{"a":0,"k":[0,0],"ix":2},"a":{"a":0,"k":[0,0],"ix":1},"s":{"a":0,"k":[100,100],"ix":3},"r":{"a":0,"k":0,"ix":6},"o":{"a":0,"k":100,"ix":7},"sk":{"a":0,"k":0,"ix":4},"sa":{"a":0,"k":0,"ix":5},"nm":"Transform"}],"nm":"+","np":3,"cix":2,"bm":0,"ix":1,"mn":"ADBE Vector Group","hd":false}],"ip":0,"op":62,"st":0,"bm":0},{"ddd":0,"ind":10,"ty":4,"nm":"+ Outlines 2","sr":1,"ks":{"o":{"a":1,"k":[{"i":{"x":[0],"y":[1.001]},"o":{"x":[0.017],"y":[0.279]},"t":12.4,"s":[100]},{"t":54.5597981770833,"s":[0]}],"ix":11},"r":{"a":1,"k":[{"i":{"x":[0],"y":[0.999]},"o":{"x":[0.167],"y":[0.167]},"t":0,"s":[0]},{"t":54.5597981770833,"s":[180]}],"ix":10},"p":{"a":1,"k":[{"i":{"x":0,"y":1},"o":{"x":0.167,"y":0.167},"t":0,"s":[503.978,540.126,0],"to":[-50,60.333,0],"ti":[50,-60.333,0]},{"t":54.5597981770833,"s":[203.978,902.126,0]}],"ix":2,"l":2},"a":{"a":0,"k":[0,-4.67,0],"ix":1,"l":2},"s":{"a":0,"k":[248.087,248.087,100],"ix":6,"l":2}},"ao":0,"shapes":[{"ty":"gr","it":[{"ind":0,"ty":"sh","ix":1,"ks":{"a":0,"k":{"i":[[0,0],[0,0],[0,0],[0,0],[0,0],[0,0],[0,0],[0,0],[0,0],[0,0],[0,0],[0,0]],"o":[[0,0],[0,0],[0,0],[0,0],[0,0],[0,0],[0,0],[0,0],[0,0],[0,0],[0,0],[0,0]],"v":[[3.36,-5.173],[0.504,-5.173],[0.504,-8.162],[-0.511,-8.162],[-0.511,-5.173],[-3.353,-5.173],[-3.353,-4.228],[-0.511,-4.228],[-0.511,-1.218],[0.504,-1.218],[0.504,-4.228],[3.36,-4.228]],"c":true},"ix":2},"nm":"+","mn":"ADBE Vector Shape - Group","hd":false},{"ty":"st","c":{"a":0,"k":[0.313725490196,0.941176470588,0.427450980392,1],"ix":3},"o":{"a":0,"k":100,"ix":4},"w":{"a":0,"k":2,"ix":5},"lc":1,"lj":1,"ml":4,"bm":0,"nm":"Stroke 1","mn":"ADBE Vector Graphic - Stroke","hd":false},{"ty":"fl","c":{"a":0,"k":[0.313725490196,0.941176470588,0.427450980392,1],"ix":4},"o":{"a":0,"k":100,"ix":5},"r":1,"bm":0,"nm":"Fill 1","mn":"ADBE Vector Graphic - Fill","hd":false},{"ty":"tr","p":{"a":0,"k":[0,0],"ix":2},"a":{"a":0,"k":[0,0],"ix":1},"s":{"a":0,"k":[100,100],"ix":3},"r":{"a":0,"k":0,"ix":6},"o":{"a":0,"k":100,"ix":7},"sk":{"a":0,"k":0,"ix":4},"sa":{"a":0,"k":0,"ix":5},"nm":"Transform"}],"nm":"+","np":3,"cix":2,"bm":0,"ix":1,"mn":"ADBE Vector Group","hd":false}],"ip":0,"op":62,"st":0,"bm":0},{"ddd":0,"ind":11,"ty":4,"nm":"+ Outlines","sr":1,"ks":{"o":{"a":1,"k":[{"i":{"x":[0],"y":[1.001]},"o":{"x":[0.017],"y":[0.279]},"t":12.4,"s":[100]},{"t":54.5597981770833,"s":[0]}],"ix":11},"r":{"a":1,"k":[{"i":{"x":[0],"y":[0.999]},"o":{"x":[0.167],"y":[0.167]},"t":0,"s":[0]},{"t":54.5597981770833,"s":[180]}],"ix":10},"p":{"a":1,"k":[{"i":{"x":0,"y":1},"o":{"x":0.167,"y":0.167},"t":0,"s":[503.978,540.126,0],"to":[63.333,-55,0],"ti":[-63.333,55,0]},{"t":54.5597981770833,"s":[883.978,210.126,0]}],"ix":2,"l":2},"a":{"a":0,"k":[0,-4.67,0],"ix":1,"l":2},"s":{"a":0,"k":[621.023,621.023,100],"ix":6,"l":2}},"ao":0,"shapes":[{"ty":"gr","it":[{"ind":0,"ty":"sh","ix":1,"ks":{"a":0,"k":{"i":[[0,0],[0,0],[0,0],[0,0],[0,0],[0,0],[0,0],[0,0],[0,0],[0,0],[0,0],[0,0]],"o":[[0,0],[0,0],[0,0],[0,0],[0,0],[0,0],[0,0],[0,0],[0,0],[0,0],[0,0],[0,0]],"v":[[3.36,-5.173],[0.504,-5.173],[0.504,-8.162],[-0.511,-8.162],[-0.511,-5.173],[-3.353,-5.173],[-3.353,-4.228],[-0.511,-4.228],[-0.511,-1.218],[0.504,-1.218],[0.504,-4.228],[3.36,-4.228]],"c":true},"ix":2},"nm":"+","mn":"ADBE Vector Shape - Group","hd":false},{"ty":"st","c":{"a":0,"k":[0.313725490196,0.941176470588,0.427450980392,1],"ix":3},"o":{"a":0,"k":100,"ix":4},"w":{"a":0,"k":2,"ix":5},"lc":1,"lj":1,"ml":4,"bm":0,"nm":"Stroke 1","mn":"ADBE Vector Graphic - Stroke","hd":false},{"ty":"fl","c":{"a":0,"k":[0,0.517647058824,0.733333333333,1],"ix":4},"o":{"a":0,"k":100,"ix":5},"r":1,"bm":0,"nm":"Fill 1","mn":"ADBE Vector Graphic - Fill","hd":false},{"ty":"tr","p":{"a":0,"k":[0,0],"ix":2},"a":{"a":0,"k":[0,0],"ix":1},"s":{"a":0,"k":[100,100],"ix":3},"r":{"a":0,"k":0,"ix":6},"o":{"a":0,"k":100,"ix":7},"sk":{"a":0,"k":0,"ix":4},"sa":{"a":0,"k":0,"ix":5},"nm":"Transform"}],"nm":"+","np":3,"cix":2,"bm":0,"ix":1,"mn":"ADBE Vector Group","hd":false}],"ip":0,"op":62,"st":0,"bm":0}]},{"id":"comp_6","nm":"Line Circle Shape","fr":25,"layers":[{"ddd":0,"ind":1,"ty":4,"nm":"Shape Layer 9","sr":1,"ks":{"o":{"a":0,"k":100,"ix":11},"r":{"a":0,"k":0,"ix":10},"p":{"a":0,"k":[500,540,0],"ix":2,"l":2},"a":{"a":0,"k":[0,0,0],"ix":1,"l":2},"s":{"a":0,"k":[100,100,100],"ix":6,"l":2}},"ao":0,"shapes":[{"ty":"gr","it":[{"ind":0,"ty":"sh","ix":1,"ks":{"a":0,"k":{"i":[[5,-6],[0,0]],"o":[[-5,6],[0,0]],"v":[[4,-4],[381,-4]],"c":false},"ix":2},"nm":"Path 1","mn":"ADBE Vector Shape - Group","hd":false},{"ty":"tm","s":{"a":1,"k":[{"i":{"x":[0.051],"y":[0.997]},"o":{"x":[0.014],"y":[0.02]},"t":4.96,"s":[0]},{"t":27.28,"s":[100]}],"ix":1},"e":{"a":1,"k":[{"i":{"x":[0],"y":[0.998]},"o":{"x":[0.016],"y":[0.004]},"t":0,"s":[0]},{"t":19.84,"s":[100]}],"ix":2},"o":{"a":0,"k":0,"ix":3},"m":1,"ix":2,"nm":"Trim Paths 1","mn":"ADBE Vector Filter - Trim","hd":false},{"ty":"st","c":{"a":0,"k":[0.313725490196,0.941176470588,0.427450980392,1],"ix":3},"o":{"a":0,"k":100,"ix":4},"w":{"a":0,"k":5,"ix":5},"lc":1,"lj":1,"ml":4,"bm":0,"nm":"Stroke 1","mn":"ADBE Vector Graphic - Stroke","hd":false},{"ty":"tr","p":{"a":0,"k":[0,0],"ix":2},"a":{"a":0,"k":[0,0],"ix":1},"s":{"a":0,"k":[100,100],"ix":3},"r":{"a":0,"k":0,"ix":6},"o":{"a":0,"k":100,"ix":7},"sk":{"a":0,"k":0,"ix":4},"sa":{"a":0,"k":0,"ix":5},"nm":"Transform"}],"nm":"Shape 1","np":4,"cix":2,"bm":0,"ix":1,"mn":"ADBE Vector Group","hd":false}],"ip":0,"op":62,"st":0,"bm":0},{"ddd":0,"ind":2,"ty":4,"nm":"Shape Layer 8","sr":1,"ks":{"o":{"a":0,"k":100,"ix":11},"r":{"a":0,"k":0,"ix":10},"p":{"a":0,"k":[500,540,0],"ix":2,"l":2},"a":{"a":0,"k":[0,0,0],"ix":1,"l":2},"s":{"a":0,"k":[100,100,100],"ix":6,"l":2}},"ao":0,"shapes":[{"ty":"gr","it":[{"ind":0,"ty":"sh","ix":1,"ks":{"a":0,"k":{"i":[[5,-6],[0,0]],"o":[[-5,6],[0,0]],"v":[[4,-4],[295,233]],"c":false},"ix":2},"nm":"Path 1","mn":"ADBE Vector Shape - Group","hd":false},{"ty":"tm","s":{"a":1,"k":[{"i":{"x":[0.051],"y":[0.997]},"o":{"x":[0.014],"y":[0.02]},"t":4.96,"s":[0]},{"t":27.28,"s":[100]}],"ix":1},"e":{"a":1,"k":[{"i":{"x":[0],"y":[0.998]},"o":{"x":[0.016],"y":[0.004]},"t":0,"s":[0]},{"t":19.84,"s":[100]}],"ix":2},"o":{"a":0,"k":0,"ix":3},"m":1,"ix":2,"nm":"Trim Paths 1","mn":"ADBE Vector Filter - Trim","hd":false},{"ty":"st","c":{"a":0,"k":[0.313725490196,0.941176470588,0.427450980392,1],"ix":3},"o":{"a":0,"k":100,"ix":4},"w":{"a":0,"k":5,"ix":5},"lc":1,"lj":1,"ml":4,"bm":0,"nm":"Stroke 1","mn":"ADBE Vector Graphic - Stroke","hd":false},{"ty":"tr","p":{"a":0,"k":[0,0],"ix":2},"a":{"a":0,"k":[0,0],"ix":1},"s":{"a":0,"k":[100,100],"ix":3},"r":{"a":0,"k":0,"ix":6},"o":{"a":0,"k":100,"ix":7},"sk":{"a":0,"k":0,"ix":4},"sa":{"a":0,"k":0,"ix":5},"nm":"Transform"}],"nm":"Shape 1","np":4,"cix":2,"bm":0,"ix":1,"mn":"ADBE Vector Group","hd":false}],"ip":0,"op":62,"st":0,"bm":0},{"ddd":0,"ind":3,"ty":4,"nm":"Shape Layer 7","sr":1,"ks":{"o":{"a":0,"k":100,"ix":11},"r":{"a":0,"k":0,"ix":10},"p":{"a":0,"k":[500,540,0],"ix":2,"l":2},"a":{"a":0,"k":[0,0,0],"ix":1,"l":2},"s":{"a":0,"k":[100,100,100],"ix":6,"l":2}},"ao":0,"shapes":[{"ty":"gr","it":[{"ind":0,"ty":"sh","ix":1,"ks":{"a":0,"k":{"i":[[5,-6],[0,0]],"o":[[-5,6],[0,0]],"v":[[4,-4],[4,378]],"c":false},"ix":2},"nm":"Path 1","mn":"ADBE Vector Shape - Group","hd":false},{"ty":"tm","s":{"a":1,"k":[{"i":{"x":[0.051],"y":[0.997]},"o":{"x":[0.014],"y":[0.02]},"t":4.96,"s":[0]},{"t":27.28,"s":[100]}],"ix":1},"e":{"a":1,"k":[{"i":{"x":[0],"y":[0.998]},"o":{"x":[0.016],"y":[0.004]},"t":0,"s":[0]},{"t":19.84,"s":[100]}],"ix":2},"o":{"a":0,"k":0,"ix":3},"m":1,"ix":2,"nm":"Trim Paths 1","mn":"ADBE Vector Filter - Trim","hd":false},{"ty":"st","c":{"a":0,"k":[0.313725490196,0.941176470588,0.427450980392,1],"ix":3},"o":{"a":0,"k":100,"ix":4},"w":{"a":0,"k":5,"ix":5},"lc":1,"lj":1,"ml":4,"bm":0,"nm":"Stroke 1","mn":"ADBE Vector Graphic - Stroke","hd":false},{"ty":"tr","p":{"a":0,"k":[0,0],"ix":2},"a":{"a":0,"k":[0,0],"ix":1},"s":{"a":0,"k":[100,100],"ix":3},"r":{"a":0,"k":0,"ix":6},"o":{"a":0,"k":100,"ix":7},"sk":{"a":0,"k":0,"ix":4},"sa":{"a":0,"k":0,"ix":5},"nm":"Transform"}],"nm":"Shape 1","np":4,"cix":2,"bm":0,"ix":1,"mn":"ADBE Vector Group","hd":false}],"ip":0,"op":62,"st":0,"bm":0},{"ddd":0,"ind":4,"ty":4,"nm":"Shape Layer 6","sr":1,"ks":{"o":{"a":0,"k":100,"ix":11},"r":{"a":0,"k":0,"ix":10},"p":{"a":0,"k":[500,540,0],"ix":2,"l":2},"a":{"a":0,"k":[0,0,0],"ix":1,"l":2},"s":{"a":0,"k":[100,100,100],"ix":6,"l":2}},"ao":0,"shapes":[{"ty":"gr","it":[{"ind":0,"ty":"sh","ix":1,"ks":{"a":0,"k":{"i":[[5,-6],[0,0]],"o":[[-5,6],[0,0]],"v":[[4,-4],[-266,262]],"c":false},"ix":2},"nm":"Path 1","mn":"ADBE Vector Shape - Group","hd":false},{"ty":"tm","s":{"a":1,"k":[{"i":{"x":[0.051],"y":[0.997]},"o":{"x":[0.014],"y":[0.02]},"t":4.96,"s":[0]},{"t":27.28,"s":[100]}],"ix":1},"e":{"a":1,"k":[{"i":{"x":[0],"y":[0.998]},"o":{"x":[0.016],"y":[0.004]},"t":0,"s":[0]},{"t":19.84,"s":[100]}],"ix":2},"o":{"a":0,"k":0,"ix":3},"m":1,"ix":2,"nm":"Trim Paths 1","mn":"ADBE Vector Filter - Trim","hd":false},{"ty":"st","c":{"a":0,"k":[0.313725490196,0.941176470588,0.427450980392,1],"ix":3},"o":{"a":0,"k":100,"ix":4},"w":{"a":0,"k":5,"ix":5},"lc":1,"lj":1,"ml":4,"bm":0,"nm":"Stroke 1","mn":"ADBE Vector Graphic - Stroke","hd":false},{"ty":"tr","p":{"a":0,"k":[0,0],"ix":2},"a":{"a":0,"k":[0,0],"ix":1},"s":{"a":0,"k":[100,100],"ix":3},"r":{"a":0,"k":0,"ix":6},"o":{"a":0,"k":100,"ix":7},"sk":{"a":0,"k":0,"ix":4},"sa":{"a":0,"k":0,"ix":5},"nm":"Transform"}],"nm":"Shape 1","np":4,"cix":2,"bm":0,"ix":1,"mn":"ADBE Vector Group","hd":false}],"ip":0,"op":62,"st":0,"bm":0},{"ddd":0,"ind":5,"ty":4,"nm":"Shape Layer 5","sr":1,"ks":{"o":{"a":0,"k":100,"ix":11},"r":{"a":0,"k":0,"ix":10},"p":{"a":0,"k":[500,540,0],"ix":2,"l":2},"a":{"a":0,"k":[0,0,0],"ix":1,"l":2},"s":{"a":0,"k":[100,100,100],"ix":6,"l":2}},"ao":0,"shapes":[{"ty":"gr","it":[{"ind":0,"ty":"sh","ix":1,"ks":{"a":0,"k":{"i":[[5,-6],[0,0]],"o":[[-5,6],[0,0]],"v":[[4,-4],[-381,-4]],"c":false},"ix":2},"nm":"Path 1","mn":"ADBE Vector Shape - Group","hd":false},{"ty":"tm","s":{"a":1,"k":[{"i":{"x":[0.051],"y":[0.997]},"o":{"x":[0.014],"y":[0.02]},"t":4.96,"s":[0]},{"t":27.28,"s":[100]}],"ix":1},"e":{"a":1,"k":[{"i":{"x":[0],"y":[0.998]},"o":{"x":[0.016],"y":[0.004]},"t":0,"s":[0]},{"t":19.84,"s":[100]}],"ix":2},"o":{"a":0,"k":0,"ix":3},"m":1,"ix":2,"nm":"Trim Paths 1","mn":"ADBE Vector Filter - Trim","hd":false},{"ty":"st","c":{"a":0,"k":[0.313725490196,0.941176470588,0.427450980392,1],"ix":3},"o":{"a":0,"k":100,"ix":4},"w":{"a":0,"k":5,"ix":5},"lc":1,"lj":1,"ml":4,"bm":0,"nm":"Stroke 1","mn":"ADBE Vector Graphic - Stroke","hd":false},{"ty":"tr","p":{"a":0,"k":[0,0],"ix":2},"a":{"a":0,"k":[0,0],"ix":1},"s":{"a":0,"k":[100,100],"ix":3},"r":{"a":0,"k":0,"ix":6},"o":{"a":0,"k":100,"ix":7},"sk":{"a":0,"k":0,"ix":4},"sa":{"a":0,"k":0,"ix":5},"nm":"Transform"}],"nm":"Shape 1","np":4,"cix":2,"bm":0,"ix":1,"mn":"ADBE Vector Group","hd":false}],"ip":0,"op":62,"st":0,"bm":0},{"ddd":0,"ind":6,"ty":4,"nm":"Shape Layer 4","sr":1,"ks":{"o":{"a":0,"k":100,"ix":11},"r":{"a":0,"k":0,"ix":10},"p":{"a":0,"k":[500,540,0],"ix":2,"l":2},"a":{"a":0,"k":[0,0,0],"ix":1,"l":2},"s":{"a":0,"k":[100,100,100],"ix":6,"l":2}},"ao":0,"shapes":[{"ty":"gr","it":[{"ind":0,"ty":"sh","ix":1,"ks":{"a":0,"k":{"i":[[5,-6],[0,0]],"o":[[-5,6],[0,0]],"v":[[4,-4],[-285,-244]],"c":false},"ix":2},"nm":"Path 1","mn":"ADBE Vector Shape - Group","hd":false},{"ty":"tm","s":{"a":1,"k":[{"i":{"x":[0.051],"y":[0.997]},"o":{"x":[0.014],"y":[0.02]},"t":4.96,"s":[0]},{"t":27.28,"s":[100]}],"ix":1},"e":{"a":1,"k":[{"i":{"x":[0],"y":[0.998]},"o":{"x":[0.016],"y":[0.004]},"t":0,"s":[0]},{"t":19.84,"s":[100]}],"ix":2},"o":{"a":0,"k":0,"ix":3},"m":1,"ix":2,"nm":"Trim Paths 1","mn":"ADBE Vector Filter - Trim","hd":false},{"ty":"st","c":{"a":0,"k":[0.313725490196,0.941176470588,0.427450980392,1],"ix":3},"o":{"a":0,"k":100,"ix":4},"w":{"a":0,"k":5,"ix":5},"lc":1,"lj":1,"ml":4,"bm":0,"nm":"Stroke 1","mn":"ADBE Vector Graphic - Stroke","hd":false},{"ty":"tr","p":{"a":0,"k":[0,0],"ix":2},"a":{"a":0,"k":[0,0],"ix":1},"s":{"a":0,"k":[100,100],"ix":3},"r":{"a":0,"k":0,"ix":6},"o":{"a":0,"k":100,"ix":7},"sk":{"a":0,"k":0,"ix":4},"sa":{"a":0,"k":0,"ix":5},"nm":"Transform"}],"nm":"Shape 1","np":4,"cix":2,"bm":0,"ix":1,"mn":"ADBE Vector Group","hd":false}],"ip":0,"op":62,"st":0,"bm":0},{"ddd":0,"ind":7,"ty":4,"nm":"Shape Layer 3","sr":1,"ks":{"o":{"a":0,"k":100,"ix":11},"r":{"a":0,"k":0,"ix":10},"p":{"a":0,"k":[500,540,0],"ix":2,"l":2},"a":{"a":0,"k":[0,0,0],"ix":1,"l":2},"s":{"a":0,"k":[100,100,100],"ix":6,"l":2}},"ao":0,"shapes":[{"ty":"gr","it":[{"ind":0,"ty":"sh","ix":1,"ks":{"a":0,"k":{"i":[[5,-6],[0,0]],"o":[[-5,6],[0,0]],"v":[[4,-4],[4,-376]],"c":false},"ix":2},"nm":"Path 1","mn":"ADBE Vector Shape - Group","hd":false},{"ty":"tm","s":{"a":1,"k":[{"i":{"x":[0.051],"y":[0.997]},"o":{"x":[0.014],"y":[0.02]},"t":4.96,"s":[0]},{"t":27.28,"s":[100]}],"ix":1},"e":{"a":1,"k":[{"i":{"x":[0],"y":[0.998]},"o":{"x":[0.016],"y":[0.004]},"t":0,"s":[0]},{"t":19.84,"s":[100]}],"ix":2},"o":{"a":0,"k":0,"ix":3},"m":1,"ix":2,"nm":"Trim Paths 1","mn":"ADBE Vector Filter - Trim","hd":false},{"ty":"st","c":{"a":0,"k":[0.313725490196,0.941176470588,0.427450980392,1],"ix":3},"o":{"a":0,"k":100,"ix":4},"w":{"a":0,"k":5,"ix":5},"lc":1,"lj":1,"ml":4,"bm":0,"nm":"Stroke 1","mn":"ADBE Vector Graphic - Stroke","hd":false},{"ty":"tr","p":{"a":0,"k":[0,0],"ix":2},"a":{"a":0,"k":[0,0],"ix":1},"s":{"a":0,"k":[100,100],"ix":3},"r":{"a":0,"k":0,"ix":6},"o":{"a":0,"k":100,"ix":7},"sk":{"a":0,"k":0,"ix":4},"sa":{"a":0,"k":0,"ix":5},"nm":"Transform"}],"nm":"Shape 1","np":4,"cix":2,"bm":0,"ix":1,"mn":"ADBE Vector Group","hd":false}],"ip":0,"op":62,"st":0,"bm":0},{"ddd":0,"ind":8,"ty":4,"nm":"Shape Layer 2","sr":1,"ks":{"o":{"a":0,"k":100,"ix":11},"r":{"a":0,"k":0,"ix":10},"p":{"a":0,"k":[500,540,0],"ix":2,"l":2},"a":{"a":0,"k":[0,0,0],"ix":1,"l":2},"s":{"a":0,"k":[100,100,100],"ix":6,"l":2}},"ao":0,"shapes":[{"ty":"gr","it":[{"ind":0,"ty":"sh","ix":1,"ks":{"a":0,"k":{"i":[[5,-6],[0,0]],"o":[[-5,6],[0,0]],"v":[[4,-4],[293,-239]],"c":false},"ix":2},"nm":"Path 1","mn":"ADBE Vector Shape - Group","hd":false},{"ty":"tm","s":{"a":1,"k":[{"i":{"x":[0.051],"y":[0.997]},"o":{"x":[0.014],"y":[0.02]},"t":4.96,"s":[0]},{"t":27.28,"s":[100]}],"ix":1},"e":{"a":1,"k":[{"i":{"x":[0],"y":[0.998]},"o":{"x":[0.016],"y":[0.004]},"t":0,"s":[0]},{"t":19.84,"s":[100]}],"ix":2},"o":{"a":0,"k":0,"ix":3},"m":1,"ix":2,"nm":"Trim Paths 1","mn":"ADBE Vector Filter - Trim","hd":false},{"ty":"st","c":{"a":0,"k":[0.313725490196,0.941176470588,0.427450980392,1],"ix":3},"o":{"a":0,"k":100,"ix":4},"w":{"a":0,"k":5,"ix":5},"lc":1,"lj":1,"ml":4,"bm":0,"nm":"Stroke 1","mn":"ADBE Vector Graphic - Stroke","hd":false},{"ty":"tr","p":{"a":0,"k":[0,0],"ix":2},"a":{"a":0,"k":[0,0],"ix":1},"s":{"a":0,"k":[100,100],"ix":3},"r":{"a":0,"k":0,"ix":6},"o":{"a":0,"k":100,"ix":7},"sk":{"a":0,"k":0,"ix":4},"sa":{"a":0,"k":0,"ix":5},"nm":"Transform"}],"nm":"Shape 1","np":4,"cix":2,"bm":0,"ix":1,"mn":"ADBE Vector Group","hd":false}],"ip":0,"op":62,"st":0,"bm":0}]},{"id":"comp_7","nm":"Special Icon_08","fr":25,"layers":[{"ddd":0,"ind":1,"ty":4,"nm":"Shape Layer 4","sr":1,"ks":{"o":{"a":1,"k":[{"i":{"x":[0],"y":[1.003]},"o":{"x":[0.017],"y":[0.657]},"t":21.08,"s":[100]},{"t":120.28,"s":[0]}],"ix":11},"r":{"a":1,"k":[{"i":{"x":[0],"y":[0.999]},"o":{"x":[0.167],"y":[0.167]},"t":0,"s":[0]},{"t":55.8,"s":[180]}],"ix":10},"p":{"a":1,"k":[{"i":{"x":0,"y":1},"o":{"x":0.167,"y":0.167},"t":0,"s":[156.478,-103.874,0],"to":[0,148.833,0],"ti":[0,-148.833,0]},{"t":115.32,"s":[156.478,789.126,0]}],"ix":2,"l":2},"a":{"a":0,"k":[-157,-260,0],"ix":1,"l":2},"s":{"a":0,"k":[35.428,35.428,100],"ix":6,"l":2}},"ao":0,"shapes":[{"ty":"gr","it":[{"ty":"sr","sy":2,"d":1,"pt":{"a":0,"k":3,"ix":3},"p":{"a":0,"k":[0,0],"ix":4},"r":{"a":0,"k":0,"ix":5},"or":{"a":0,"k":33.615,"ix":7},"os":{"a":0,"k":0,"ix":9},"ix":1,"nm":"Polystar Path 1","mn":"ADBE Vector Shape - Star","hd":false},{"ty":"fl","c":{"a":0,"k":[0.313725490196,0.941176470588,0.427450980392,1],"ix":4},"o":{"a":0,"k":100,"ix":5},"r":1,"bm":0,"nm":"Fill 1","mn":"ADBE Vector Graphic - Fill","hd":false},{"ty":"tr","p":{"a":0,"k":[-157,-254],"ix":2},"a":{"a":0,"k":[0,0],"ix":1},"s":{"a":0,"k":[100,100],"ix":3},"r":{"a":0,"k":0,"ix":6},"o":{"a":0,"k":100,"ix":7},"sk":{"a":0,"k":0,"ix":4},"sa":{"a":0,"k":0,"ix":5},"nm":"Transform"}],"nm":"Polystar 1","np":3,"cix":2,"bm":0,"ix":1,"mn":"ADBE Vector Group","hd":false}],"ip":0,"op":146.32,"st":0,"bm":0},{"ddd":0,"ind":2,"ty":4,"nm":"Shape Layer 5","sr":1,"ks":{"o":{"a":1,"k":[{"i":{"x":[0],"y":[1.003]},"o":{"x":[0.017],"y":[0.616]},"t":17.36,"s":[100]},{"t":110.36,"s":[0]}],"ix":11},"r":{"a":1,"k":[{"i":{"x":[0],"y":[0.999]},"o":{"x":[0.167],"y":[0.167]},"t":0,"s":[0]},{"t":45.88,"s":[180]}],"ix":10},"p":{"a":1,"k":[{"i":{"x":0,"y":1},"o":{"x":0.167,"y":0.167},"t":0,"s":[177.478,-157.874,0],"to":[0,113.833,0],"ti":[0,-113.833,0]},{"t":105.4,"s":[177.478,525.126,0]}],"ix":2,"l":2},"a":{"a":0,"k":[-157,-260,0],"ix":1,"l":2},"s":{"a":0,"k":[78.908,78.908,100],"ix":6,"l":2}},"ao":0,"shapes":[{"ty":"gr","it":[{"ty":"sr","sy":2,"d":1,"pt":{"a":0,"k":4,"ix":3},"p":{"a":0,"k":[0,0],"ix":4},"r":{"a":0,"k":0,"ix":5},"or":{"a":0,"k":33.615,"ix":7},"os":{"a":0,"k":0,"ix":9},"ix":1,"nm":"Polystar Path 1","mn":"ADBE Vector Shape - Star","hd":false},{"ty":"st","c":{"a":0,"k":[1,1,1,1],"ix":3},"o":{"a":0,"k":100,"ix":4},"w":{"a":0,"k":0,"ix":5},"lc":1,"lj":1,"ml":4,"bm":0,"nm":"Stroke 1","mn":"ADBE Vector Graphic - Stroke","hd":false},{"ty":"fl","c":{"a":0,"k":[0.313725490196,0.941176470588,0.427450980392,1],"ix":4},"o":{"a":0,"k":100,"ix":5},"r":1,"bm":0,"nm":"Fill 1","mn":"ADBE Vector Graphic - Fill","hd":false},{"ty":"tr","p":{"a":0,"k":[-157,-254],"ix":2},"a":{"a":0,"k":[0,0],"ix":1},"s":{"a":0,"k":[100,100],"ix":3},"r":{"a":0,"k":0,"ix":6},"o":{"a":0,"k":100,"ix":7},"sk":{"a":0,"k":0,"ix":4},"sa":{"a":0,"k":0,"ix":5},"nm":"Transform"}],"nm":"Polystar 1","np":3,"cix":2,"bm":0,"ix":1,"mn":"ADBE Vector Group","hd":false}],"ip":0,"op":146.32,"st":0,"bm":0},{"ddd":0,"ind":3,"ty":4,"nm":"Shape Layer 3","sr":1,"ks":{"o":{"a":1,"k":[{"i":{"x":[0],"y":[1.003]},"o":{"x":[0.017],"y":[0.616]},"t":21.08,"s":[100]},{"t":114.08,"s":[0]}],"ix":11},"r":{"a":1,"k":[{"i":{"x":[0],"y":[0.999]},"o":{"x":[0.167],"y":[0.167]},"t":0,"s":[0]},{"t":49.6,"s":[180]}],"ix":10},"p":{"a":1,"k":[{"i":{"x":0,"y":1},"o":{"x":0.167,"y":0.167},"t":0,"s":[50.478,-43.874,0],"to":[0,113.833,0],"ti":[0,-113.833,0]},{"t":109.12,"s":[50.478,639.126,0]}],"ix":2,"l":2},"a":{"a":0,"k":[-157,-260,0],"ix":1,"l":2},"s":{"a":0,"k":[78.908,78.908,100],"ix":6,"l":2}},"ao":0,"shapes":[{"ty":"gr","it":[{"ty":"sr","sy":2,"d":1,"pt":{"a":0,"k":3,"ix":3},"p":{"a":0,"k":[0,0],"ix":4},"r":{"a":0,"k":0,"ix":5},"or":{"a":0,"k":33.615,"ix":7},"os":{"a":0,"k":0,"ix":9},"ix":1,"nm":"Polystar Path 1","mn":"ADBE Vector Shape - Star","hd":false},{"ty":"st","c":{"a":0,"k":[1,1,1,1],"ix":3},"o":{"a":0,"k":100,"ix":4},"w":{"a":0,"k":0,"ix":5},"lc":1,"lj":1,"ml":4,"bm":0,"nm":"Stroke 1","mn":"ADBE Vector Graphic - Stroke","hd":false},{"ty":"fl","c":{"a":0,"k":[0.313725490196,0.941176470588,0.427450980392,1],"ix":4},"o":{"a":0,"k":100,"ix":5},"r":1,"bm":0,"nm":"Fill 1","mn":"ADBE Vector Graphic - Fill","hd":false},{"ty":"tr","p":{"a":0,"k":[-157,-254],"ix":2},"a":{"a":0,"k":[0,0],"ix":1},"s":{"a":0,"k":[100,100],"ix":3},"r":{"a":0,"k":0,"ix":6},"o":{"a":0,"k":100,"ix":7},"sk":{"a":0,"k":0,"ix":4},"sa":{"a":0,"k":0,"ix":5},"nm":"Transform"}],"nm":"Polystar 1","np":3,"cix":2,"bm":0,"ix":1,"mn":"ADBE Vector Group","hd":false}],"ip":0,"op":146.32,"st":0,"bm":0},{"ddd":0,"ind":4,"ty":4,"nm":"+ Outlines","sr":1,"ks":{"o":{"a":1,"k":[{"i":{"x":[0],"y":[1.003]},"o":{"x":[0.017],"y":[0.632]},"t":28.52,"s":[100]},{"t":124,"s":[0]}],"ix":11},"r":{"a":1,"k":[{"i":{"x":[0],"y":[0.998]},"o":{"x":[0.167],"y":[0.167]},"t":0,"s":[0]},{"t":59.52,"s":[180]}],"ix":10},"p":{"a":1,"k":[{"i":{"x":0,"y":1},"o":{"x":0.167,"y":0.167},"t":0,"s":[90.478,-21.874,0],"to":[0.007,140,0],"ti":[-0.007,-140,0]},{"t":119.04,"s":[90.522,818.126,0]}],"ix":2,"l":2},"a":{"a":0,"k":[0,-4.67,0],"ix":1,"l":2},"s":{"a":0,"k":[621.023,621.023,100],"ix":6,"l":2}},"ao":0,"shapes":[{"ty":"gr","it":[{"ind":0,"ty":"sh","ix":1,"ks":{"a":0,"k":{"i":[[0,0],[0,0],[0,0],[0,0],[0,0],[0,0],[0,0],[0,0],[0,0],[0,0],[0,0],[0,0]],"o":[[0,0],[0,0],[0,0],[0,0],[0,0],[0,0],[0,0],[0,0],[0,0],[0,0],[0,0],[0,0]],"v":[[3.36,-5.173],[0.504,-5.173],[0.504,-8.162],[-0.511,-8.162],[-0.511,-5.173],[-3.353,-5.173],[-3.353,-4.228],[-0.511,-4.228],[-0.511,-1.218],[0.504,-1.218],[0.504,-4.228],[3.36,-4.228]],"c":true},"ix":2},"nm":"+","mn":"ADBE Vector Shape - Group","hd":false},{"ty":"fl","c":{"a":0,"k":[0.313725490196,0.941176470588,0.427450980392,1],"ix":4},"o":{"a":0,"k":100,"ix":5},"r":1,"bm":0,"nm":"Fill 1","mn":"ADBE Vector Graphic - Fill","hd":false},{"ty":"tr","p":{"a":0,"k":[0,0],"ix":2},"a":{"a":0,"k":[0,0],"ix":1},"s":{"a":0,"k":[100,100],"ix":3},"r":{"a":0,"k":0,"ix":6},"o":{"a":0,"k":100,"ix":7},"sk":{"a":0,"k":0,"ix":4},"sa":{"a":0,"k":0,"ix":5},"nm":"Transform"}],"nm":"+","np":3,"cix":2,"bm":0,"ix":1,"mn":"ADBE Vector Group","hd":false}],"ip":0,"op":146.32,"st":0,"bm":0}]}],"layers":[{"ddd":0,"ind":1,"ty":0,"nm":"Logo Final_04","refId":"comp_0","sr":1,"ks":{"o":{"a":0,"k":100,"ix":11},"r":{"a":0,"k":0,"ix":10},"p":{"a":0,"k":[539,539,0],"ix":2,"l":2},"a":{"a":0,"k":[960,540,0],"ix":1,"l":2},"s":{"a":0,"k":[117.037,117.037,100],"ix":6,"l":2}},"ao":0,"w":1920,"h":1080,"ip":0,"op":217,"st":0,"bm":0}],"markers":[{"tm":347,"cm":"1","dr":0}]}