{"v":"5.7.3","fr":29.9700012207031,"ip":0,"op":150.000006109625,"w":500,"h":500,"nm":"Emotional reaction","ddd":0,"assets":[],"layers":[{"ddd":0,"ind":1,"ty":4,"nm":"Merged Shape Layer","sr":1,"ks":{"o":{"a":0,"k":100,"ix":11},"r":{"a":0,"k":0,"ix":10},"p":{"a":0,"k":[341.398,387.68,0],"ix":2},"a":{"a":0,"k":[341.398,387.68,0],"ix":1},"s":{"a":1,"k":[{"i":{"x":[0.61,0.61,0.61],"y":[1,1,1]},"o":{"x":[0.39,0.39,0.39],"y":[0,0,0]},"t":12,"s":[0,0,100]},{"i":{"x":[0.61,0.61,0.61],"y":[1,1,1]},"o":{"x":[0.39,0.39,0.39],"y":[0,0,0]},"t":25,"s":[110,110,100]},{"i":{"x":[0.833,0.833,0.833],"y":[1,1,1]},"o":{"x":[0.167,0.167,0.167],"y":[0,0,0]},"t":38,"s":[0,0,100]},{"i":{"x":[0.61,0.61,0.61],"y":[1,1,1]},"o":{"x":[0.39,0.39,0.39],"y":[0,0,0]},"t":87,"s":[0,0,100]},{"i":{"x":[0.61,0.61,0.61],"y":[1,1,1]},"o":{"x":[0.39,0.39,0.39],"y":[0,0,0]},"t":100,"s":[110,110,100]},{"t":113.000004602584,"s":[0,0,100]}],"ix":6}},"ao":0,"shapes":[{"ty":"gr","it":[{"ty":"gr","it":[{"ind":0,"ty":"sh","ix":1,"ks":{"a":0,"k":{"i":[[0.352,0],[0,0],[0,0.353],[-0.351,0],[0,0],[0,-0.351]],"o":[[0,0],[-0.351,0],[0,-0.351],[0,0],[0.352,0],[0,0.353]],"v":[[1.961,0.637],[-1.961,0.637],[-2.598,-0.001],[-1.961,-0.637],[1.961,-0.637],[2.598,-0.001]],"c":true},"ix":2},"nm":"Path 1","mn":"ADBE Vector Shape - Group","hd":false},{"ty":"fl","c":{"a":0,"k":[0.250999987125,0.063000001013,0.286000013351,1],"ix":4},"o":{"a":0,"k":100,"ix":5},"r":1,"bm":0,"nm":"Fill 1","mn":"ADBE Vector Graphic - Fill","hd":false},{"ty":"tr","p":{"a":0,"k":[51.851,61.651],"ix":2},"a":{"a":0,"k":[0,0],"ix":1},"s":{"a":0,"k":[100,100],"ix":3},"r":{"a":0,"k":0,"ix":6},"o":{"a":0,"k":100,"ix":7},"sk":{"a":0,"k":0,"ix":4},"sa":{"a":0,"k":0,"ix":5},"nm":"Transform"}],"nm":"Group 5","np":2,"cix":2,"bm":0,"ix":1,"mn":"ADBE Vector Group","hd":false},{"ty":"tr","p":{"a":0,"k":[341.398,387.682],"ix":2},"a":{"a":0,"k":[51.851,61.651],"ix":1},"s":{"a":0,"k":[472.308,472.308],"ix":3},"r":{"a":0,"k":0,"ix":6},"o":{"a":0,"k":100,"ix":7},"sk":{"a":0,"k":0,"ix":4},"sa":{"a":0,"k":0,"ix":5},"nm":"Transform"}],"nm":"Layer 4/4.4 Outlines - Group 5","np":1,"cix":2,"bm":0,"ix":1,"mn":"ADBE Vector Group","hd":false,"cl":"4"},{"ty":"gr","it":[{"ty":"gr","it":[{"ind":0,"ty":"sh","ix":1,"ks":{"a":0,"k":{"i":[[0.353,0],[0,0.353],[0,0],[-0.352,0],[0,-0.352],[0,0]],"o":[[-0.352,0],[0,0],[0,-0.352],[0.353,0],[0,0],[0,0.353]],"v":[[0,2.598],[-0.637,1.96],[-0.637,-1.96],[0,-2.598],[0.637,-1.96],[0.637,1.96]],"c":true},"ix":2},"nm":"Path 1","mn":"ADBE Vector Shape - Group","hd":false},{"ty":"fl","c":{"a":0,"k":[0.250999987125,0.063000001013,0.286000013351,1],"ix":4},"o":{"a":0,"k":100,"ix":5},"r":1,"bm":0,"nm":"Fill 1","mn":"ADBE Vector Graphic - Fill","hd":false},{"ty":"tr","p":{"a":0,"k":[51.851,61.65],"ix":2},"a":{"a":0,"k":[0,0],"ix":1},"s":{"a":0,"k":[100,100],"ix":3},"r":{"a":0,"k":0,"ix":6},"o":{"a":0,"k":100,"ix":7},"sk":{"a":0,"k":0,"ix":4},"sa":{"a":0,"k":0,"ix":5},"nm":"Transform"}],"nm":"Group 6","np":2,"cix":2,"bm":0,"ix":1,"mn":"ADBE Vector Group","hd":false},{"ty":"tr","p":{"a":0,"k":[341.398,387.68],"ix":2},"a":{"a":0,"k":[51.851,61.65],"ix":1},"s":{"a":0,"k":[472.308,472.308],"ix":3},"r":{"a":0,"k":0,"ix":6},"o":{"a":0,"k":100,"ix":7},"sk":{"a":0,"k":0,"ix":4},"sa":{"a":0,"k":0,"ix":5},"nm":"Transform"}],"nm":"Layer 4/4.4 Outlines - Group 6","np":1,"cix":2,"bm":0,"ix":2,"mn":"ADBE Vector Group","hd":false,"cl":"4"}],"ip":0,"op":150.000006109625,"st":0,"bm":0},{"ddd":0,"ind":2,"ty":4,"nm":"Layer 4/4.4 Outlines - Group 4","cl":"4","sr":1,"ks":{"o":{"a":0,"k":100,"ix":11},"r":{"a":0,"k":0,"ix":10},"p":{"a":0,"k":[313.622,387.68,0],"ix":2},"a":{"a":0,"k":[45.97,61.65,0],"ix":1},"s":{"a":1,"k":[{"i":{"x":[0.61,0.61,0.61],"y":[1,1,1]},"o":{"x":[0.39,0.39,0.39],"y":[0,0,0]},"t":9,"s":[0,0,100]},{"i":{"x":[0.61,0.61,0.61],"y":[1,1,1]},"o":{"x":[0.39,0.39,0.39],"y":[0,0,0]},"t":22,"s":[522.308,522.308,100]},{"i":{"x":[0.833,0.833,0.833],"y":[1,1,1]},"o":{"x":[0.167,0.167,0.167],"y":[0,0,0]},"t":35,"s":[0,0,100]},{"i":{"x":[0.61,0.61,0.61],"y":[1,1,1]},"o":{"x":[0.39,0.39,0.39],"y":[0,0,0]},"t":84,"s":[0,0,100]},{"i":{"x":[0.61,0.61,0.61],"y":[1,1,1]},"o":{"x":[0.39,0.39,0.39],"y":[0,0,0]},"t":97,"s":[522.308,522.308,100]},{"t":110.000004480392,"s":[0,0,100]}],"ix":6}},"ao":0,"shapes":[{"ty":"gr","it":[{"ind":0,"ty":"sh","ix":1,"ks":{"a":0,"k":{"i":[[-0.406,0],[0,-0.406],[0.405,0],[0,0.407]],"o":[[0.405,0],[0,0.407],[-0.406,0],[0,-0.406]],"v":[[0.001,-0.736],[0.734,-0.001],[0.001,0.736],[-0.734,-0.001]],"c":true},"ix":2},"nm":"Path 1","mn":"ADBE Vector Shape - Group","hd":false},{"ty":"fl","c":{"a":0,"k":[0.250999989229,0.063000002094,0.286000001197,1],"ix":4},"o":{"a":0,"k":100,"ix":5},"r":1,"bm":0,"nm":"Fill 1","mn":"ADBE Vector Graphic - Fill","hd":false},{"ty":"tr","p":{"a":0,"k":[45.97,61.65],"ix":2},"a":{"a":0,"k":[0,0],"ix":1},"s":{"a":0,"k":[100,100],"ix":3},"r":{"a":0,"k":0,"ix":6},"o":{"a":0,"k":100,"ix":7},"sk":{"a":0,"k":0,"ix":4},"sa":{"a":0,"k":0,"ix":5},"nm":"Transform"}],"nm":"Group 4","np":2,"cix":2,"bm":0,"ix":1,"mn":"ADBE Vector Group","hd":false}],"ip":0,"op":150.000006109625,"st":0,"bm":0},{"ddd":0,"ind":3,"ty":4,"nm":"Layer 4/4.4 Outlines - Group 3","cl":"4","sr":1,"ks":{"o":{"a":0,"k":100,"ix":11},"r":{"a":0,"k":0,"ix":10},"p":{"a":0,"k":[299.737,387.68,0],"ix":2},"a":{"a":0,"k":[43.031,61.65,0],"ix":1},"s":{"a":1,"k":[{"i":{"x":[0.61,0.61,0.61],"y":[1,1,1]},"o":{"x":[0.39,0.39,0.39],"y":[0,0,0]},"t":6,"s":[0,0,100]},{"i":{"x":[0.61,0.61,0.61],"y":[1,1,1]},"o":{"x":[0.39,0.39,0.39],"y":[0,0,0]},"t":19,"s":[522.308,522.308,100]},{"i":{"x":[0.833,0.833,0.833],"y":[1,1,1]},"o":{"x":[0.167,0.167,0.167],"y":[0,0,0]},"t":32,"s":[0,0,100]},{"i":{"x":[0.61,0.61,0.61],"y":[1,1,1]},"o":{"x":[0.39,0.39,0.39],"y":[0,0,0]},"t":81,"s":[0,0,100]},{"i":{"x":[0.61,0.61,0.61],"y":[1,1,1]},"o":{"x":[0.39,0.39,0.39],"y":[0,0,0]},"t":94,"s":[522.308,522.308,100]},{"t":107.000004358199,"s":[0,0,100]}],"ix":6}},"ao":0,"shapes":[{"ty":"gr","it":[{"ind":0,"ty":"sh","ix":1,"ks":{"a":0,"k":{"i":[[-0.406,0],[0,-0.406],[0.405,0],[0,0.407]],"o":[[0.405,0],[0,0.407],[-0.406,0],[0,-0.406]],"v":[[0,-0.736],[0.735,-0.001],[0,0.736],[-0.735,-0.001]],"c":true},"ix":2},"nm":"Path 1","mn":"ADBE Vector Shape - Group","hd":false},{"ty":"fl","c":{"a":0,"k":[0.250999989229,0.063000002094,0.286000001197,1],"ix":4},"o":{"a":0,"k":100,"ix":5},"r":1,"bm":0,"nm":"Fill 1","mn":"ADBE Vector Graphic - Fill","hd":false},{"ty":"tr","p":{"a":0,"k":[43.031,61.65],"ix":2},"a":{"a":0,"k":[0,0],"ix":1},"s":{"a":0,"k":[100,100],"ix":3},"r":{"a":0,"k":0,"ix":6},"o":{"a":0,"k":100,"ix":7},"sk":{"a":0,"k":0,"ix":4},"sa":{"a":0,"k":0,"ix":5},"nm":"Transform"}],"nm":"Group 3","np":2,"cix":2,"bm":0,"ix":1,"mn":"ADBE Vector Group","hd":false}],"ip":0,"op":150.000006109625,"st":0,"bm":0},{"ddd":0,"ind":4,"ty":4,"nm":"Layer 4/4.4 Outlines - Group 2","cl":"4","sr":1,"ks":{"o":{"a":0,"k":100,"ix":11},"r":{"a":0,"k":0,"ix":10},"p":{"a":0,"k":[276.59,387.68,0],"ix":2},"a":{"a":0,"k":[38.13,61.65,0],"ix":1},"s":{"a":1,"k":[{"i":{"x":[0.61,0.61,0.61],"y":[1,1,1]},"o":{"x":[0.39,0.39,0.39],"y":[0,0,0]},"t":3,"s":[0,0,100]},{"i":{"x":[0.61,0.61,0.61],"y":[1,1,1]},"o":{"x":[0.39,0.39,0.39],"y":[0,0,0]},"t":16,"s":[522.308,522.308,100]},{"i":{"x":[0.833,0.833,0.833],"y":[1,1,1]},"o":{"x":[0.167,0.167,0.167],"y":[0,0,0]},"t":29,"s":[0,0,100]},{"i":{"x":[0.61,0.61,0.61],"y":[1,1,1]},"o":{"x":[0.39,0.39,0.39],"y":[0,0,0]},"t":78,"s":[0,0,100]},{"i":{"x":[0.61,0.61,0.61],"y":[1,1,1]},"o":{"x":[0.39,0.39,0.39],"y":[0,0,0]},"t":91,"s":[522.308,522.308,100]},{"t":104.000004236007,"s":[0,0,100]}],"ix":6}},"ao":0,"shapes":[{"ty":"gr","it":[{"ind":0,"ty":"sh","ix":1,"ks":{"a":0,"k":{"i":[[-0.405,0],[0,-0.406],[0.406,0],[0,0.407]],"o":[[0.406,0],[0,0.407],[-0.405,0],[0,-0.406]],"v":[[0,-0.736],[0.734,-0.001],[0,0.736],[-0.734,-0.001]],"c":true},"ix":2},"nm":"Path 1","mn":"ADBE Vector Shape - Group","hd":false},{"ty":"fl","c":{"a":0,"k":[0.250999989229,0.063000002094,0.286000001197,1],"ix":4},"o":{"a":0,"k":100,"ix":5},"r":1,"bm":0,"nm":"Fill 1","mn":"ADBE Vector Graphic - Fill","hd":false},{"ty":"tr","p":{"a":0,"k":[38.13,61.65],"ix":2},"a":{"a":0,"k":[0,0],"ix":1},"s":{"a":0,"k":[100,100],"ix":3},"r":{"a":0,"k":0,"ix":6},"o":{"a":0,"k":100,"ix":7},"sk":{"a":0,"k":0,"ix":4},"sa":{"a":0,"k":0,"ix":5},"nm":"Transform"}],"nm":"Group 2","np":2,"cix":2,"bm":0,"ix":1,"mn":"ADBE Vector Group","hd":false}],"ip":0,"op":150.000006109625,"st":0,"bm":0},{"ddd":0,"ind":5,"ty":4,"nm":"Layer 4/4.4 Outlines - Group 1","cl":"4","sr":1,"ks":{"o":{"a":0,"k":100,"ix":11},"r":{"a":0,"k":0,"ix":10},"p":{"a":0,"k":[248.814,387.68,0],"ix":2},"a":{"a":0,"k":[32.249,61.65,0],"ix":1},"s":{"a":1,"k":[{"i":{"x":[0.61,0.61,0.61],"y":[1,1,1]},"o":{"x":[0.39,0.39,0.39],"y":[0,0,0]},"t":0,"s":[0,0,100]},{"i":{"x":[0.61,0.61,0.61],"y":[1,1,1]},"o":{"x":[0.39,0.39,0.39],"y":[0,0,0]},"t":13,"s":[522.308,522.308,100]},{"i":{"x":[0.61,0.61,0.61],"y":[1,1,1]},"o":{"x":[0.39,0.39,0.39],"y":[0,0,0]},"t":26,"s":[0,0,100]},{"i":{"x":[0.61,0.61,0.61],"y":[1,1,1]},"o":{"x":[0.39,0.39,0.39],"y":[0,0,0]},"t":75,"s":[0,0,100]},{"i":{"x":[0.61,0.61,0.61],"y":[1,1,1]},"o":{"x":[0.39,0.39,0.39],"y":[0,0,0]},"t":88,"s":[522.308,522.308,100]},{"t":101.000004113814,"s":[0,0,100]}],"ix":6}},"ao":0,"shapes":[{"ty":"gr","it":[{"ind":0,"ty":"sh","ix":1,"ks":{"a":0,"k":{"i":[[-0.405,0],[0,-0.406],[0.406,0],[0,0.407]],"o":[[0.406,0],[0,0.407],[-0.405,0],[0,-0.406]],"v":[[0,-0.736],[0.734,-0.001],[0,0.736],[-0.734,-0.001]],"c":true},"ix":2},"nm":"Path 1","mn":"ADBE Vector Shape - Group","hd":false},{"ty":"fl","c":{"a":0,"k":[0.250999989229,0.063000002094,0.286000001197,1],"ix":4},"o":{"a":0,"k":100,"ix":5},"r":1,"bm":0,"nm":"Fill 1","mn":"ADBE Vector Graphic - Fill","hd":false},{"ty":"tr","p":{"a":0,"k":[32.249,61.65],"ix":2},"a":{"a":0,"k":[0,0],"ix":1},"s":{"a":0,"k":[100,100],"ix":3},"r":{"a":0,"k":0,"ix":6},"o":{"a":0,"k":100,"ix":7},"sk":{"a":0,"k":0,"ix":4},"sa":{"a":0,"k":0,"ix":5},"nm":"Transform"}],"nm":"Group 1","np":2,"cix":2,"bm":0,"ix":1,"mn":"ADBE Vector Group","hd":false}],"ip":0,"op":150.000006109625,"st":0,"bm":0},{"ddd":0,"ind":6,"ty":4,"nm":"Layer 4/4.4 Outlines - Group 23","cl":"4","parent":22,"sr":1,"ks":{"o":{"a":0,"k":100,"ix":11},"r":{"a":0,"k":0,"ix":10},"p":{"a":0,"k":[222.674,325.196,0],"ix":2},"a":{"a":0,"k":[26.714,48.421,0],"ix":1},"s":{"a":1,"k":[{"i":{"x":[0.65,0.65,0.65],"y":[1,1,1]},"o":{"x":[0.35,0.35,0.35],"y":[0,0,0]},"t":51,"s":[472.308,472.308,100]},{"i":{"x":[0.65,0.65,0.65],"y":[1,1,1]},"o":{"x":[0.35,0.35,0.35],"y":[0,0,0]},"t":60,"s":[545.308,472.308,100]},{"i":{"x":[0.65,0.65,0.65],"y":[1,1,1]},"o":{"x":[0.35,0.35,0.35],"y":[0,0,0]},"t":69,"s":[395.308,472.308,100]},{"i":{"x":[0.65,0.65,0.65],"y":[1,1,1]},"o":{"x":[0.35,0.35,0.35],"y":[0,0,0]},"t":78,"s":[472.308,472.308,100]},{"i":{"x":[0.65,0.65,0.65],"y":[1,1,1]},"o":{"x":[0.35,0.35,0.35],"y":[0,0,0]},"t":123,"s":[472.308,472.308,100]},{"i":{"x":[0.65,0.65,0.65],"y":[1,1,1]},"o":{"x":[0.35,0.35,0.35],"y":[0,0,0]},"t":132,"s":[545.308,472.308,100]},{"i":{"x":[0.65,0.65,0.65],"y":[1,1,1]},"o":{"x":[0.35,0.35,0.35],"y":[0,0,0]},"t":141,"s":[395.308,472.308,100]},{"t":150.000006109625,"s":[472.308,472.308,100]}],"ix":6}},"ao":0,"shapes":[{"ty":"gr","it":[{"ind":0,"ty":"sh","ix":1,"ks":{"a":0,"k":{"i":[[0.353,0],[0,0],[0,0.353],[-0.353,0],[0,0],[0,-0.352]],"o":[[0,0],[-0.353,0],[0,-0.352],[0,0],[0.353,0],[0,0.353]],"v":[[7.595,0.637],[-7.595,0.637],[-8.233,-0.001],[-7.595,-0.637],[7.595,-0.637],[8.233,-0.001]],"c":true},"ix":2},"nm":"Path 1","mn":"ADBE Vector Shape - Group","hd":false},{"ty":"fl","c":{"a":0,"k":[0.250999989229,0.063000002094,0.286000001197,1],"ix":4},"o":{"a":0,"k":100,"ix":5},"r":1,"bm":0,"nm":"Fill 1","mn":"ADBE Vector Graphic - Fill","hd":false},{"ty":"tr","p":{"a":0,"k":[34.947,48.421],"ix":2},"a":{"a":0,"k":[0,0],"ix":1},"s":{"a":0,"k":[100,100],"ix":3},"r":{"a":0,"k":0,"ix":6},"o":{"a":0,"k":100,"ix":7},"sk":{"a":0,"k":0,"ix":4},"sa":{"a":0,"k":0,"ix":5},"nm":"Transform"}],"nm":"Group 23","np":2,"cix":2,"bm":0,"ix":1,"mn":"ADBE Vector Group","hd":false}],"ip":0,"op":150.000006109625,"st":0,"bm":0},{"ddd":0,"ind":7,"ty":4,"nm":"Layer 4/4.4 Outlines - Group 26","cl":"4","parent":22,"sr":1,"ks":{"o":{"a":0,"k":100,"ix":11},"r":{"a":0,"k":0,"ix":10},"p":{"a":0,"k":[340.708,304.366,0],"ix":2},"a":{"a":0,"k":[51.705,44.011,0],"ix":1},"s":{"a":1,"k":[{"i":{"x":[0.65,0.65,0.65],"y":[1,1,1]},"o":{"x":[0.35,0.35,0.35],"y":[0,0,0]},"t":50,"s":[472.308,472.308,100]},{"i":{"x":[0.65,0.65,0.65],"y":[1,1,1]},"o":{"x":[0.35,0.35,0.35],"y":[0,0,0]},"t":59,"s":[545.308,472.308,100]},{"i":{"x":[0.65,0.65,0.65],"y":[1,1,1]},"o":{"x":[0.35,0.35,0.35],"y":[0,0,0]},"t":68,"s":[395.308,472.308,100]},{"i":{"x":[0.65,0.65,0.65],"y":[1,1,1]},"o":{"x":[0.35,0.35,0.35],"y":[0,0,0]},"t":77,"s":[472.308,472.308,100]},{"i":{"x":[0.65,0.65,0.65],"y":[1,1,1]},"o":{"x":[0.35,0.35,0.35],"y":[0,0,0]},"t":122,"s":[472.308,472.308,100]},{"i":{"x":[0.65,0.65,0.65],"y":[1,1,1]},"o":{"x":[0.35,0.35,0.35],"y":[0,0,0]},"t":131,"s":[545.308,472.308,100]},{"i":{"x":[0.65,0.65,0.65],"y":[1,1,1]},"o":{"x":[0.35,0.35,0.35],"y":[0,0,0]},"t":140,"s":[395.308,472.308,100]},{"t":149.000006068894,"s":[472.308,472.308,100]}],"ix":6}},"ao":0,"shapes":[{"ty":"gr","it":[{"ind":0,"ty":"sh","ix":1,"ks":{"a":0,"k":{"i":[[0.353,0],[0,0],[0,0.352],[-0.352,0],[0,0],[0,-0.352]],"o":[[0,0],[-0.352,0],[0,-0.352],[0,0],[0.353,0],[0,0.352]],"v":[[2.205,0.637],[-2.205,0.637],[-2.843,-0.001],[-2.205,-0.637],[2.205,-0.637],[2.843,-0.001]],"c":true},"ix":2},"nm":"Path 1","mn":"ADBE Vector Shape - Group","hd":false},{"ty":"fl","c":{"a":0,"k":[0.250999989229,0.063000002094,0.286000001197,1],"ix":4},"o":{"a":0,"k":100,"ix":5},"r":1,"bm":0,"nm":"Fill 1","mn":"ADBE Vector Graphic - Fill","hd":false},{"ty":"tr","p":{"a":0,"k":[54.548,44.011],"ix":2},"a":{"a":0,"k":[0,0],"ix":1},"s":{"a":0,"k":[100,100],"ix":3},"r":{"a":0,"k":0,"ix":6},"o":{"a":0,"k":100,"ix":7},"sk":{"a":0,"k":0,"ix":4},"sa":{"a":0,"k":0,"ix":5},"nm":"Transform"}],"nm":"Group 26","np":2,"cix":2,"bm":0,"ix":1,"mn":"ADBE Vector Group","hd":false}],"ip":0,"op":150.000006109625,"st":0,"bm":0},{"ddd":0,"ind":8,"ty":4,"nm":"Layer 4/4.4 Outlines - Group 25","cl":"4","parent":22,"sr":1,"ks":{"o":{"a":0,"k":100,"ix":11},"r":{"a":0,"k":0,"ix":10},"p":{"a":0,"k":[280.531,304.366,0],"ix":2},"a":{"a":0,"k":[38.964,44.011,0],"ix":1},"s":{"a":1,"k":[{"i":{"x":[0.65,0.65,0.65],"y":[1,1,1]},"o":{"x":[0.35,0.35,0.35],"y":[0,0,0]},"t":49,"s":[472.308,472.308,100]},{"i":{"x":[0.65,0.65,0.65],"y":[1,1,1]},"o":{"x":[0.35,0.35,0.35],"y":[0,0,0]},"t":58,"s":[545.308,472.308,100]},{"i":{"x":[0.65,0.65,0.65],"y":[1,1,1]},"o":{"x":[0.35,0.35,0.35],"y":[0,0,0]},"t":67,"s":[395.308,472.308,100]},{"i":{"x":[0.65,0.65,0.65],"y":[1,1,1]},"o":{"x":[0.35,0.35,0.35],"y":[0,0,0]},"t":76,"s":[472.308,472.308,100]},{"i":{"x":[0.65,0.65,0.65],"y":[1,1,1]},"o":{"x":[0.35,0.35,0.35],"y":[0,0,0]},"t":121,"s":[472.308,472.308,100]},{"i":{"x":[0.65,0.65,0.65],"y":[1,1,1]},"o":{"x":[0.35,0.35,0.35],"y":[0,0,0]},"t":130,"s":[545.308,472.308,100]},{"i":{"x":[0.65,0.65,0.65],"y":[1,1,1]},"o":{"x":[0.35,0.35,0.35],"y":[0,0,0]},"t":139,"s":[395.308,472.308,100]},{"t":148.000006028164,"s":[472.308,472.308,100]}],"ix":6}},"ao":0,"shapes":[{"ty":"gr","it":[{"ind":0,"ty":"sh","ix":1,"ks":{"a":0,"k":{"i":[[0.353,0],[0,0],[0,0.352],[-0.353,0],[0,0],[0,-0.352]],"o":[[0,0],[-0.353,0],[0,-0.352],[0,0],[0.353,0],[0,0.352]],"v":[[4.411,0.637],[-4.41,0.637],[-5.048,-0.001],[-4.41,-0.637],[4.411,-0.637],[5.048,-0.001]],"c":true},"ix":2},"nm":"Path 1","mn":"ADBE Vector Shape - Group","hd":false},{"ty":"fl","c":{"a":0,"k":[0.250999989229,0.063000002094,0.286000001197,1],"ix":4},"o":{"a":0,"k":100,"ix":5},"r":1,"bm":0,"nm":"Fill 1","mn":"ADBE Vector Graphic - Fill","hd":false},{"ty":"tr","p":{"a":0,"k":[44.013,44.011],"ix":2},"a":{"a":0,"k":[0,0],"ix":1},"s":{"a":0,"k":[100,100],"ix":3},"r":{"a":0,"k":0,"ix":6},"o":{"a":0,"k":100,"ix":7},"sk":{"a":0,"k":0,"ix":4},"sa":{"a":0,"k":0,"ix":5},"nm":"Transform"}],"nm":"Group 25","np":2,"cix":2,"bm":0,"ix":1,"mn":"ADBE Vector Group","hd":false}],"ip":0,"op":150.000006109625,"st":0,"bm":0},{"ddd":0,"ind":9,"ty":4,"nm":"Layer 4/4.4 Outlines - Group 24","cl":"4","parent":22,"sr":1,"ks":{"o":{"a":0,"k":100,"ix":11},"r":{"a":0,"k":0,"ix":10},"p":{"a":0,"k":[222.672,304.366,0],"ix":2},"a":{"a":0,"k":[26.714,44.011,0],"ix":1},"s":{"a":1,"k":[{"i":{"x":[0.65,0.65,0.65],"y":[1,1,1]},"o":{"x":[0.35,0.35,0.35],"y":[0,0,0]},"t":48,"s":[472.308,472.308,100]},{"i":{"x":[0.65,0.65,0.65],"y":[1,1,1]},"o":{"x":[0.35,0.35,0.35],"y":[0,0,0]},"t":57,"s":[545.308,472.308,100]},{"i":{"x":[0.65,0.65,0.65],"y":[1,1,1]},"o":{"x":[0.35,0.35,0.35],"y":[0,0,0]},"t":66,"s":[395.308,472.308,100]},{"i":{"x":[0.65,0.65,0.65],"y":[1,1,1]},"o":{"x":[0.35,0.35,0.35],"y":[0,0,0]},"t":75,"s":[472.308,472.308,100]},{"i":{"x":[0.65,0.65,0.65],"y":[1,1,1]},"o":{"x":[0.35,0.35,0.35],"y":[0,0,0]},"t":120,"s":[472.308,472.308,100]},{"i":{"x":[0.65,0.65,0.65],"y":[1,1,1]},"o":{"x":[0.35,0.35,0.35],"y":[0,0,0]},"t":129,"s":[545.308,472.308,100]},{"i":{"x":[0.65,0.65,0.65],"y":[1,1,1]},"o":{"x":[0.35,0.35,0.35],"y":[0,0,0]},"t":138,"s":[395.308,472.308,100]},{"t":147.000005987433,"s":[472.308,472.308,100]}],"ix":6}},"ao":0,"shapes":[{"ty":"gr","it":[{"ind":0,"ty":"sh","ix":1,"ks":{"a":0,"k":{"i":[[0.352,0],[0,0],[0,0.352],[-0.353,0],[0,0],[0,-0.352]],"o":[[0,0],[-0.353,0],[0,-0.352],[0,0],[0.352,0],[0,0.352]],"v":[[4.166,0.637],[-4.165,0.637],[-4.803,-0.001],[-4.165,-0.637],[4.166,-0.637],[4.803,-0.001]],"c":true},"ix":2},"nm":"Path 1","mn":"ADBE Vector Shape - Group","hd":false},{"ty":"fl","c":{"a":0,"k":[0.250999989229,0.063000002094,0.286000001197,1],"ix":4},"o":{"a":0,"k":100,"ix":5},"r":1,"bm":0,"nm":"Fill 1","mn":"ADBE Vector Graphic - Fill","hd":false},{"ty":"tr","p":{"a":0,"k":[31.516,44.011],"ix":2},"a":{"a":0,"k":[0,0],"ix":1},"s":{"a":0,"k":[100,100],"ix":3},"r":{"a":0,"k":0,"ix":6},"o":{"a":0,"k":100,"ix":7},"sk":{"a":0,"k":0,"ix":4},"sa":{"a":0,"k":0,"ix":5},"nm":"Transform"}],"nm":"Group 24","np":2,"cix":2,"bm":0,"ix":1,"mn":"ADBE Vector Group","hd":false}],"ip":0,"op":150.000006109625,"st":0,"bm":0},{"ddd":0,"ind":10,"ty":4,"nm":"Layer 4/4.4 Outlines - Group 22","cl":"4","parent":22,"sr":1,"ks":{"o":{"a":0,"k":100,"ix":11},"r":{"a":0,"k":0,"ix":10},"p":{"a":0,"k":[317.574,283.534,0],"ix":2},"a":{"a":0,"k":[46.807,39.6,0],"ix":1},"s":{"a":1,"k":[{"i":{"x":[0.65,0.65,0.65],"y":[1,1,1]},"o":{"x":[0.35,0.35,0.35],"y":[0,0,0]},"t":47,"s":[472.308,472.308,100]},{"i":{"x":[0.65,0.65,0.65],"y":[1,1,1]},"o":{"x":[0.35,0.35,0.35],"y":[0,0,0]},"t":56,"s":[545.308,472.308,100]},{"i":{"x":[0.65,0.65,0.65],"y":[1,1,1]},"o":{"x":[0.35,0.35,0.35],"y":[0,0,0]},"t":65,"s":[395.308,472.308,100]},{"i":{"x":[0.65,0.65,0.65],"y":[1,1,1]},"o":{"x":[0.35,0.35,0.35],"y":[0,0,0]},"t":74,"s":[472.308,472.308,100]},{"i":{"x":[0.65,0.65,0.65],"y":[1,1,1]},"o":{"x":[0.35,0.35,0.35],"y":[0,0,0]},"t":119,"s":[472.308,472.308,100]},{"i":{"x":[0.65,0.65,0.65],"y":[1,1,1]},"o":{"x":[0.35,0.35,0.35],"y":[0,0,0]},"t":128,"s":[545.308,472.308,100]},{"i":{"x":[0.65,0.65,0.65],"y":[1,1,1]},"o":{"x":[0.35,0.35,0.35],"y":[0,0,0]},"t":137,"s":[395.308,472.308,100]},{"t":146.000005946702,"s":[472.308,472.308,100]}],"ix":6}},"ao":0,"shapes":[{"ty":"gr","it":[{"ind":0,"ty":"sh","ix":1,"ks":{"a":0,"k":{"i":[[0.353,0],[0,0],[0,0.352],[-0.351,0],[0,0],[0,-0.352]],"o":[[0,0],[-0.351,0],[0,-0.352],[0,0],[0.353,0],[0,0.352]],"v":[[4.654,0.637],[-4.656,0.637],[-5.292,0],[-4.656,-0.637],[4.654,-0.637],[5.292,0]],"c":true},"ix":2},"nm":"Path 1","mn":"ADBE Vector Shape - Group","hd":false},{"ty":"fl","c":{"a":0,"k":[0.250999989229,0.063000002094,0.286000001197,1],"ix":4},"o":{"a":0,"k":100,"ix":5},"r":1,"bm":0,"nm":"Fill 1","mn":"ADBE Vector Graphic - Fill","hd":false},{"ty":"tr","p":{"a":0,"k":[52.099,39.6],"ix":2},"a":{"a":0,"k":[0,0],"ix":1},"s":{"a":0,"k":[100,100],"ix":3},"r":{"a":0,"k":0,"ix":6},"o":{"a":0,"k":100,"ix":7},"sk":{"a":0,"k":0,"ix":4},"sa":{"a":0,"k":0,"ix":5},"nm":"Transform"}],"nm":"Group 22","np":2,"cix":2,"bm":0,"ix":1,"mn":"ADBE Vector Group","hd":false}],"ip":0,"op":150.000006109625,"st":0,"bm":0},{"ddd":0,"ind":11,"ty":4,"nm":"Layer 4/4.4 Outlines - Group 21","cl":"4","parent":22,"sr":1,"ks":{"o":{"a":0,"k":100,"ix":11},"r":{"a":0,"k":0,"ix":10},"p":{"a":0,"k":[222.671,283.534,0],"ix":2},"a":{"a":0,"k":[26.714,39.6,0],"ix":1},"s":{"a":1,"k":[{"i":{"x":[0.65,0.65,0.65],"y":[1,1,1]},"o":{"x":[0.35,0.35,0.35],"y":[0,0,0]},"t":46,"s":[472.308,472.308,100]},{"i":{"x":[0.65,0.65,0.65],"y":[1,1,1]},"o":{"x":[0.35,0.35,0.35],"y":[0,0,0]},"t":55,"s":[545.308,472.308,100]},{"i":{"x":[0.65,0.65,0.65],"y":[1,1,1]},"o":{"x":[0.35,0.35,0.35],"y":[0,0,0]},"t":64,"s":[395.308,472.308,100]},{"i":{"x":[0.65,0.65,0.65],"y":[1,1,1]},"o":{"x":[0.35,0.35,0.35],"y":[0,0,0]},"t":73,"s":[472.308,472.308,100]},{"i":{"x":[0.65,0.65,0.65],"y":[1,1,1]},"o":{"x":[0.35,0.35,0.35],"y":[0,0,0]},"t":118,"s":[472.308,472.308,100]},{"i":{"x":[0.65,0.65,0.65],"y":[1,1,1]},"o":{"x":[0.35,0.35,0.35],"y":[0,0,0]},"t":127,"s":[545.308,472.308,100]},{"i":{"x":[0.65,0.65,0.65],"y":[1,1,1]},"o":{"x":[0.35,0.35,0.35],"y":[0,0,0]},"t":136,"s":[395.308,472.308,100]},{"t":145.000005905971,"s":[472.308,472.308,100]}],"ix":6}},"ao":0,"shapes":[{"ty":"gr","it":[{"ind":0,"ty":"sh","ix":1,"ks":{"a":0,"k":{"i":[[0.353,0],[0,0],[0,0.352],[-0.352,0],[0,0],[0,-0.352]],"o":[[0,0],[-0.352,0],[0,-0.352],[0,0],[0.353,0],[0,0.352]],"v":[[8.086,0.637],[-8.085,0.637],[-8.723,0],[-8.085,-0.637],[8.086,-0.637],[8.723,0]],"c":true},"ix":2},"nm":"Path 1","mn":"ADBE Vector Shape - Group","hd":false},{"ty":"fl","c":{"a":0,"k":[0.250999989229,0.063000002094,0.286000001197,1],"ix":4},"o":{"a":0,"k":100,"ix":5},"r":1,"bm":0,"nm":"Fill 1","mn":"ADBE Vector Graphic - Fill","hd":false},{"ty":"tr","p":{"a":0,"k":[35.437,39.6],"ix":2},"a":{"a":0,"k":[0,0],"ix":1},"s":{"a":0,"k":[100,100],"ix":3},"r":{"a":0,"k":0,"ix":6},"o":{"a":0,"k":100,"ix":7},"sk":{"a":0,"k":0,"ix":4},"sa":{"a":0,"k":0,"ix":5},"nm":"Transform"}],"nm":"Group 21","np":2,"cix":2,"bm":0,"ix":1,"mn":"ADBE Vector Group","hd":false}],"ip":0,"op":150.000006109625,"st":0,"bm":0},{"ddd":0,"ind":12,"ty":4,"nm":"Layer 4/4.4 Outlines - Group 30","cl":"4","parent":22,"sr":1,"ks":{"o":{"a":0,"k":100,"ix":11},"r":{"a":0,"k":0,"ix":10},"p":{"a":0,"k":[289.794,227.99,0],"ix":2},"a":{"a":0,"k":[40.925,27.84,0],"ix":1},"s":{"a":1,"k":[{"i":{"x":[0.65,0.65,0.65],"y":[1,1,1]},"o":{"x":[0.35,0.35,0.35],"y":[0,0,0]},"t":45,"s":[472.308,472.308,100]},{"i":{"x":[0.65,0.65,0.65],"y":[1,1,1]},"o":{"x":[0.35,0.35,0.35],"y":[0,0,0]},"t":54,"s":[545.308,472.308,100]},{"i":{"x":[0.65,0.65,0.65],"y":[1,1,1]},"o":{"x":[0.35,0.35,0.35],"y":[0,0,0]},"t":63,"s":[395.308,472.308,100]},{"i":{"x":[0.65,0.65,0.65],"y":[1,1,1]},"o":{"x":[0.35,0.35,0.35],"y":[0,0,0]},"t":72,"s":[472.308,472.308,100]},{"i":{"x":[0.65,0.65,0.65],"y":[1,1,1]},"o":{"x":[0.35,0.35,0.35],"y":[0,0,0]},"t":120,"s":[472.308,472.308,100]},{"i":{"x":[0.65,0.65,0.65],"y":[1,1,1]},"o":{"x":[0.35,0.35,0.35],"y":[0,0,0]},"t":129,"s":[545.308,472.308,100]},{"i":{"x":[0.65,0.65,0.65],"y":[1,1,1]},"o":{"x":[0.35,0.35,0.35],"y":[0,0,0]},"t":138,"s":[395.308,472.308,100]},{"t":147.000005987433,"s":[472.308,472.308,100]}],"ix":6}},"ao":0,"shapes":[{"ty":"gr","it":[{"ind":0,"ty":"sh","ix":1,"ks":{"a":0,"k":{"i":[[0.352,0],[0,0],[0,0.353],[-0.352,0],[0,0],[0,-0.352]],"o":[[0,0],[-0.352,0],[0,-0.352],[0,0],[0.352,0],[0,0.353]],"v":[[3.675,0.637],[-3.675,0.637],[-4.312,-0.001],[-3.675,-0.637],[3.675,-0.637],[4.312,-0.001]],"c":true},"ix":2},"nm":"Path 1","mn":"ADBE Vector Shape - Group","hd":false},{"ty":"fl","c":{"a":0,"k":[0.250999989229,0.063000002094,0.286000001197,1],"ix":4},"o":{"a":0,"k":100,"ix":5},"r":1,"bm":0,"nm":"Fill 1","mn":"ADBE Vector Graphic - Fill","hd":false},{"ty":"tr","p":{"a":0,"k":[45.237,27.84],"ix":2},"a":{"a":0,"k":[0,0],"ix":1},"s":{"a":0,"k":[100,100],"ix":3},"r":{"a":0,"k":0,"ix":6},"o":{"a":0,"k":100,"ix":7},"sk":{"a":0,"k":0,"ix":4},"sa":{"a":0,"k":0,"ix":5},"nm":"Transform"}],"nm":"Group 30","np":2,"cix":2,"bm":0,"ix":1,"mn":"ADBE Vector Group","hd":false}],"ip":0,"op":150.000006109625,"st":0,"bm":0},{"ddd":0,"ind":13,"ty":4,"nm":"Layer 4/4.4 Outlines - Group 29","cl":"4","parent":22,"sr":1,"ks":{"o":{"a":0,"k":100,"ix":11},"r":{"a":0,"k":0,"ix":10},"p":{"a":0,"k":[222.672,227.99,0],"ix":2},"a":{"a":0,"k":[26.714,27.84,0],"ix":1},"s":{"a":1,"k":[{"i":{"x":[0.65,0.65,0.65],"y":[1,1,1]},"o":{"x":[0.35,0.35,0.35],"y":[0,0,0]},"t":44,"s":[472.308,472.308,100]},{"i":{"x":[0.65,0.65,0.65],"y":[1,1,1]},"o":{"x":[0.35,0.35,0.35],"y":[0,0,0]},"t":53,"s":[545.308,472.308,100]},{"i":{"x":[0.65,0.65,0.65],"y":[1,1,1]},"o":{"x":[0.35,0.35,0.35],"y":[0,0,0]},"t":62,"s":[395.308,472.308,100]},{"i":{"x":[0.65,0.65,0.65],"y":[1,1,1]},"o":{"x":[0.35,0.35,0.35],"y":[0,0,0]},"t":71,"s":[472.308,472.308,100]},{"i":{"x":[0.65,0.65,0.65],"y":[1,1,1]},"o":{"x":[0.35,0.35,0.35],"y":[0,0,0]},"t":119,"s":[472.308,472.308,100]},{"i":{"x":[0.65,0.65,0.65],"y":[1,1,1]},"o":{"x":[0.35,0.35,0.35],"y":[0,0,0]},"t":128,"s":[545.308,472.308,100]},{"i":{"x":[0.65,0.65,0.65],"y":[1,1,1]},"o":{"x":[0.35,0.35,0.35],"y":[0,0,0]},"t":137,"s":[395.308,472.308,100]},{"t":146.000005946702,"s":[472.308,472.308,100]}],"ix":6}},"ao":0,"shapes":[{"ty":"gr","it":[{"ind":0,"ty":"sh","ix":1,"ks":{"a":0,"k":{"i":[[0.352,0],[0,0],[0,0.353],[-0.353,0],[0,0],[0,-0.352]],"o":[[0,0],[-0.353,0],[0,-0.352],[0,0],[0.352,0],[0,0.353]],"v":[[5.146,0.637],[-5.145,0.637],[-5.783,-0.001],[-5.145,-0.637],[5.146,-0.637],[5.783,-0.001]],"c":true},"ix":2},"nm":"Path 1","mn":"ADBE Vector Shape - Group","hd":false},{"ty":"fl","c":{"a":0,"k":[0.250999989229,0.063000002094,0.286000001197,1],"ix":4},"o":{"a":0,"k":100,"ix":5},"r":1,"bm":0,"nm":"Fill 1","mn":"ADBE Vector Graphic - Fill","hd":false},{"ty":"tr","p":{"a":0,"k":[32.496,27.84],"ix":2},"a":{"a":0,"k":[0,0],"ix":1},"s":{"a":0,"k":[100,100],"ix":3},"r":{"a":0,"k":0,"ix":6},"o":{"a":0,"k":100,"ix":7},"sk":{"a":0,"k":0,"ix":4},"sa":{"a":0,"k":0,"ix":5},"nm":"Transform"}],"nm":"Group 29","np":2,"cix":2,"bm":0,"ix":1,"mn":"ADBE Vector Group","hd":false}],"ip":0,"op":150.000006109625,"st":0,"bm":0},{"ddd":0,"ind":14,"ty":4,"nm":"Layer 4/4.4 Outlines - Group 33","cl":"4","parent":22,"sr":1,"ks":{"o":{"a":0,"k":100,"ix":11},"r":{"a":0,"k":0,"ix":10},"p":{"a":0,"k":[331.451,207.16,0],"ix":2},"a":{"a":0,"k":[49.745,23.43,0],"ix":1},"s":{"a":1,"k":[{"i":{"x":[0.65,0.65,0.65],"y":[1,1,1]},"o":{"x":[0.35,0.35,0.35],"y":[0,0,0]},"t":43,"s":[472.308,472.308,100]},{"i":{"x":[0.65,0.65,0.65],"y":[1,1,1]},"o":{"x":[0.35,0.35,0.35],"y":[0,0,0]},"t":52,"s":[545.308,472.308,100]},{"i":{"x":[0.65,0.65,0.65],"y":[1,1,1]},"o":{"x":[0.35,0.35,0.35],"y":[0,0,0]},"t":61,"s":[395.308,472.308,100]},{"i":{"x":[0.65,0.65,0.65],"y":[1,1,1]},"o":{"x":[0.35,0.35,0.35],"y":[0,0,0]},"t":70,"s":[472.308,472.308,100]},{"i":{"x":[0.65,0.65,0.65],"y":[1,1,1]},"o":{"x":[0.35,0.35,0.35],"y":[0,0,0]},"t":118,"s":[472.308,472.308,100]},{"i":{"x":[0.65,0.65,0.65],"y":[1,1,1]},"o":{"x":[0.35,0.35,0.35],"y":[0,0,0]},"t":127,"s":[545.308,472.308,100]},{"i":{"x":[0.65,0.65,0.65],"y":[1,1,1]},"o":{"x":[0.35,0.35,0.35],"y":[0,0,0]},"t":136,"s":[395.308,472.308,100]},{"t":145.000005905971,"s":[472.308,472.308,100]}],"ix":6}},"ao":0,"shapes":[{"ty":"gr","it":[{"ind":0,"ty":"sh","ix":1,"ks":{"a":0,"k":{"i":[[0.353,0],[0,0],[0,0.352],[-0.353,0],[0,0],[0,-0.352]],"o":[[0,0],[-0.353,0],[0,-0.352],[0,0],[0.353,0],[0,0.352]],"v":[[3.185,0.637],[-3.185,0.637],[-3.823,-0.001],[-3.185,-0.637],[3.185,-0.637],[3.823,-0.001]],"c":true},"ix":2},"nm":"Path 1","mn":"ADBE Vector Shape - Group","hd":false},{"ty":"fl","c":{"a":0,"k":[0.250999989229,0.063000002094,0.286000001197,1],"ix":4},"o":{"a":0,"k":100,"ix":5},"r":1,"bm":0,"nm":"Fill 1","mn":"ADBE Vector Graphic - Fill","hd":false},{"ty":"tr","p":{"a":0,"k":[53.568,23.43],"ix":2},"a":{"a":0,"k":[0,0],"ix":1},"s":{"a":0,"k":[100,100],"ix":3},"r":{"a":0,"k":0,"ix":6},"o":{"a":0,"k":100,"ix":7},"sk":{"a":0,"k":0,"ix":4},"sa":{"a":0,"k":0,"ix":5},"nm":"Transform"}],"nm":"Group 33","np":2,"cix":2,"bm":0,"ix":1,"mn":"ADBE Vector Group","hd":false}],"ip":0,"op":150.000006109625,"st":0,"bm":0},{"ddd":0,"ind":15,"ty":4,"nm":"Layer 4/4.4 Outlines - Group 32","cl":"4","parent":22,"sr":1,"ks":{"o":{"a":0,"k":100,"ix":11},"r":{"a":0,"k":0,"ix":10},"p":{"a":0,"k":[271.274,207.16,0],"ix":2},"a":{"a":0,"k":[37.004,23.43,0],"ix":1},"s":{"a":1,"k":[{"i":{"x":[0.65,0.65,0.65],"y":[1,1,1]},"o":{"x":[0.35,0.35,0.35],"y":[0,0,0]},"t":42,"s":[472.308,472.308,100]},{"i":{"x":[0.65,0.65,0.65],"y":[1,1,1]},"o":{"x":[0.35,0.35,0.35],"y":[0,0,0]},"t":51,"s":[545.308,472.308,100]},{"i":{"x":[0.65,0.65,0.65],"y":[1,1,1]},"o":{"x":[0.35,0.35,0.35],"y":[0,0,0]},"t":60,"s":[395.308,472.308,100]},{"i":{"x":[0.65,0.65,0.65],"y":[1,1,1]},"o":{"x":[0.35,0.35,0.35],"y":[0,0,0]},"t":69,"s":[472.308,472.308,100]},{"i":{"x":[0.65,0.65,0.65],"y":[1,1,1]},"o":{"x":[0.35,0.35,0.35],"y":[0,0,0]},"t":117,"s":[472.308,472.308,100]},{"i":{"x":[0.65,0.65,0.65],"y":[1,1,1]},"o":{"x":[0.35,0.35,0.35],"y":[0,0,0]},"t":126,"s":[545.308,472.308,100]},{"i":{"x":[0.65,0.65,0.65],"y":[1,1,1]},"o":{"x":[0.35,0.35,0.35],"y":[0,0,0]},"t":135,"s":[395.308,472.308,100]},{"t":144.00000586524,"s":[472.308,472.308,100]}],"ix":6}},"ao":0,"shapes":[{"ty":"gr","it":[{"ind":0,"ty":"sh","ix":1,"ks":{"a":0,"k":{"i":[[0.352,0],[0,0],[0,0.352],[-0.353,0],[0,0],[0,-0.352]],"o":[[0,0],[-0.353,0],[0,-0.352],[0,0],[0.352,0],[0,0.352]],"v":[[4.41,0.637],[-4.41,0.637],[-5.048,-0.001],[-4.41,-0.637],[4.41,-0.637],[5.048,-0.001]],"c":true},"ix":2},"nm":"Path 1","mn":"ADBE Vector Shape - Group","hd":false},{"ty":"fl","c":{"a":0,"k":[0.250999989229,0.063000002094,0.286000001197,1],"ix":4},"o":{"a":0,"k":100,"ix":5},"r":1,"bm":0,"nm":"Fill 1","mn":"ADBE Vector Graphic - Fill","hd":false},{"ty":"tr","p":{"a":0,"k":[42.052,23.43],"ix":2},"a":{"a":0,"k":[0,0],"ix":1},"s":{"a":0,"k":[100,100],"ix":3},"r":{"a":0,"k":0,"ix":6},"o":{"a":0,"k":100,"ix":7},"sk":{"a":0,"k":0,"ix":4},"sa":{"a":0,"k":0,"ix":5},"nm":"Transform"}],"nm":"Group 32","np":2,"cix":2,"bm":0,"ix":1,"mn":"ADBE Vector Group","hd":false}],"ip":0,"op":150.000006109625,"st":0,"bm":0},{"ddd":0,"ind":16,"ty":4,"nm":"Layer 4/4.4 Outlines - Group 31","cl":"4","parent":22,"sr":1,"ks":{"o":{"a":0,"k":100,"ix":11},"r":{"a":0,"k":0,"ix":10},"p":{"a":0,"k":[222.672,207.16,0],"ix":2},"a":{"a":0,"k":[26.714,23.43,0],"ix":1},"s":{"a":1,"k":[{"i":{"x":[0.65,0.65,0.65],"y":[1,1,1]},"o":{"x":[0.35,0.35,0.35],"y":[0,0,0]},"t":41,"s":[472.308,472.308,100]},{"i":{"x":[0.65,0.65,0.65],"y":[1,1,1]},"o":{"x":[0.35,0.35,0.35],"y":[0,0,0]},"t":50,"s":[545.308,472.308,100]},{"i":{"x":[0.65,0.65,0.65],"y":[1,1,1]},"o":{"x":[0.35,0.35,0.35],"y":[0,0,0]},"t":59,"s":[395.308,472.308,100]},{"i":{"x":[0.65,0.65,0.65],"y":[1,1,1]},"o":{"x":[0.35,0.35,0.35],"y":[0,0,0]},"t":68,"s":[472.308,472.308,100]},{"i":{"x":[0.65,0.65,0.65],"y":[1,1,1]},"o":{"x":[0.35,0.35,0.35],"y":[0,0,0]},"t":116,"s":[472.308,472.308,100]},{"i":{"x":[0.65,0.65,0.65],"y":[1,1,1]},"o":{"x":[0.35,0.35,0.35],"y":[0,0,0]},"t":125,"s":[545.308,472.308,100]},{"i":{"x":[0.65,0.65,0.65],"y":[1,1,1]},"o":{"x":[0.35,0.35,0.35],"y":[0,0,0]},"t":134,"s":[395.308,472.308,100]},{"t":143.000005824509,"s":[472.308,472.308,100]}],"ix":6}},"ao":0,"shapes":[{"ty":"gr","it":[{"ind":0,"ty":"sh","ix":1,"ks":{"a":0,"k":{"i":[[0.353,0],[0,0],[0,0.352],[-0.353,0],[0,0],[0,-0.352]],"o":[[0,0],[-0.353,0],[0,-0.352],[0,0],[0.353,0],[0,0.352]],"v":[[3.185,0.637],[-3.184,0.637],[-3.822,-0.001],[-3.184,-0.637],[3.185,-0.637],[3.822,-0.001]],"c":true},"ix":2},"nm":"Path 1","mn":"ADBE Vector Shape - Group","hd":false},{"ty":"fl","c":{"a":0,"k":[0.250999989229,0.063000002094,0.286000001197,1],"ix":4},"o":{"a":0,"k":100,"ix":5},"r":1,"bm":0,"nm":"Fill 1","mn":"ADBE Vector Graphic - Fill","hd":false},{"ty":"tr","p":{"a":0,"k":[30.536,23.43],"ix":2},"a":{"a":0,"k":[0,0],"ix":1},"s":{"a":0,"k":[100,100],"ix":3},"r":{"a":0,"k":0,"ix":6},"o":{"a":0,"k":100,"ix":7},"sk":{"a":0,"k":0,"ix":4},"sa":{"a":0,"k":0,"ix":5},"nm":"Transform"}],"nm":"Group 31","np":2,"cix":2,"bm":0,"ix":1,"mn":"ADBE Vector Group","hd":false}],"ip":0,"op":150.000006109625,"st":0,"bm":0},{"ddd":0,"ind":17,"ty":4,"nm":"Layer 4/4.4 Outlines - Group 28","cl":"4","parent":22,"sr":1,"ks":{"o":{"a":0,"k":100,"ix":11},"r":{"a":0,"k":0,"ix":10},"p":{"a":0,"k":[294.422,186.329,0],"ix":2},"a":{"a":0,"k":[41.905,19.019,0],"ix":1},"s":{"a":1,"k":[{"i":{"x":[0.65,0.65,0.65],"y":[1,1,1]},"o":{"x":[0.35,0.35,0.35],"y":[0,0,0]},"t":40,"s":[472.308,472.308,100]},{"i":{"x":[0.65,0.65,0.65],"y":[1,1,1]},"o":{"x":[0.35,0.35,0.35],"y":[0,0,0]},"t":49,"s":[545.308,472.308,100]},{"i":{"x":[0.65,0.65,0.65],"y":[1,1,1]},"o":{"x":[0.35,0.35,0.35],"y":[0,0,0]},"t":58,"s":[395.308,472.308,100]},{"i":{"x":[0.65,0.65,0.65],"y":[1,1,1]},"o":{"x":[0.35,0.35,0.35],"y":[0,0,0]},"t":67,"s":[472.308,472.308,100]},{"i":{"x":[0.65,0.65,0.65],"y":[1,1,1]},"o":{"x":[0.35,0.35,0.35],"y":[0,0,0]},"t":115,"s":[472.308,472.308,100]},{"i":{"x":[0.65,0.65,0.65],"y":[1,1,1]},"o":{"x":[0.35,0.35,0.35],"y":[0,0,0]},"t":124,"s":[545.308,472.308,100]},{"i":{"x":[0.65,0.65,0.65],"y":[1,1,1]},"o":{"x":[0.35,0.35,0.35],"y":[0,0,0]},"t":133,"s":[395.308,472.308,100]},{"t":142.000005783779,"s":[472.308,472.308,100]}],"ix":6}},"ao":0,"shapes":[{"ty":"gr","it":[{"ind":0,"ty":"sh","ix":1,"ks":{"a":0,"k":{"i":[[0.353,0],[0,0],[0,0.352],[-0.352,0],[0,0],[0,-0.352]],"o":[[0,0],[-0.352,0],[0,-0.352],[0,0],[0.353,0],[0,0.352]],"v":[[7.105,0.637],[-7.106,0.637],[-7.743,0],[-7.106,-0.637],[7.105,-0.637],[7.743,0]],"c":true},"ix":2},"nm":"Path 1","mn":"ADBE Vector Shape - Group","hd":false},{"ty":"fl","c":{"a":0,"k":[0.250999989229,0.063000002094,0.286000001197,1],"ix":4},"o":{"a":0,"k":100,"ix":5},"r":1,"bm":0,"nm":"Fill 1","mn":"ADBE Vector Graphic - Fill","hd":false},{"ty":"tr","p":{"a":0,"k":[49.648,19.019],"ix":2},"a":{"a":0,"k":[0,0],"ix":1},"s":{"a":0,"k":[100,100],"ix":3},"r":{"a":0,"k":0,"ix":6},"o":{"a":0,"k":100,"ix":7},"sk":{"a":0,"k":0,"ix":4},"sa":{"a":0,"k":0,"ix":5},"nm":"Transform"}],"nm":"Group 28","np":2,"cix":2,"bm":0,"ix":1,"mn":"ADBE Vector Group","hd":false}],"ip":0,"op":150.000006109625,"st":0,"bm":0},{"ddd":0,"ind":18,"ty":4,"nm":"Layer 4/4.4 Outlines - Group 27","cl":"4","parent":22,"sr":1,"ks":{"o":{"a":0,"k":100,"ix":11},"r":{"a":0,"k":0,"ix":10},"p":{"a":0,"k":[222.674,186.329,0],"ix":2},"a":{"a":0,"k":[26.714,19.019,0],"ix":1},"s":{"a":1,"k":[{"i":{"x":[0.65,0.65,0.65],"y":[1,1,1]},"o":{"x":[0.35,0.35,0.35],"y":[0,0,0]},"t":39,"s":[472.308,472.308,100]},{"i":{"x":[0.65,0.65,0.65],"y":[1,1,1]},"o":{"x":[0.35,0.35,0.35],"y":[0,0,0]},"t":48,"s":[545.308,472.308,100]},{"i":{"x":[0.65,0.65,0.65],"y":[1,1,1]},"o":{"x":[0.35,0.35,0.35],"y":[0,0,0]},"t":57,"s":[395.308,472.308,100]},{"i":{"x":[0.65,0.65,0.65],"y":[1,1,1]},"o":{"x":[0.35,0.35,0.35],"y":[0,0,0]},"t":66,"s":[472.308,472.308,100]},{"i":{"x":[0.65,0.65,0.65],"y":[1,1,1]},"o":{"x":[0.35,0.35,0.35],"y":[0,0,0]},"t":114,"s":[472.308,472.308,100]},{"i":{"x":[0.65,0.65,0.65],"y":[1,1,1]},"o":{"x":[0.35,0.35,0.35],"y":[0,0,0]},"t":123,"s":[545.308,472.308,100]},{"i":{"x":[0.65,0.65,0.65],"y":[1,1,1]},"o":{"x":[0.35,0.35,0.35],"y":[0,0,0]},"t":132,"s":[395.308,472.308,100]},{"t":141.000005743048,"s":[472.308,472.308,100]}],"ix":6}},"ao":0,"shapes":[{"ty":"gr","it":[{"ind":0,"ty":"sh","ix":1,"ks":{"a":0,"k":{"i":[[0.353,0],[0,0],[0,0.352],[-0.352,0],[0,0],[0,-0.352]],"o":[[0,0],[-0.352,0],[0,-0.352],[0,0],[0.353,0],[0,0.352]],"v":[[5.635,0.637],[-5.636,0.637],[-6.273,0],[-5.636,-0.637],[5.635,-0.637],[6.273,0]],"c":true},"ix":2},"nm":"Path 1","mn":"ADBE Vector Shape - Group","hd":false},{"ty":"fl","c":{"a":0,"k":[0.250999989229,0.063000002094,0.286000001197,1],"ix":4},"o":{"a":0,"k":100,"ix":5},"r":1,"bm":0,"nm":"Fill 1","mn":"ADBE Vector Graphic - Fill","hd":false},{"ty":"tr","p":{"a":0,"k":[32.987,19.019],"ix":2},"a":{"a":0,"k":[0,0],"ix":1},"s":{"a":0,"k":[100,100],"ix":3},"r":{"a":0,"k":0,"ix":6},"o":{"a":0,"k":100,"ix":7},"sk":{"a":0,"k":0,"ix":4},"sa":{"a":0,"k":0,"ix":5},"nm":"Transform"}],"nm":"Group 27","np":2,"cix":2,"bm":0,"ix":1,"mn":"ADBE Vector Group","hd":false}],"ip":0,"op":150.000006109625,"st":0,"bm":0},{"ddd":0,"ind":19,"ty":4,"nm":"Layer 4/4.4 Outlines - Group 40 :M","cl":"4","parent":22,"sr":1,"ks":{"o":{"a":0,"k":100,"ix":11},"r":{"a":0,"k":-0.535,"ix":10},"p":{"a":0,"k":[341.38,123.821,0],"ix":2},"a":{"a":0,"k":[343.919,125.657,0],"ix":1},"s":{"a":0,"k":[100,100,100],"ix":6}},"ao":0,"shapes":[{"ty":"gr","it":[{"ty":"gr","it":[{"ind":0,"ty":"sh","ix":1,"ks":{"a":0,"k":{"i":[[0.265,0],[0.188,0.185],[0,0.255],[-0.186,0.176],[-0.05,0.039],[-0.06,0.029],[-0.058,0.019],[-0.226,-0.225],[0,-0.263],[0.049,-0.118],[0.098,-0.088]],"o":[[-0.255,0],[-0.186,-0.187],[0,-0.263],[0.049,-0.049],[0.049,-0.03],[0.059,-0.019],[0.315,-0.059],[0.186,0.176],[0,0.128],[-0.049,0.118],[-0.187,0.185]],"v":[[0,0.999],[-0.688,0.715],[-0.979,0.029],[-0.688,-0.667],[-0.539,-0.794],[-0.372,-0.883],[-0.188,-0.941],[0.695,-0.667],[0.979,0.029],[0.91,0.402],[0.695,0.715]],"c":true},"ix":2},"nm":"Path 1","mn":"ADBE Vector Shape - Group","hd":false},{"ty":"fl","c":{"a":0,"k":[0.250999987125,0.063000001013,0.286000013351,1],"ix":4},"o":{"a":0,"k":100,"ix":5},"r":1,"bm":0,"nm":"Fill 1","mn":"ADBE Vector Graphic - Fill","hd":false},{"ty":"tr","p":{"a":0,"k":[45.967,5.763],"ix":2},"a":{"a":0,"k":[0,0],"ix":1},"s":{"a":0,"k":[100,100],"ix":3},"r":{"a":0,"k":0,"ix":6},"o":{"a":0,"k":100,"ix":7},"sk":{"a":0,"k":0,"ix":4},"sa":{"a":0,"k":0,"ix":5},"nm":"Transform"}],"nm":"Group 40","np":2,"cix":2,"bm":0,"ix":1,"mn":"ADBE Vector Group","hd":false},{"ty":"tr","p":{"a":0,"k":[316.145,125.398],"ix":2},"a":{"a":0,"k":[45.967,5.785],"ix":1},"s":{"a":1,"k":[{"i":{"x":[0.65,0.65],"y":[1,1]},"o":{"x":[0.35,0.35],"y":[0,0]},"t":0,"s":[472.308,472.308]},{"i":{"x":[0.65,0.65],"y":[1,1]},"o":{"x":[0.35,0.35],"y":[0,0]},"t":15,"s":[0,0]},{"i":{"x":[0.65,0.65],"y":[1,1]},"o":{"x":[0.35,0.35],"y":[0,0]},"t":30,"s":[580.308,580.308]},{"i":{"x":[0.65,0.65],"y":[1,1]},"o":{"x":[0.35,0.35],"y":[0,0]},"t":45,"s":[472.308,472.308]},{"i":{"x":[0.65,0.65],"y":[1,1]},"o":{"x":[0.35,0.35],"y":[0,0]},"t":71,"s":[472.308,472.308]},{"i":{"x":[0.65,0.65],"y":[1,1]},"o":{"x":[0.35,0.35],"y":[0,0]},"t":86,"s":[0,0]},{"i":{"x":[0.65,0.65],"y":[1,1]},"o":{"x":[0.35,0.35],"y":[0,0]},"t":101,"s":[580.308,580.308]},{"t":116.000004724777,"s":[472.308,472.308]}],"ix":3},"r":{"a":0,"k":0.535,"ix":6},"o":{"a":0,"k":100,"ix":7},"sk":{"a":0,"k":0,"ix":4},"sa":{"a":0,"k":0,"ix":5},"nm":"Transform"}],"nm":"Layer 4/4.4 Outlines - Group 440","np":1,"cix":2,"bm":0,"ix":1,"mn":"ADBE Vector Group","hd":false,"cl":"4"},{"ty":"gr","it":[{"ty":"gr","it":[{"ind":0,"ty":"sh","ix":1,"ks":{"a":0,"k":{"i":[[0,0.539],[-0.547,0],[0,-0.548],[0.54,0]],"o":[[0,-0.548],[0.54,0],[0,0.539],[-0.547,0]],"v":[[-0.98,-0.001],[-0.001,-0.98],[0.98,-0.001],[-0.001,0.98]],"c":true},"ix":2},"nm":"Path 1","mn":"ADBE Vector Shape - Group","hd":false},{"ty":"fl","c":{"a":0,"k":[0.250999987125,0.063000001013,0.286000013351,1],"ix":4},"o":{"a":0,"k":100,"ix":5},"r":1,"bm":0,"nm":"Fill 1","mn":"ADBE Vector Graphic - Fill","hd":false},{"ty":"tr","p":{"a":0,"k":[51.856,5.792],"ix":2},"a":{"a":0,"k":[0,0],"ix":1},"s":{"a":0,"k":[100,100],"ix":3},"r":{"a":0,"k":0,"ix":6},"o":{"a":0,"k":100,"ix":7},"sk":{"a":0,"k":0,"ix":4},"sa":{"a":0,"k":0,"ix":5},"nm":"Transform"}],"nm":"Group 41","np":2,"cix":2,"bm":0,"ix":1,"mn":"ADBE Vector Group","hd":false},{"ty":"tr","p":{"a":0,"k":[343.96,125.694],"ix":2},"a":{"a":0,"k":[51.856,5.792],"ix":1},"s":{"a":1,"k":[{"i":{"x":[0.65,0.65],"y":[1,1]},"o":{"x":[0.35,0.35],"y":[0,0]},"t":3,"s":[472.308,472.308]},{"i":{"x":[0.65,0.65],"y":[1,1]},"o":{"x":[0.35,0.35],"y":[0,0]},"t":18,"s":[0,0]},{"i":{"x":[0.65,0.65],"y":[1,1]},"o":{"x":[0.35,0.35],"y":[0,0]},"t":33,"s":[580.308,580.308]},{"i":{"x":[0.65,0.65],"y":[1,1]},"o":{"x":[0.35,0.35],"y":[0,0]},"t":48,"s":[472.308,472.308]},{"i":{"x":[0.65,0.65],"y":[1,1]},"o":{"x":[0.35,0.35],"y":[0,0]},"t":74,"s":[472.308,472.308]},{"i":{"x":[0.65,0.65],"y":[1,1]},"o":{"x":[0.35,0.35],"y":[0,0]},"t":89,"s":[0,0]},{"i":{"x":[0.65,0.65],"y":[1,1]},"o":{"x":[0.35,0.35],"y":[0,0]},"t":104,"s":[580.308,580.308]},{"t":119.000004846969,"s":[472.308,472.308]}],"ix":3},"r":{"a":0,"k":0.535,"ix":6},"o":{"a":0,"k":100,"ix":7},"sk":{"a":0,"k":0,"ix":4},"sa":{"a":0,"k":0,"ix":5},"nm":"Transform"}],"nm":"Layer 4/4.4 Outlines - Group 441","np":1,"cix":2,"bm":0,"ix":2,"mn":"ADBE Vector Group","hd":false,"cl":"4"},{"ty":"gr","it":[{"ty":"gr","it":[{"ind":0,"ty":"sh","ix":1,"ks":{"a":0,"k":{"i":[[0.254,0],[0.186,0.185],[0.049,0.118],[0,0.128],[-0.187,0.176],[-0.324,-0.059],[-0.059,-0.019],[-0.049,-0.03],[-0.04,-0.049],[-0.048,-0.117],[-0.021,-0.059],[0,-0.068],[0.049,-0.118],[0.097,-0.088]],"o":[[-0.265,0],[-0.088,-0.088],[-0.049,-0.118],[0,-0.263],[0.226,-0.225],[0.067,0.019],[0.06,0.029],[0.049,0.039],[0.097,0.088],[0.021,0.059],[0.01,0.059],[0,0.128],[-0.048,0.118],[-0.187,0.185]],"v":[[0.005,0.999],[-0.691,0.715],[-0.906,0.402],[-0.975,0.029],[-0.691,-0.667],[0.191,-0.941],[0.376,-0.883],[0.543,-0.794],[0.69,-0.667],[0.905,-0.354],[0.966,-0.167],[0.975,0.029],[0.905,0.402],[0.69,0.715]],"c":true},"ix":2},"nm":"Path 1","mn":"ADBE Vector Shape - Group","hd":false},{"ty":"fl","c":{"a":0,"k":[0.250999987125,0.063000001013,0.286000013351,1],"ix":4},"o":{"a":0,"k":100,"ix":5},"r":1,"bm":0,"nm":"Fill 1","mn":"ADBE Vector Graphic - Fill","hd":false},{"ty":"tr","p":{"a":0,"k":[57.732,5.763],"ix":2},"a":{"a":0,"k":[0,0],"ix":1},"s":{"a":0,"k":[100,100],"ix":3},"r":{"a":0,"k":0,"ix":6},"o":{"a":0,"k":100,"ix":7},"sk":{"a":0,"k":0,"ix":4},"sa":{"a":0,"k":0,"ix":5},"nm":"Transform"}],"nm":"Group 42","np":2,"cix":2,"bm":0,"ix":1,"mn":"ADBE Vector Group","hd":false},{"ty":"tr","p":{"a":0,"k":[371.712,125.916],"ix":2},"a":{"a":0,"k":[57.732,5.785],"ix":1},"s":{"a":1,"k":[{"i":{"x":[0.65,0.65],"y":[1,1]},"o":{"x":[0.35,0.35],"y":[0,0]},"t":6,"s":[472.308,472.308]},{"i":{"x":[0.65,0.65],"y":[1,1]},"o":{"x":[0.35,0.35],"y":[0,0]},"t":21,"s":[0,0]},{"i":{"x":[0.65,0.65],"y":[1,1]},"o":{"x":[0.35,0.35],"y":[0,0]},"t":36,"s":[580.308,580.308]},{"i":{"x":[0.65,0.65],"y":[1,1]},"o":{"x":[0.35,0.35],"y":[0,0]},"t":51,"s":[472.308,472.308]},{"i":{"x":[0.65,0.65],"y":[1,1]},"o":{"x":[0.35,0.35],"y":[0,0]},"t":77,"s":[472.308,472.308]},{"i":{"x":[0.65,0.65],"y":[1,1]},"o":{"x":[0.35,0.35],"y":[0,0]},"t":92,"s":[0,0]},{"i":{"x":[0.65,0.65],"y":[1,1]},"o":{"x":[0.35,0.35],"y":[0,0]},"t":107,"s":[580.308,580.308]},{"t":122.000004969162,"s":[472.308,472.308]}],"ix":3},"r":{"a":0,"k":0.535,"ix":6},"o":{"a":0,"k":100,"ix":7},"sk":{"a":0,"k":0,"ix":4},"sa":{"a":0,"k":0,"ix":5},"nm":"Transform"}],"nm":"Layer 4/4.4 Outlines - Group 442","np":1,"cix":2,"bm":0,"ix":3,"mn":"ADBE Vector Group","hd":false,"cl":"4"}],"ip":0,"op":150.000006109625,"st":0,"bm":0},{"ddd":0,"ind":20,"ty":4,"nm":"Merged Shape Layer","parent":22,"sr":1,"ks":{"o":{"a":0,"k":100,"ix":11},"r":{"a":0,"k":0,"ix":10},"p":{"a":0,"k":[165.51,304.367,0],"ix":2},"a":{"a":0,"k":[165.51,304.367,0],"ix":1},"s":{"a":1,"k":[{"i":{"x":[0.65,0.65,0.65],"y":[1,1,1]},"o":{"x":[0.35,0.35,0.35],"y":[0,0,0]},"t":5,"s":[100,100,100]},{"i":{"x":[0.676,0.676,0.676],"y":[1.075,0.481,1]},"o":{"x":[0.349,0.349,0.349],"y":[0,0,0]},"t":18,"s":[65,65,100]},{"i":{"x":[0.649,0.649,0.649],"y":[1,1,1]},"o":{"x":[0.326,0.326,0.326],"y":[0.066,0.479,0]},"t":24,"s":[-88.378,87.048,100]},{"i":{"x":[0.65,0.65,0.65],"y":[1,1,1]},"o":{"x":[0.35,0.35,0.35],"y":[0,0,0]},"t":31,"s":[115,115,100]},{"i":{"x":[0.65,0.65,0.65],"y":[1,1,1]},"o":{"x":[0.35,0.35,0.35],"y":[0,0,0]},"t":44,"s":[100,100,100]},{"i":{"x":[0.65,0.65,0.65],"y":[1,1,1]},"o":{"x":[0.35,0.35,0.35],"y":[0,0,0]},"t":80,"s":[100,100,100]},{"i":{"x":[0.676,0.676,0.676],"y":[1.075,0.481,1]},"o":{"x":[0.349,0.349,0.349],"y":[0,0,0]},"t":93,"s":[65,65,100]},{"i":{"x":[0.649,0.649,0.649],"y":[1,1,1]},"o":{"x":[0.326,0.326,0.326],"y":[0.066,0.479,0]},"t":99,"s":[-88.378,87.048,100]},{"i":{"x":[0.65,0.65,0.65],"y":[1,1,1]},"o":{"x":[0.35,0.35,0.35],"y":[0,0,0]},"t":106,"s":[115,115,100]},{"t":119.000004846969,"s":[100,100,100]}],"ix":6}},"ao":0,"shapes":[{"ty":"gr","it":[{"ty":"gr","it":[{"ind":0,"ty":"sh","ix":1,"ks":{"a":0,"k":{"i":[[0.167,0],[0.124,0.119],[1.254,-1.208],[0.245,0.253],[-0.253,0.244],[-1.74,-1.678],[0.243,-0.254]],"o":[[-0.159,0],[-1.254,-1.208],[-0.253,0.245],[-0.244,-0.254],[1.74,-1.678],[0.254,0.244],[-0.125,0.129]],"v":[[2.715,1.354],[2.272,1.175],[-2.272,1.175],[-3.173,1.159],[-3.156,0.258],[3.156,0.258],[3.173,1.159]],"c":true},"ix":2},"nm":"Path 1","mn":"ADBE Vector Shape - Group","hd":false},{"ty":"fl","c":{"a":0,"k":[0.250999987125,0.063000001013,0.286000013351,1],"ix":4},"o":{"a":0,"k":100,"ix":5},"r":1,"bm":0,"nm":"Fill 1","mn":"ADBE Vector Graphic - Fill","hd":false},{"ty":"tr","p":{"a":0,"k":[14.611,46.825],"ix":2},"a":{"a":0,"k":[0,0],"ix":1},"s":{"a":0,"k":[100,100],"ix":3},"r":{"a":0,"k":0,"ix":6},"o":{"a":0,"k":100,"ix":7},"sk":{"a":0,"k":0,"ix":4},"sa":{"a":0,"k":0,"ix":5},"nm":"Transform"}],"nm":"Group 9","np":2,"cix":2,"bm":0,"ix":1,"mn":"ADBE Vector Group","hd":false},{"ty":"tr","p":{"a":0,"k":[165.51,318.491],"ix":2},"a":{"a":0,"k":[14.611,47.001],"ix":1},"s":{"a":0,"k":[472.308,472.308],"ix":3},"r":{"a":0,"k":0,"ix":6},"o":{"a":0,"k":100,"ix":7},"sk":{"a":0,"k":0,"ix":4},"sa":{"a":0,"k":0,"ix":5},"nm":"Transform"}],"nm":"Layer 4/4.4 Outlines - Group 9","np":1,"cix":2,"bm":0,"ix":1,"mn":"ADBE Vector Group","hd":false,"cl":"4"},{"ty":"gr","it":[{"ty":"gr","it":[{"ty":"gr","it":[{"ind":0,"ty":"sh","ix":1,"ks":{"a":0,"k":{"i":[[0,-0.542],[0.541,0],[0,0.541],[-0.541,0]],"o":[[0,0.541],[-0.541,0],[0,-0.542],[0.541,0]],"v":[[0.98,0.001],[0,0.98],[-0.98,0.001],[0,-0.98]],"c":true},"ix":2},"nm":"Path 1","mn":"ADBE Vector Shape - Group","hd":false},{"ty":"fl","c":{"a":0,"k":[0.250999987125,0.063000001013,0.286000013351,1],"ix":4},"o":{"a":0,"k":100,"ix":5},"r":1,"bm":0,"nm":"Fill 1","mn":"ADBE Vector Graphic - Fill","hd":false},{"ty":"tr","p":{"a":0,"k":[11.897,41.72],"ix":2},"a":{"a":0,"k":[0,0],"ix":1},"s":{"a":0,"k":[100,100],"ix":3},"r":{"a":0,"k":0,"ix":6},"o":{"a":0,"k":100,"ix":7},"sk":{"a":0,"k":0,"ix":4},"sa":{"a":0,"k":0,"ix":5},"nm":"Transform"}],"nm":"Group 7","np":2,"cix":2,"bm":0,"ix":1,"mn":"ADBE Vector Group","hd":false},{"ty":"tr","p":{"a":0,"k":[152.692,293.547],"ix":2},"a":{"a":0,"k":[11.897,41.72],"ix":1},"s":{"a":0,"k":[472.308,472.308],"ix":3},"r":{"a":0,"k":0,"ix":6},"o":{"a":0,"k":100,"ix":7},"sk":{"a":0,"k":0,"ix":4},"sa":{"a":0,"k":0,"ix":5},"nm":"Transform"}],"nm":"Layer 4/4.4 Outlines - Group 7","np":1,"cix":2,"bm":0,"ix":1,"mn":"ADBE Vector Group","hd":false,"cl":"4"},{"ty":"gr","it":[{"ty":"gr","it":[{"ind":0,"ty":"sh","ix":1,"ks":{"a":0,"k":{"i":[[0,-0.542],[0.541,0],[0,0.541],[-0.541,0]],"o":[[0,0.541],[-0.541,0],[0,-0.542],[0.541,0]],"v":[[0.981,0.001],[0.001,0.98],[-0.981,0.001],[0.001,-0.98]],"c":true},"ix":2},"nm":"Path 1","mn":"ADBE Vector Shape - Group","hd":false},{"ty":"fl","c":{"a":0,"k":[0.250999987125,0.063000001013,0.286000013351,1],"ix":4},"o":{"a":0,"k":100,"ix":5},"r":1,"bm":0,"nm":"Fill 1","mn":"ADBE Vector Graphic - Fill","hd":false},{"ty":"tr","p":{"a":0,"k":[17.325,41.72],"ix":2},"a":{"a":0,"k":[0,0],"ix":1},"s":{"a":0,"k":[100,100],"ix":3},"r":{"a":0,"k":0,"ix":6},"o":{"a":0,"k":100,"ix":7},"sk":{"a":0,"k":0,"ix":4},"sa":{"a":0,"k":0,"ix":5},"nm":"Transform"}],"nm":"Group 8","np":2,"cix":2,"bm":0,"ix":1,"mn":"ADBE Vector Group","hd":false},{"ty":"tr","p":{"a":0,"k":[178.33,293.547],"ix":2},"a":{"a":0,"k":[17.325,41.72],"ix":1},"s":{"a":0,"k":[472.308,472.308],"ix":3},"r":{"a":0,"k":0,"ix":6},"o":{"a":0,"k":100,"ix":7},"sk":{"a":0,"k":0,"ix":4},"sa":{"a":0,"k":0,"ix":5},"nm":"Transform"}],"nm":"Layer 4/4.4 Outlines - Group 8","np":1,"cix":2,"bm":0,"ix":2,"mn":"ADBE Vector Group","hd":false,"cl":"4"},{"ty":"gr","it":[{"ty":"gr","it":[{"ind":0,"ty":"sh","ix":1,"ks":{"a":0,"k":{"i":[[3.972,0],[0,-3.972],[-3.973,0],[0,3.972]],"o":[[-3.973,0],[0,3.972],[3.972,0],[0,-3.972]],"v":[[0.001,-7.204],[-7.202,-0.001],[0.001,7.202],[7.202,-0.001]],"c":true},"ix":2},"nm":"Path 1","mn":"ADBE Vector Shape - Group","hd":false},{"ind":1,"ty":"sh","ix":2,"ks":{"a":0,"k":{"i":[[4.674,0],[0,4.674],[-4.675,0],[0,-4.675]],"o":[[-4.675,0],[0,-4.675],[4.674,0],[0,4.674]],"v":[[0.001,8.477],[-8.479,-0.001],[0.001,-8.477],[8.479,-0.001]],"c":true},"ix":2},"nm":"Path 2","mn":"ADBE Vector Shape - Group","hd":false},{"ty":"mm","mm":1,"nm":"Merge Paths 1","mn":"ADBE Vector Filter - Merge","hd":false},{"ty":"fl","c":{"a":0,"k":[0.250999987125,0.063000001013,0.286000013351,1],"ix":4},"o":{"a":0,"k":100,"ix":5},"r":1,"bm":0,"nm":"Fill 1","mn":"ADBE Vector Graphic - Fill","hd":false},{"ty":"tr","p":{"a":0,"k":[14.611,44.011],"ix":2},"a":{"a":0,"k":[0,0],"ix":1},"s":{"a":0,"k":[100,100],"ix":3},"r":{"a":0,"k":0,"ix":6},"o":{"a":0,"k":100,"ix":7},"sk":{"a":0,"k":0,"ix":4},"sa":{"a":0,"k":0,"ix":5},"nm":"Transform"}],"nm":"Group 10","np":4,"cix":2,"bm":0,"ix":1,"mn":"ADBE Vector Group","hd":false},{"ty":"tr","p":{"a":0,"k":[165.51,304.367],"ix":2},"a":{"a":0,"k":[14.611,44.011],"ix":1},"s":{"a":0,"k":[472.308,472.308],"ix":3},"r":{"a":0,"k":0,"ix":6},"o":{"a":0,"k":100,"ix":7},"sk":{"a":0,"k":0,"ix":4},"sa":{"a":0,"k":0,"ix":5},"nm":"Transform"}],"nm":"Layer 4/4.4 Outlines - Group 10","np":1,"cix":2,"bm":0,"ix":3,"mn":"ADBE Vector Group","hd":false,"cl":"4"},{"ty":"gr","it":[{"ty":"gr","it":[{"ind":0,"ty":"sh","ix":1,"ks":{"a":0,"k":{"i":[[0,-4.33],[-3.393,0],[0,4.33],[2.115,0]],"o":[[0,4.33],[2.084,0],[0,-4.33],[-3.393,0]],"v":[[-5.39,-0.001],[0.254,7.84],[5.39,-0.001],[0.254,-7.84]],"c":true},"ix":2},"nm":"Path 1","mn":"ADBE Vector Shape - Group","hd":false},{"ty":"fl","c":{"a":0,"k":[0.882000029087,0.446999996901,0.446999996901,1],"ix":4},"o":{"a":0,"k":100,"ix":5},"r":1,"bm":0,"nm":"Fill 1","mn":"ADBE Vector Graphic - Fill","hd":false},{"ty":"tr","p":{"a":0,"k":[14.358,44.011],"ix":2},"a":{"a":0,"k":[0,0],"ix":1},"s":{"a":0,"k":[100,100],"ix":3},"r":{"a":0,"k":0,"ix":6},"o":{"a":0,"k":100,"ix":7},"sk":{"a":0,"k":0,"ix":4},"sa":{"a":0,"k":0,"ix":5},"nm":"Transform"}],"nm":"Group 15","np":2,"cix":2,"bm":0,"ix":1,"mn":"ADBE Vector Group","hd":false},{"ty":"tr","p":{"a":0,"k":[164.314,304.368],"ix":2},"a":{"a":0,"k":[14.358,44.011],"ix":1},"s":{"a":0,"k":[472.308,472.308],"ix":3},"r":{"a":0,"k":0,"ix":6},"o":{"a":0,"k":100,"ix":7},"sk":{"a":0,"k":0,"ix":4},"sa":{"a":0,"k":0,"ix":5},"nm":"Transform"}],"nm":"Layer 4/4.4 Outlines - Group 15","np":1,"cix":2,"bm":0,"ix":4,"mn":"ADBE Vector Group","hd":false,"cl":"4"},{"ty":"gr","it":[{"ty":"gr","it":[{"ind":0,"ty":"sh","ix":1,"ks":{"a":0,"k":{"i":[[0,-4.33],[-4.33,0],[0,4.33],[2.115,0]],"o":[[0,4.33],[2.084,0],[0,-4.33],[-4.33,0]],"v":[[-6.489,-0.001],[1.352,7.84],[6.489,-0.001],[1.352,-7.84]],"c":true},"ix":2},"nm":"Path 1","mn":"ADBE Vector Shape - Group","hd":false},{"ty":"fl","c":{"a":0,"k":[1,1,1,1],"ix":4},"o":{"a":0,"k":100,"ix":5},"r":1,"bm":0,"nm":"Fill 1","mn":"ADBE Vector Graphic - Fill","hd":false},{"ty":"tr","p":{"a":0,"k":[13.26,44.011],"ix":2},"a":{"a":0,"k":[0,0],"ix":1},"s":{"a":0,"k":[100,100],"ix":3},"r":{"a":0,"k":0,"ix":6},"o":{"a":0,"k":100,"ix":7},"sk":{"a":0,"k":0,"ix":4},"sa":{"a":0,"k":0,"ix":5},"nm":"Transform"}],"nm":"Group 16","np":2,"cix":2,"bm":0,"ix":1,"mn":"ADBE Vector Group","hd":false},{"ty":"tr","p":{"a":0,"k":[159.127,304.368],"ix":2},"a":{"a":0,"k":[13.26,44.011],"ix":1},"s":{"a":0,"k":[472.308,472.308],"ix":3},"r":{"a":0,"k":0,"ix":6},"o":{"a":0,"k":100,"ix":7},"sk":{"a":0,"k":0,"ix":4},"sa":{"a":0,"k":0,"ix":5},"nm":"Transform"}],"nm":"Layer 4/4.4 Outlines - Group 16","np":1,"cix":2,"bm":0,"ix":5,"mn":"ADBE Vector Group","hd":false,"cl":"4"},{"ty":"gr","it":[{"ty":"gr","it":[{"ind":0,"ty":"sh","ix":1,"ks":{"a":0,"k":{"i":[[0,-4.33],[-4.33,0],[0,4.33],[4.33,0]],"o":[[0,4.33],[4.33,0],[0,-4.33],[-4.33,0]],"v":[[-7.84,-0.001],[0,7.84],[7.84,-0.001],[0,-7.84]],"c":true},"ix":2},"nm":"Path 1","mn":"ADBE Vector Shape - Group","hd":false},{"ty":"fl","c":{"a":0,"k":[0.773000001907,0.266999989748,0.266999989748,1],"ix":4},"o":{"a":0,"k":100,"ix":5},"r":1,"bm":0,"nm":"Fill 1","mn":"ADBE Vector Graphic - Fill","hd":false},{"ty":"tr","p":{"a":0,"k":[14.611,44.011],"ix":2},"a":{"a":0,"k":[0,0],"ix":1},"s":{"a":0,"k":[100,100],"ix":3},"r":{"a":0,"k":0,"ix":6},"o":{"a":0,"k":100,"ix":7},"sk":{"a":0,"k":0,"ix":4},"sa":{"a":0,"k":0,"ix":5},"nm":"Transform"}],"nm":"Group 17","np":2,"cix":2,"bm":0,"ix":1,"mn":"ADBE Vector Group","hd":false},{"ty":"tr","p":{"a":0,"k":[165.51,304.368],"ix":2},"a":{"a":0,"k":[14.611,44.011],"ix":1},"s":{"a":0,"k":[472.308,472.308],"ix":3},"r":{"a":0,"k":0,"ix":6},"o":{"a":0,"k":100,"ix":7},"sk":{"a":0,"k":0,"ix":4},"sa":{"a":0,"k":0,"ix":5},"nm":"Transform"}],"nm":"Layer 4/4.4 Outlines - Group 17","np":1,"cix":2,"bm":0,"ix":6,"mn":"ADBE Vector Group","hd":false,"cl":"4"},{"ty":"tr","p":{"a":0,"k":[165.51,304.367],"ix":2},"a":{"a":0,"k":[165.51,304.367],"ix":1},"s":{"a":0,"k":[100,100],"ix":3},"r":{"a":0,"k":0,"ix":6},"o":{"a":0,"k":100,"ix":7},"sk":{"a":0,"k":0,"ix":4},"sa":{"a":0,"k":0,"ix":5},"nm":"Transform"}],"nm":"Merged Shape Layer","np":6,"cix":2,"bm":0,"ix":2,"mn":"ADBE Vector Group","hd":false}],"ip":0,"op":150.000006109625,"st":0,"bm":0},{"ddd":0,"ind":21,"ty":4,"nm":"Merged Shape Layer","parent":22,"sr":1,"ks":{"o":{"a":0,"k":100,"ix":11},"r":{"a":0,"k":0,"ix":10},"p":{"a":0,"k":[165.51,207.161,0],"ix":2},"a":{"a":0,"k":[165.51,207.161,0],"ix":1},"s":{"a":1,"k":[{"i":{"x":[0.65,0.65,0.65],"y":[1,1,1]},"o":{"x":[0.35,0.35,0.35],"y":[0,0,0]},"t":0,"s":[100,100,100]},{"i":{"x":[0.676,0.676,0.676],"y":[1.075,0.481,1]},"o":{"x":[0.349,0.349,0.349],"y":[0,0,0]},"t":13,"s":[65,65,100]},{"i":{"x":[0.649,0.649,0.649],"y":[1,1,1]},"o":{"x":[0.326,0.326,0.326],"y":[0.066,0.479,0]},"t":19,"s":[-88.378,87.048,100]},{"i":{"x":[0.65,0.65,0.65],"y":[1,1,1]},"o":{"x":[0.35,0.35,0.35],"y":[0,0,0]},"t":26,"s":[115,115,100]},{"i":{"x":[0.65,0.65,0.65],"y":[1,1,1]},"o":{"x":[0.35,0.35,0.35],"y":[0,0,0]},"t":39,"s":[100,100,100]},{"i":{"x":[0.65,0.65,0.65],"y":[1,1,1]},"o":{"x":[0.35,0.35,0.35],"y":[0,0,0]},"t":75,"s":[100,100,100]},{"i":{"x":[0.676,0.676,0.676],"y":[1.075,0.481,1]},"o":{"x":[0.349,0.349,0.349],"y":[0,0,0]},"t":88,"s":[65,65,100]},{"i":{"x":[0.649,0.649,0.649],"y":[1,1,1]},"o":{"x":[0.326,0.326,0.326],"y":[0.066,0.479,0]},"t":94,"s":[-88.378,87.048,100]},{"i":{"x":[0.65,0.65,0.65],"y":[1,1,1]},"o":{"x":[0.35,0.35,0.35],"y":[0,0,0]},"t":101,"s":[115,115,100]},{"t":114.000004643315,"s":[100,100,100]}],"ix":6}},"ao":0,"shapes":[{"ty":"gr","it":[{"ty":"gr","it":[{"ind":0,"ty":"sh","ix":1,"ks":{"a":0,"k":{"i":[[1.468,0],[1.031,1.193],[-0.265,0.23],[-0.231,-0.267],[-1.094,0],[-0.784,0.908],[-0.266,-0.229],[0.229,-0.266]],"o":[[-1.469,0],[-0.229,-0.266],[0.266,-0.229],[0.784,0.908],[1.093,0],[0.232,-0.267],[0.266,0.23],[-1.031,1.193]],"v":[[0.001,1.488],[-3.875,-0.361],[-3.81,-1.259],[-2.91,-1.193],[0.001,0.215],[2.91,-1.193],[3.81,-1.259],[3.876,-0.361]],"c":true},"ix":2},"nm":"Path 1","mn":"ADBE Vector Shape - Group","hd":false},{"ty":"fl","c":{"a":0,"k":[0.250999987125,0.063000001013,0.286000013351,1],"ix":4},"o":{"a":0,"k":100,"ix":5},"r":1,"bm":0,"nm":"Fill 1","mn":"ADBE Vector Graphic - Fill","hd":false},{"ty":"tr","p":{"a":0,"k":[14.611,26.922],"ix":2},"a":{"a":0,"k":[0,0],"ix":1},"s":{"a":0,"k":[100,100],"ix":3},"r":{"a":0,"k":0,"ix":6},"o":{"a":0,"k":100,"ix":7},"sk":{"a":0,"k":0,"ix":4},"sa":{"a":0,"k":0,"ix":5},"nm":"Transform"}],"nm":"Group 13","np":2,"cix":2,"bm":0,"ix":1,"mn":"ADBE Vector Group","hd":false},{"ty":"tr","p":{"a":0,"k":[165.511,223.832],"ix":2},"a":{"a":0,"k":[14.611,26.96],"ix":1},"s":{"a":0,"k":[472.308,472.308],"ix":3},"r":{"a":0,"k":0,"ix":6},"o":{"a":0,"k":100,"ix":7},"sk":{"a":0,"k":0,"ix":4},"sa":{"a":0,"k":0,"ix":5},"nm":"Transform"}],"nm":"Layer 4/4.4 Outlines - Group 13","np":1,"cix":2,"bm":0,"ix":1,"mn":"ADBE Vector Group","hd":false,"cl":"4"},{"ty":"gr","it":[{"ty":"gr","it":[{"ty":"gr","it":[{"ind":0,"ty":"sh","ix":1,"ks":{"a":0,"k":{"i":[[0,-0.541],[0.541,0],[0,0.542],[-0.541,0]],"o":[[0,0.542],[-0.541,0],[0,-0.541],[0.541,0]],"v":[[0.98,-0.001],[0,0.98],[-0.98,-0.001],[0,-0.98]],"c":true},"ix":2},"nm":"Path 1","mn":"ADBE Vector Shape - Group","hd":false},{"ty":"fl","c":{"a":0,"k":[0.250999987125,0.063000001013,0.286000013351,1],"ix":4},"o":{"a":0,"k":100,"ix":5},"r":1,"bm":0,"nm":"Fill 1","mn":"ADBE Vector Graphic - Fill","hd":false},{"ty":"tr","p":{"a":0,"k":[11.897,21.139],"ix":2},"a":{"a":0,"k":[0,0],"ix":1},"s":{"a":0,"k":[100,100],"ix":3},"r":{"a":0,"k":0,"ix":6},"o":{"a":0,"k":100,"ix":7},"sk":{"a":0,"k":0,"ix":4},"sa":{"a":0,"k":0,"ix":5},"nm":"Transform"}],"nm":"Group 11","np":2,"cix":2,"bm":0,"ix":1,"mn":"ADBE Vector Group","hd":false},{"ty":"tr","p":{"a":0,"k":[152.692,196.341],"ix":2},"a":{"a":0,"k":[11.897,21.139],"ix":1},"s":{"a":0,"k":[472.308,472.308],"ix":3},"r":{"a":0,"k":0,"ix":6},"o":{"a":0,"k":100,"ix":7},"sk":{"a":0,"k":0,"ix":4},"sa":{"a":0,"k":0,"ix":5},"nm":"Transform"}],"nm":"Layer 4/4.4 Outlines - Group 11","np":1,"cix":2,"bm":0,"ix":1,"mn":"ADBE Vector Group","hd":false,"cl":"4"},{"ty":"gr","it":[{"ty":"gr","it":[{"ind":0,"ty":"sh","ix":1,"ks":{"a":0,"k":{"i":[[0,-0.541],[0.541,0],[0,0.542],[-0.541,0]],"o":[[0,0.542],[-0.541,0],[0,-0.541],[0.541,0]],"v":[[0.981,-0.001],[0.001,0.98],[-0.981,-0.001],[0.001,-0.98]],"c":true},"ix":2},"nm":"Path 1","mn":"ADBE Vector Shape - Group","hd":false},{"ty":"fl","c":{"a":0,"k":[0.250999987125,0.063000001013,0.286000013351,1],"ix":4},"o":{"a":0,"k":100,"ix":5},"r":1,"bm":0,"nm":"Fill 1","mn":"ADBE Vector Graphic - Fill","hd":false},{"ty":"tr","p":{"a":0,"k":[17.325,21.139],"ix":2},"a":{"a":0,"k":[0,0],"ix":1},"s":{"a":0,"k":[100,100],"ix":3},"r":{"a":0,"k":0,"ix":6},"o":{"a":0,"k":100,"ix":7},"sk":{"a":0,"k":0,"ix":4},"sa":{"a":0,"k":0,"ix":5},"nm":"Transform"}],"nm":"Group 12","np":2,"cix":2,"bm":0,"ix":1,"mn":"ADBE Vector Group","hd":false},{"ty":"tr","p":{"a":0,"k":[178.33,196.341],"ix":2},"a":{"a":0,"k":[17.325,21.139],"ix":1},"s":{"a":0,"k":[472.308,472.308],"ix":3},"r":{"a":0,"k":0,"ix":6},"o":{"a":0,"k":100,"ix":7},"sk":{"a":0,"k":0,"ix":4},"sa":{"a":0,"k":0,"ix":5},"nm":"Transform"}],"nm":"Layer 4/4.4 Outlines - Group 12","np":1,"cix":2,"bm":0,"ix":2,"mn":"ADBE Vector Group","hd":false,"cl":"4"},{"ty":"gr","it":[{"ty":"gr","it":[{"ind":0,"ty":"sh","ix":1,"ks":{"a":0,"k":{"i":[[3.972,0],[0,-3.972],[-3.973,0],[0,3.972]],"o":[[-3.973,0],[0,3.972],[3.972,0],[0,-3.972]],"v":[[0.001,-7.204],[-7.202,-0.001],[0.001,7.202],[7.202,-0.001]],"c":true},"ix":2},"nm":"Path 1","mn":"ADBE Vector Shape - Group","hd":false},{"ind":1,"ty":"sh","ix":2,"ks":{"a":0,"k":{"i":[[4.674,0],[0,4.674],[-4.675,0],[0,-4.675]],"o":[[-4.675,0],[0,-4.675],[4.674,0],[0,4.674]],"v":[[0.001,8.477],[-8.479,-0.001],[0.001,-8.477],[8.479,-0.001]],"c":true},"ix":2},"nm":"Path 2","mn":"ADBE Vector Shape - Group","hd":false},{"ty":"mm","mm":1,"nm":"Merge Paths 1","mn":"ADBE Vector Filter - Merge","hd":false},{"ty":"fl","c":{"a":0,"k":[0.250999987125,0.063000001013,0.286000013351,1],"ix":4},"o":{"a":0,"k":100,"ix":5},"r":1,"bm":0,"nm":"Fill 1","mn":"ADBE Vector Graphic - Fill","hd":false},{"ty":"tr","p":{"a":0,"k":[14.611,23.43],"ix":2},"a":{"a":0,"k":[0,0],"ix":1},"s":{"a":0,"k":[100,100],"ix":3},"r":{"a":0,"k":0,"ix":6},"o":{"a":0,"k":100,"ix":7},"sk":{"a":0,"k":0,"ix":4},"sa":{"a":0,"k":0,"ix":5},"nm":"Transform"}],"nm":"Group 14","np":4,"cix":2,"bm":0,"ix":1,"mn":"ADBE Vector Group","hd":false},{"ty":"tr","p":{"a":0,"k":[165.51,207.161],"ix":2},"a":{"a":0,"k":[14.611,23.43],"ix":1},"s":{"a":0,"k":[472.308,472.308],"ix":3},"r":{"a":0,"k":0,"ix":6},"o":{"a":0,"k":100,"ix":7},"sk":{"a":0,"k":0,"ix":4},"sa":{"a":0,"k":0,"ix":5},"nm":"Transform"}],"nm":"Layer 4/4.4 Outlines - Group 14","np":1,"cix":2,"bm":0,"ix":3,"mn":"ADBE Vector Group","hd":false,"cl":"4"},{"ty":"gr","it":[{"ty":"gr","it":[{"ind":0,"ty":"sh","ix":1,"ks":{"a":0,"k":{"i":[[0,-4.33],[-3.393,0],[0,4.33],[2.115,0]],"o":[[0,4.33],[2.084,0],[0,-4.33],[-3.393,0]],"v":[[-5.39,0.001],[0.254,7.84],[5.39,0.001],[0.254,-7.84]],"c":true},"ix":2},"nm":"Path 1","mn":"ADBE Vector Shape - Group","hd":false},{"ty":"fl","c":{"a":0,"k":[0.885999977589,1,0.524999976158,1],"ix":4},"o":{"a":0,"k":100,"ix":5},"r":1,"bm":0,"nm":"Fill 1","mn":"ADBE Vector Graphic - Fill","hd":false},{"ty":"tr","p":{"a":0,"k":[14.358,23.429],"ix":2},"a":{"a":0,"k":[0,0],"ix":1},"s":{"a":0,"k":[100,100],"ix":3},"r":{"a":0,"k":0,"ix":6},"o":{"a":0,"k":100,"ix":7},"sk":{"a":0,"k":0,"ix":4},"sa":{"a":0,"k":0,"ix":5},"nm":"Transform"}],"nm":"Group 18","np":2,"cix":2,"bm":0,"ix":1,"mn":"ADBE Vector Group","hd":false},{"ty":"tr","p":{"a":0,"k":[164.314,207.157],"ix":2},"a":{"a":0,"k":[14.358,23.429],"ix":1},"s":{"a":0,"k":[472.308,472.308],"ix":3},"r":{"a":0,"k":0,"ix":6},"o":{"a":0,"k":100,"ix":7},"sk":{"a":0,"k":0,"ix":4},"sa":{"a":0,"k":0,"ix":5},"nm":"Transform"}],"nm":"Layer 4/4.4 Outlines - Group 18","np":1,"cix":2,"bm":0,"ix":4,"mn":"ADBE Vector Group","hd":false,"cl":"4"},{"ty":"gr","it":[{"ty":"gr","it":[{"ind":0,"ty":"sh","ix":1,"ks":{"a":0,"k":{"i":[[0,-4.33],[-4.33,0],[0,4.33],[2.115,0]],"o":[[0,4.33],[2.084,0],[0,-4.33],[-4.33,0]],"v":[[-6.489,0.001],[1.352,7.84],[6.489,0.001],[1.352,-7.84]],"c":true},"ix":2},"nm":"Path 1","mn":"ADBE Vector Shape - Group","hd":false},{"ty":"fl","c":{"a":0,"k":[1,1,1,1],"ix":4},"o":{"a":0,"k":100,"ix":5},"r":1,"bm":0,"nm":"Fill 1","mn":"ADBE Vector Graphic - Fill","hd":false},{"ty":"tr","p":{"a":0,"k":[13.26,23.429],"ix":2},"a":{"a":0,"k":[0,0],"ix":1},"s":{"a":0,"k":[100,100],"ix":3},"r":{"a":0,"k":0,"ix":6},"o":{"a":0,"k":100,"ix":7},"sk":{"a":0,"k":0,"ix":4},"sa":{"a":0,"k":0,"ix":5},"nm":"Transform"}],"nm":"Group 19","np":2,"cix":2,"bm":0,"ix":1,"mn":"ADBE Vector Group","hd":false},{"ty":"tr","p":{"a":0,"k":[159.127,207.157],"ix":2},"a":{"a":0,"k":[13.26,23.429],"ix":1},"s":{"a":0,"k":[472.308,472.308],"ix":3},"r":{"a":0,"k":0,"ix":6},"o":{"a":0,"k":100,"ix":7},"sk":{"a":0,"k":0,"ix":4},"sa":{"a":0,"k":0,"ix":5},"nm":"Transform"}],"nm":"Layer 4/4.4 Outlines - Group 19","np":1,"cix":2,"bm":0,"ix":5,"mn":"ADBE Vector Group","hd":false,"cl":"4"},{"ty":"gr","it":[{"ty":"gr","it":[{"ind":0,"ty":"sh","ix":1,"ks":{"a":0,"k":{"i":[[0,-4.33],[-4.33,0],[0,4.33],[4.33,0]],"o":[[0,4.33],[4.33,0],[0,-4.33],[-4.33,0]],"v":[[-7.84,0.001],[0,7.84],[7.84,0.001],[0,-7.84]],"c":true},"ix":2},"nm":"Path 1","mn":"ADBE Vector Shape - Group","hd":false},{"ty":"fl","c":{"a":0,"k":[0.725000023842,0.838999986649,0.375999987125,1],"ix":4},"o":{"a":0,"k":100,"ix":5},"r":1,"bm":0,"nm":"Fill 1","mn":"ADBE Vector Graphic - Fill","hd":false},{"ty":"tr","p":{"a":0,"k":[14.611,23.429],"ix":2},"a":{"a":0,"k":[0,0],"ix":1},"s":{"a":0,"k":[100,100],"ix":3},"r":{"a":0,"k":0,"ix":6},"o":{"a":0,"k":100,"ix":7},"sk":{"a":0,"k":0,"ix":4},"sa":{"a":0,"k":0,"ix":5},"nm":"Transform"}],"nm":"Group 20","np":2,"cix":2,"bm":0,"ix":1,"mn":"ADBE Vector Group","hd":false},{"ty":"tr","p":{"a":0,"k":[165.51,207.157],"ix":2},"a":{"a":0,"k":[14.611,23.429],"ix":1},"s":{"a":0,"k":[472.308,472.308],"ix":3},"r":{"a":0,"k":0,"ix":6},"o":{"a":0,"k":100,"ix":7},"sk":{"a":0,"k":0,"ix":4},"sa":{"a":0,"k":0,"ix":5},"nm":"Transform"}],"nm":"Layer 4/4.4 Outlines - Group 20","np":1,"cix":2,"bm":0,"ix":6,"mn":"ADBE Vector Group","hd":false,"cl":"4"},{"ty":"tr","p":{"a":0,"k":[165.51,207.161],"ix":2},"a":{"a":0,"k":[165.51,207.161],"ix":1},"s":{"a":0,"k":[100,100],"ix":3},"r":{"a":0,"k":0,"ix":6},"o":{"a":0,"k":100,"ix":7},"sk":{"a":0,"k":0,"ix":4},"sa":{"a":0,"k":0,"ix":5},"nm":"Transform"}],"nm":"Merged Shape Layer","np":6,"cix":2,"bm":0,"ix":2,"mn":"ADBE Vector Group","hd":false}],"ip":0,"op":150.000006109625,"st":0,"bm":0},{"ddd":0,"ind":22,"ty":4,"nm":"Merged Shape Layer","sr":1,"ks":{"o":{"a":0,"k":100,"ix":11},"r":{"a":1,"k":[{"i":{"x":[0.62],"y":[1]},"o":{"x":[0.38],"y":[0]},"t":39,"s":[0]},{"i":{"x":[0.62],"y":[1]},"o":{"x":[0.38],"y":[0]},"t":48,"s":[3]},{"i":{"x":[0.62],"y":[1]},"o":{"x":[0.38],"y":[0]},"t":57,"s":[-3]},{"i":{"x":[0.62],"y":[1]},"o":{"x":[0.38],"y":[0]},"t":66,"s":[3]},{"i":{"x":[0.833],"y":[1]},"o":{"x":[0.38],"y":[0]},"t":75,"s":[0]},{"i":{"x":[0.62],"y":[1]},"o":{"x":[0.38],"y":[0]},"t":114,"s":[0]},{"i":{"x":[0.62],"y":[1]},"o":{"x":[0.38],"y":[0]},"t":123,"s":[3]},{"i":{"x":[0.62],"y":[1]},"o":{"x":[0.38],"y":[0]},"t":132,"s":[-3]},{"i":{"x":[0.62],"y":[1]},"o":{"x":[0.38],"y":[0]},"t":141,"s":[3]},{"t":150.000006109625,"s":[0]}],"ix":10},"p":{"a":0,"k":[145.821,396.948,0],"ix":2},"a":{"a":0,"k":[145.821,396.948,0],"ix":1},"s":{"a":1,"k":[{"i":{"x":[0.62,0.62,0.62],"y":[1,1,1]},"o":{"x":[0.38,0.38,0.38],"y":[0,0,0]},"t":0,"s":[100,100,100]},{"i":{"x":[0.62,0.62,0.62],"y":[1,1,1]},"o":{"x":[0.38,0.38,0.38],"y":[0,0,0]},"t":13,"s":[80,80,100]},{"i":{"x":[0.62,0.62,0.62],"y":[1,1,1]},"o":{"x":[0.38,0.38,0.38],"y":[0,0,0]},"t":26,"s":[120,120,100]},{"i":{"x":[0.62,0.62,0.62],"y":[1,1,1]},"o":{"x":[0.38,0.38,0.38],"y":[0,0,0]},"t":39,"s":[100,100,100]},{"i":{"x":[0.62,0.62,0.62],"y":[1,1,1]},"o":{"x":[0.38,0.38,0.38],"y":[0,0,0]},"t":75,"s":[100,100,100]},{"i":{"x":[0.62,0.62,0.62],"y":[1,1,1]},"o":{"x":[0.38,0.38,0.38],"y":[0,0,0]},"t":88,"s":[80,80,100]},{"i":{"x":[0.62,0.62,0.62],"y":[1,1,1]},"o":{"x":[0.38,0.38,0.38],"y":[0,0,0]},"t":101,"s":[120,120,100]},{"t":114.000004643315,"s":[100,100,100]}],"ix":6}},"ao":0,"shapes":[{"ty":"gr","it":[{"ty":"gr","it":[{"ind":0,"ty":"sh","ix":1,"ks":{"a":0,"k":{"i":[[0.353,0],[0,0.353],[0,0],[0,0],[0,0],[0.352,0],[0,0.352],[0,0],[-0.352,0],[0,0],[0,-0.351],[0,0]],"o":[[-0.352,0],[0,0],[0,0],[0,0],[0,0.352],[-0.352,0],[0,0],[0,-0.351],[0,0],[0.353,0],[0,0],[0,0.353]],"v":[[31.362,21.218],[30.725,20.58],[30.725,-19.943],[-30.726,-19.943],[-30.726,-8.819],[-31.363,-8.181],[-32,-8.819],[-32,-20.581],[-31.363,-21.218],[31.362,-21.218],[32,-20.581],[32,20.58]],"c":true},"ix":2},"nm":"Path 1","mn":"ADBE Vector Shape - Group","hd":false},{"ty":"fl","c":{"a":0,"k":[0.250999987125,0.063000001013,0.286000013351,1],"ix":4},"o":{"a":0,"k":100,"ix":5},"r":1,"bm":0,"nm":"Fill 1","mn":"ADBE Vector Graphic - Fill","hd":false},{"ty":"tr","p":{"a":0,"k":[32.251,31.268],"ix":2},"a":{"a":0,"k":[0,0],"ix":1},"s":{"a":0,"k":[100,100],"ix":3},"r":{"a":0,"k":0,"ix":6},"o":{"a":0,"k":100,"ix":7},"sk":{"a":0,"k":0,"ix":4},"sa":{"a":0,"k":0,"ix":5},"nm":"Transform"}],"nm":"Group 34","np":2,"cix":2,"bm":0,"ix":1,"mn":"ADBE Vector Group","hd":false},{"ty":"tr","p":{"a":0,"k":[248.822,244.182],"ix":2},"a":{"a":0,"k":[32.251,31.268],"ix":1},"s":{"a":0,"k":[472.308,472.308],"ix":3},"r":{"a":0,"k":0,"ix":6},"o":{"a":0,"k":100,"ix":7},"sk":{"a":0,"k":0,"ix":4},"sa":{"a":0,"k":0,"ix":5},"nm":"Transform"}],"nm":"Layer 4/4.4 Outlines - Group 34","np":1,"cix":2,"bm":0,"ix":1,"mn":"ADBE Vector Group","hd":false,"cl":"4"},{"ty":"gr","it":[{"ty":"gr","it":[{"ind":0,"ty":"sh","ix":1,"ks":{"a":0,"k":{"i":[[0.352,0],[0,0.352],[0,0],[-0.353,0],[0,-0.352],[0,0]],"o":[[-0.353,0],[0,0],[0,-0.352],[0.352,0],[0,0],[0,0.352]],"v":[[0.001,2.598],[-0.637,1.96],[-0.637,-1.96],[0.001,-2.598],[0.637,-1.96],[0.637,1.96]],"c":true},"ix":2},"nm":"Path 1","mn":"ADBE Vector Shape - Group","hd":false},{"ty":"fl","c":{"a":0,"k":[0.250999987125,0.063000001013,0.286000013351,1],"ix":4},"o":{"a":0,"k":100,"ix":5},"r":1,"bm":0,"nm":"Fill 1","mn":"ADBE Vector Graphic - Fill","hd":false},{"ty":"tr","p":{"a":0,"k":[0.887,28.33],"ix":2},"a":{"a":0,"k":[0,0],"ix":1},"s":{"a":0,"k":[100,100],"ix":3},"r":{"a":0,"k":0,"ix":6},"o":{"a":0,"k":100,"ix":7},"sk":{"a":0,"k":0,"ix":4},"sa":{"a":0,"k":0,"ix":5},"nm":"Transform"}],"nm":"Group 35","np":2,"cix":2,"bm":0,"ix":1,"mn":"ADBE Vector Group","hd":false},{"ty":"tr","p":{"a":0,"k":[100.692,230.305],"ix":2},"a":{"a":0,"k":[0.887,28.33],"ix":1},"s":{"a":0,"k":[472.308,472.308],"ix":3},"r":{"a":0,"k":0,"ix":6},"o":{"a":0,"k":100,"ix":7},"sk":{"a":0,"k":0,"ix":4},"sa":{"a":0,"k":0,"ix":5},"nm":"Transform"}],"nm":"Layer 4/4.4 Outlines - Group 35","np":1,"cix":2,"bm":0,"ix":2,"mn":"ADBE Vector Group","hd":false,"cl":"4"},{"ty":"gr","it":[{"ty":"gr","it":[{"ind":0,"ty":"sh","ix":1,"ks":{"a":0,"k":{"i":[[0.104,0],[0.1,0.061],[0,0.225],[0,0],[0,0],[0,0.352],[0,0],[-0.352,0],[0,-0.353],[0,0],[0,0],[0,-0.352],[0,0],[0,0],[-0.104,0],[0,0],[0,-0.352],[0.352,0],[0,0],[0,0]],"o":[[-0.113,0],[-0.193,-0.116],[0,0],[0,0],[-0.352,0],[0,0],[0,-0.353],[0.352,0],[0,0],[0,0],[0.353,0],[0,0],[0,0],[0.092,-0.05],[0,0],[0.352,0],[0,0.352],[0,0],[0,0],[-0.094,0.051]],"v":[[-21.561,15.338],[-21.888,15.247],[-22.198,14.7],[-22.199,7.496],[-31.363,7.496],[-32,6.859],[-32,-14.7],[-31.363,-15.338],[-30.726,-14.7],[-30.726,6.222],[-21.562,6.222],[-20.924,6.859],[-20.924,13.639],[-7.159,6.297],[-6.859,6.222],[31.362,6.222],[32,6.859],[31.362,7.496],[-6.7,7.496],[-21.261,15.263]],"c":true},"ix":2},"nm":"Path 1","mn":"ADBE Vector Shape - Group","hd":false},{"ty":"fl","c":{"a":0,"k":[0.250999987125,0.063000001013,0.286000013351,1],"ix":4},"o":{"a":0,"k":100,"ix":5},"r":1,"bm":0,"nm":"Fill 1","mn":"ADBE Vector Graphic - Fill","hd":false},{"ty":"tr","p":{"a":0,"k":[32.251,48.91],"ix":2},"a":{"a":0,"k":[0,0],"ix":1},"s":{"a":0,"k":[100,100],"ix":3},"r":{"a":0,"k":0,"ix":6},"o":{"a":0,"k":100,"ix":7},"sk":{"a":0,"k":0,"ix":4},"sa":{"a":0,"k":0,"ix":5},"nm":"Transform"}],"nm":"Group 36","np":2,"cix":2,"bm":0,"ix":1,"mn":"ADBE Vector Group","hd":false},{"ty":"tr","p":{"a":0,"k":[248.823,327.505],"ix":2},"a":{"a":0,"k":[32.251,48.91],"ix":1},"s":{"a":0,"k":[472.308,472.308],"ix":3},"r":{"a":0,"k":0,"ix":6},"o":{"a":0,"k":100,"ix":7},"sk":{"a":0,"k":0,"ix":4},"sa":{"a":0,"k":0,"ix":5},"nm":"Transform"}],"nm":"Layer 4/4.4 Outlines - Group 36","np":1,"cix":2,"bm":0,"ix":3,"mn":"ADBE Vector Group","hd":false,"cl":"4"},{"ty":"gr","it":[{"ty":"gr","it":[{"ind":0,"ty":"sh","ix":1,"ks":{"a":0,"k":{"i":[[0,0],[0,0],[0,0],[0,0],[0,0],[0,0],[0,0]],"o":[[0,0],[0,0],[0,0],[0,0],[0,0],[0,0],[0,0]],"v":[[26.463,-26.462],[-26.463,-26.462],[-26.463,18.62],[-20.58,18.62],[-20.58,26.462],[-5.878,18.62],[26.463,18.62]],"c":true},"ix":2},"nm":"Path 1","mn":"ADBE Vector Shape - Group","hd":false},{"ty":"fl","c":{"a":0,"k":[0.96899998188,0.889999985695,0.493999987841,1],"ix":4},"o":{"a":0,"k":100,"ix":5},"r":1,"bm":0,"nm":"Fill 1","mn":"ADBE Vector Graphic - Fill","hd":false},{"ty":"tr","p":{"a":0,"k":[31.27,37.15],"ix":2},"a":{"a":0,"k":[0,0],"ix":1},"s":{"a":0,"k":[100,100],"ix":3},"r":{"a":0,"k":0,"ix":6},"o":{"a":0,"k":100,"ix":7},"sk":{"a":0,"k":0,"ix":4},"sa":{"a":0,"k":0,"ix":5},"nm":"Transform"}],"nm":"Group 37","np":2,"cix":2,"bm":0,"ix":1,"mn":"ADBE Vector Group","hd":false},{"ty":"tr","p":{"a":0,"k":[244.192,271.961],"ix":2},"a":{"a":0,"k":[31.27,37.15],"ix":1},"s":{"a":0,"k":[472.308,472.308],"ix":3},"r":{"a":0,"k":0,"ix":6},"o":{"a":0,"k":100,"ix":7},"sk":{"a":0,"k":0,"ix":4},"sa":{"a":0,"k":0,"ix":5},"nm":"Transform"}],"nm":"Layer 4/4.4 Outlines - Group 37","np":1,"cix":2,"bm":0,"ix":4,"mn":"ADBE Vector Group","hd":false,"cl":"4"},{"ty":"gr","it":[{"ty":"gr","it":[{"ind":0,"ty":"sh","ix":1,"ks":{"a":0,"k":{"i":[[0,0],[0,0],[0,0],[0,0],[0,0],[0,0],[0,0]],"o":[[0,0],[0,0],[0,0],[0,0],[0,0],[0,0],[0,0]],"v":[[28.423,-26.462],[-28.423,-26.462],[-28.423,18.62],[-18.62,18.62],[-18.62,26.462],[-3.919,18.62],[28.423,18.62]],"c":true},"ix":2},"nm":"Path 1","mn":"ADBE Vector Shape - Group","hd":false},{"ty":"fl","c":{"a":0,"k":[1,1,1,1],"ix":4},"o":{"a":0,"k":100,"ix":5},"r":1,"bm":0,"nm":"Fill 1","mn":"ADBE Vector Graphic - Fill","hd":false},{"ty":"tr","p":{"a":0,"k":[29.31,37.15],"ix":2},"a":{"a":0,"k":[0,0],"ix":1},"s":{"a":0,"k":[100,100],"ix":3},"r":{"a":0,"k":0,"ix":6},"o":{"a":0,"k":100,"ix":7},"sk":{"a":0,"k":0,"ix":4},"sa":{"a":0,"k":0,"ix":5},"nm":"Transform"}],"nm":"Group 38","np":2,"cix":2,"bm":0,"ix":1,"mn":"ADBE Vector Group","hd":false},{"ty":"tr","p":{"a":0,"k":[234.935,271.961],"ix":2},"a":{"a":0,"k":[29.31,37.15],"ix":1},"s":{"a":0,"k":[472.308,472.308],"ix":3},"r":{"a":0,"k":0,"ix":6},"o":{"a":0,"k":100,"ix":7},"sk":{"a":0,"k":0,"ix":4},"sa":{"a":0,"k":0,"ix":5},"nm":"Transform"}],"nm":"Layer 4/4.4 Outlines - Group 38","np":1,"cix":2,"bm":0,"ix":5,"mn":"ADBE Vector Group","hd":false,"cl":"4"},{"ty":"gr","it":[{"ty":"gr","it":[{"ind":0,"ty":"sh","ix":1,"ks":{"a":0,"k":{"i":[[0,0],[0,0],[0,0],[0,0],[0,0],[0,0],[0,0]],"o":[[0,0],[0,0],[0,0],[0,0],[0,0],[0,0],[0,0]],"v":[[30.873,-26.462],[-30.873,-26.462],[-30.873,18.62],[-22.051,18.62],[-22.051,26.462],[-7.349,18.62],[30.873,18.62]],"c":true},"ix":2},"nm":"Path 1","mn":"ADBE Vector Shape - Group","hd":false},{"ty":"fl","c":{"a":0,"k":[0.944999992847,0.808000028133,0.203999996185,1],"ix":4},"o":{"a":0,"k":100,"ix":5},"r":1,"bm":0,"nm":"Fill 1","mn":"ADBE Vector Graphic - Fill","hd":false},{"ty":"tr","p":{"a":0,"k":[32.741,37.15],"ix":2},"a":{"a":0,"k":[0,0],"ix":1},"s":{"a":0,"k":[100,100],"ix":3},"r":{"a":0,"k":0,"ix":6},"o":{"a":0,"k":100,"ix":7},"sk":{"a":0,"k":0,"ix":4},"sa":{"a":0,"k":0,"ix":5},"nm":"Transform"}],"nm":"Group 39","np":2,"cix":2,"bm":0,"ix":1,"mn":"ADBE Vector Group","hd":false},{"ty":"tr","p":{"a":0,"k":[251.136,271.961],"ix":2},"a":{"a":0,"k":[32.741,37.15],"ix":1},"s":{"a":0,"k":[472.308,472.308],"ix":3},"r":{"a":0,"k":0,"ix":6},"o":{"a":0,"k":100,"ix":7},"sk":{"a":0,"k":0,"ix":4},"sa":{"a":0,"k":0,"ix":5},"nm":"Transform"}],"nm":"Layer 4/4.4 Outlines - Group 39","np":1,"cix":2,"bm":0,"ix":6,"mn":"ADBE Vector Group","hd":false,"cl":"4"},{"ty":"gr","it":[{"ty":"gr","it":[{"ind":0,"ty":"sh","ix":1,"ks":{"a":0,"k":{"i":[[0.353,0],[0,0],[0,0.353],[0,0],[-0.352,0],[0,0],[0,-0.352],[0.352,0],[0,0],[0,0],[0,0],[0,0],[0,0],[0,0.352],[-0.353,0],[0,0],[0,-0.352],[0,0]],"o":[[0,0],[-0.352,0],[0,0],[0,-0.352],[0,0],[0.352,0],[0,0.352],[0,0],[0,0],[0,0],[0,0],[0,0],[-0.353,0],[0,-0.352],[0,0],[0.353,0],[0,0],[0,0.353]],"v":[[31.361,5.538],[-31.362,5.538],[-31.999,4.9],[-31.999,-4.9],[-31.362,-5.538],[-9.8,-5.538],[-9.162,-4.9],[-9.8,-4.264],[-30.725,-4.264],[-30.725,4.264],[30.724,4.264],[30.724,-4.264],[-5.879,-4.264],[-6.517,-4.9],[-5.879,-5.538],[31.361,-5.538],[31.999,-4.9],[31.999,4.9]],"c":true},"ix":2},"nm":"Path 1","mn":"ADBE Vector Shape - Group","hd":false},{"ty":"fl","c":{"a":0,"k":[0.250999987125,0.063000001013,0.286000013351,1],"ix":4},"o":{"a":0,"k":100,"ix":5},"r":1,"bm":0,"nm":"Fill 1","mn":"ADBE Vector Graphic - Fill","hd":false},{"ty":"tr","p":{"a":0,"k":[32.252,5.788],"ix":2},"a":{"a":0,"k":[0,0],"ix":1},"s":{"a":0,"k":[100,100],"ix":3},"r":{"a":0,"k":0,"ix":6},"o":{"a":0,"k":100,"ix":7},"sk":{"a":0,"k":0,"ix":4},"sa":{"a":0,"k":0,"ix":5},"nm":"Transform"}],"nm":"Group 43","np":2,"cix":2,"bm":0,"ix":1,"mn":"ADBE Vector Group","hd":false},{"ty":"tr","p":{"a":0,"k":[248.827,123.835],"ix":2},"a":{"a":0,"k":[32.252,5.788],"ix":1},"s":{"a":0,"k":[472.308,472.308],"ix":3},"r":{"a":0,"k":0,"ix":6},"o":{"a":0,"k":100,"ix":7},"sk":{"a":0,"k":0,"ix":4},"sa":{"a":0,"k":0,"ix":5},"nm":"Transform"}],"nm":"Layer 4/4.4 Outlines - Group 43","np":1,"cix":2,"bm":0,"ix":7,"mn":"ADBE Vector Group","hd":false,"cl":"4"},{"ty":"gr","it":[{"ty":"gr","it":[{"ind":0,"ty":"sh","ix":1,"ks":{"a":0,"k":{"i":[[0,0],[0,0],[0,0],[0,0]],"o":[[0,0],[0,0],[0,0],[0,0]],"v":[[29.402,4.9],[-29.402,4.9],[-29.402,-4.9],[29.402,-4.9]],"c":true},"ix":2},"nm":"Path 1","mn":"ADBE Vector Shape - Group","hd":false},{"ty":"fl","c":{"a":0,"k":[0.882000029087,0.902000010014,0.917999982834,1],"ix":4},"o":{"a":0,"k":100,"ix":5},"r":1,"bm":0,"nm":"Fill 1","mn":"ADBE Vector Graphic - Fill","hd":false},{"ty":"tr","p":{"a":0,"k":[34.212,5.788],"ix":2},"a":{"a":0,"k":[0,0],"ix":1},"s":{"a":0,"k":[100,100],"ix":3},"r":{"a":0,"k":0,"ix":6},"o":{"a":0,"k":100,"ix":7},"sk":{"a":0,"k":0,"ix":4},"sa":{"a":0,"k":0,"ix":5},"nm":"Transform"}],"nm":"Group 44","np":2,"cix":2,"bm":0,"ix":1,"mn":"ADBE Vector Group","hd":false},{"ty":"tr","p":{"a":0,"k":[258.086,123.835],"ix":2},"a":{"a":0,"k":[34.212,5.788],"ix":1},"s":{"a":0,"k":[472.308,472.308],"ix":3},"r":{"a":0,"k":0,"ix":6},"o":{"a":0,"k":100,"ix":7},"sk":{"a":0,"k":0,"ix":4},"sa":{"a":0,"k":0,"ix":5},"nm":"Transform"}],"nm":"Layer 4/4.4 Outlines - Group 44","np":1,"cix":2,"bm":0,"ix":8,"mn":"ADBE Vector Group","hd":false,"cl":"4"},{"ty":"gr","it":[{"ty":"gr","it":[{"ind":0,"ty":"sh","ix":1,"ks":{"a":0,"k":{"i":[[0,0],[0,0],[0,0],[0,0]],"o":[[0,0],[0,0],[0,0],[0,0]],"v":[[31.362,4.9],[-31.362,4.9],[-31.362,-4.9],[31.362,-4.9]],"c":true},"ix":2},"nm":"Path 1","mn":"ADBE Vector Shape - Group","hd":false},{"ty":"fl","c":{"a":0,"k":[1,1,1,1],"ix":4},"o":{"a":0,"k":100,"ix":5},"r":1,"bm":0,"nm":"Fill 1","mn":"ADBE Vector Graphic - Fill","hd":false},{"ty":"tr","p":{"a":0,"k":[32.252,5.788],"ix":2},"a":{"a":0,"k":[0,0],"ix":1},"s":{"a":0,"k":[100,100],"ix":3},"r":{"a":0,"k":0,"ix":6},"o":{"a":0,"k":100,"ix":7},"sk":{"a":0,"k":0,"ix":4},"sa":{"a":0,"k":0,"ix":5},"nm":"Transform"}],"nm":"Group 45","np":2,"cix":2,"bm":0,"ix":1,"mn":"ADBE Vector Group","hd":false},{"ty":"tr","p":{"a":0,"k":[248.829,123.835],"ix":2},"a":{"a":0,"k":[32.252,5.788],"ix":1},"s":{"a":0,"k":[472.308,472.308],"ix":3},"r":{"a":0,"k":0,"ix":6},"o":{"a":0,"k":100,"ix":7},"sk":{"a":0,"k":0,"ix":4},"sa":{"a":0,"k":0,"ix":5},"nm":"Transform"}],"nm":"Layer 4/4.4 Outlines - Group 45","np":1,"cix":2,"bm":0,"ix":9,"mn":"ADBE Vector Group","hd":false,"cl":"4"}],"ip":0,"op":150.000006109625,"st":0,"bm":0}],"markers":[]}