{
  "project_info": {
    "project_number": "27046652119",
    "project_id": "insta-downloader-df670",
    "storage_bucket": "insta-downloader-df670.appspot.com"
  },
  "client": [
    {
      "client_info": {
        "mobilesdk_app_id": "1:27046652119:android:42f113983a7e588b68e892",
        "android_client_info": {
          "package_name": "com.festom.carsound.pranksound"
        }
      },
      "oauth_client": [],
      "api_key": [
        {
          "current_key": "AIzaSyAupzcTNl3u6ROnPd12UsueA07G3nCGS0s"
        }
      ],
      "services": {
        "appinvite_service": {
          "other_platform_oauth_client": []
        }
      }
    }
  ],
  "configuration_version": "1"
}