{"v":"4.8.0","meta":{"g":"LottieFiles AE 3.1.1","a":"","k":"","d":"","tc":""},"fr":30,"ip":0,"op":131,"w":1600,"h":1600,"nm":"Crying emoji","ddd":0,"assets":[],"layers":[{"ddd":0,"ind":1,"ty":3,"nm":"All |Ctrl","cl":"Ctrl","sr":1,"ks":{"o":{"a":0,"k":0,"ix":11},"r":{"a":1,"k":[{"i":{"x":[0.833],"y":[1.083]},"o":{"x":[0.4],"y":[0]},"t":43,"s":[0]},{"i":{"x":[0.833],"y":[1]},"o":{"x":[0.167],"y":[0.042]},"t":53,"s":[1]},{"i":{"x":[0.833],"y":[1]},"o":{"x":[0.167],"y":[0]},"t":63,"s":[-1]},{"i":{"x":[0.833],"y":[1]},"o":{"x":[0.167],"y":[0]},"t":73,"s":[1]},{"i":{"x":[0.833],"y":[1]},"o":{"x":[0.167],"y":[0]},"t":83,"s":[-1]},{"i":{"x":[0.833],"y":[1]},"o":{"x":[0.167],"y":[0]},"t":93,"s":[1]},{"i":{"x":[0.833],"y":[0.966]},"o":{"x":[0.167],"y":[0]},"t":103,"s":[-1]},{"i":{"x":[0.6],"y":[1]},"o":{"x":[0.167],"y":[-0.099]},"t":114,"s":[1]},{"t":130,"s":[0]}],"ix":10},"p":{"a":0,"k":[800,1350,0],"ix":2},"a":{"a":0,"k":[60,60,0],"ix":1},"s":{"a":0,"k":[100,100,100],"ix":6}},"ao":0,"ip":-4,"op":156,"st":19,"bm":0},{"ddd":0,"ind":2,"ty":3,"nm":"Face","parent":1,"sr":1,"ks":{"o":{"a":0,"k":0,"ix":11},"r":{"a":0,"k":0,"ix":10},"p":{"a":1,"k":[{"i":{"x":0.833,"y":1},"o":{"x":0.167,"y":0},"t":0,"s":[76,-363,0],"to":[0,0,0],"ti":[0,0,0]},{"i":{"x":0.833,"y":0.833},"o":{"x":0.167,"y":0.167},"t":20,"s":[76,-322,0],"to":[0,0,0],"ti":[0,0,0]},{"i":{"x":0.833,"y":1},"o":{"x":0.167,"y":0},"t":33,"s":[76,-322,0],"to":[0,0,0],"ti":[0,0,0]},{"t":43,"s":[76,-363,0]}],"ix":2},"a":{"a":0,"k":[60,60,0],"ix":1},"s":{"a":0,"k":[100,100,100],"ix":6}},"ao":0,"ip":-6,"op":154,"st":17,"bm":0},{"ddd":0,"ind":3,"ty":4,"nm":"Mouth","parent":2,"sr":1,"ks":{"o":{"a":0,"k":100,"ix":11},"r":{"a":0,"k":0,"ix":10},"p":{"a":0,"k":[49.655,179.223,0],"ix":2},"a":{"a":0,"k":[140,62.5,0],"ix":1},"s":{"a":0,"k":[159,159,100],"ix":6}},"ao":0,"shapes":[{"ty":"gr","it":[{"ind":0,"ty":"sh","ix":1,"ks":{"a":1,"k":[{"i":{"x":0.6,"y":1},"o":{"x":0.4,"y":0},"t":33,"s":[{"i":[[5.119,-10.635],[45.141,0.05],[3.943,8.308],[-37.859,0.42]],"o":[[-4.275,8.881],[-45.141,-0.05],[-6.241,-13.15],[37.859,-0.42]],"v":[[87.693,34.89],[0.019,27.763],[-89.078,33.89],[-0.296,18.488]],"c":true}]},{"i":{"x":0.6,"y":1},"o":{"x":0.4,"y":0},"t":38.667,"s":[{"i":[[-1.13,-57.314],[45.141,0.05],[-0.792,19.173],[-37.859,0.42]],"o":[[0.378,19.179],[-45.141,-0.05],[2.371,-57.415],[37.859,-0.42]],"v":[[83.92,36.147],[0.176,56.693],[-83.575,36.563],[-0.925,-46.764]],"c":true}]},{"i":{"x":0.6,"y":1},"o":{"x":0.4,"y":0},"t":46,"s":[{"i":[[-1.13,-57.314],[45.141,0.05],[-0.792,19.173],[-37.859,0.42]],"o":[[0.378,19.179],[-45.141,-0.05],[2.371,-57.415],[37.859,-0.42]],"v":[[84.135,50.613],[-0.867,78.706],[-83.36,51.028],[-0.502,-42.99]],"c":true}]},{"i":{"x":0.6,"y":1},"o":{"x":0.4,"y":0},"t":53,"s":[{"i":[[-1.13,-57.314],[45.141,0.05],[-0.792,19.173],[-37.859,0.42]],"o":[[0.378,19.179],[-45.141,-0.05],[2.371,-57.415],[37.859,-0.42]],"v":[[83.92,36.147],[0.176,56.693],[-83.575,36.563],[-0.925,-46.764]],"c":true}]},{"i":{"x":0.6,"y":1},"o":{"x":0.4,"y":0},"t":60.333,"s":[{"i":[[-1.13,-57.314],[45.141,0.05],[-0.792,19.173],[-37.859,0.42]],"o":[[0.378,19.179],[-45.141,-0.05],[2.371,-57.415],[37.859,-0.42]],"v":[[84.135,50.613],[-0.867,78.706],[-83.36,51.028],[-0.502,-42.99]],"c":true}]},{"i":{"x":0.6,"y":1},"o":{"x":0.4,"y":0},"t":67,"s":[{"i":[[-1.13,-57.314],[45.141,0.05],[-0.792,19.173],[-37.859,0.42]],"o":[[0.378,19.179],[-45.141,-0.05],[2.371,-57.415],[37.859,-0.42]],"v":[[83.92,36.147],[0.176,56.693],[-83.575,36.563],[-0.925,-46.764]],"c":true}]},{"i":{"x":0.6,"y":1},"o":{"x":0.4,"y":0},"t":74.333,"s":[{"i":[[-1.13,-57.314],[45.141,0.05],[-0.792,19.173],[-37.859,0.42]],"o":[[0.378,19.179],[-45.141,-0.05],[2.371,-57.415],[37.859,-0.42]],"v":[[84.135,50.613],[-0.867,78.706],[-83.36,51.028],[-0.502,-42.99]],"c":true}]},{"i":{"x":0.6,"y":1},"o":{"x":0.4,"y":0},"t":80,"s":[{"i":[[-1.13,-57.314],[45.141,0.05],[-0.792,19.173],[-37.859,0.42]],"o":[[0.378,19.179],[-45.141,-0.05],[2.371,-57.415],[37.859,-0.42]],"v":[[83.92,36.147],[0.176,56.693],[-83.575,36.563],[-0.925,-46.764]],"c":true}]},{"i":{"x":0.6,"y":1},"o":{"x":0.4,"y":0},"t":87.333,"s":[{"i":[[-1.13,-57.314],[45.141,0.05],[-0.792,19.173],[-37.859,0.42]],"o":[[0.378,19.179],[-45.141,-0.05],[2.371,-57.415],[37.859,-0.42]],"v":[[84.135,50.613],[-0.867,78.706],[-83.36,51.028],[-0.502,-42.99]],"c":true}]},{"i":{"x":0.6,"y":1},"o":{"x":0.4,"y":0},"t":94,"s":[{"i":[[-1.13,-57.314],[45.141,0.05],[-0.792,19.173],[-37.859,0.42]],"o":[[0.378,19.179],[-45.141,-0.05],[2.371,-57.415],[37.859,-0.42]],"v":[[84.135,50.613],[-0.867,78.706],[-83.36,51.028],[-0.502,-42.99]],"c":true}]},{"t":104,"s":[{"i":[[5.119,-10.635],[45.141,0.05],[3.943,8.308],[-37.859,0.42]],"o":[[-4.275,8.881],[-45.141,-0.05],[-6.241,-13.15],[37.859,-0.42]],"v":[[87.693,34.89],[0.019,27.763],[-89.078,33.89],[-0.296,18.488]],"c":true}]}],"ix":2},"nm":"Path 1","mn":"ADBE Vector Shape - Group","hd":false},{"ty":"fl","c":{"a":0,"k":[0.329411764706,0.164705882353,0.152941176471,1],"ix":4},"o":{"a":0,"k":100,"ix":5},"r":1,"bm":0,"nm":"Fill 1","mn":"ADBE Vector Graphic - Fill","hd":false},{"ty":"tr","p":{"a":0,"k":[140.132,62.3],"ix":2},"a":{"a":0,"k":[0,0],"ix":1},"s":{"a":0,"k":[100,100],"ix":3},"r":{"a":0,"k":0,"ix":6},"o":{"a":0,"k":100,"ix":7},"sk":{"a":0,"k":0,"ix":4},"sa":{"a":0,"k":0,"ix":5},"nm":"Transform"}],"nm":"Group 1","np":2,"cix":2,"bm":0,"ix":1,"mn":"ADBE Vector Group","hd":false}],"ip":33,"op":108,"st":17,"bm":0},{"ddd":0,"ind":4,"ty":4,"nm":"Trears :Mask 3","parent":1,"td":1,"sr":1,"ks":{"o":{"a":0,"k":100,"ix":11},"r":{"a":0,"k":-0.473,"ix":10},"p":{"a":0,"k":[58.237,-183.173,0],"ix":2},"a":{"a":0,"k":[800.244,1106.82,0],"ix":1},"s":{"a":0,"k":[100,100,100],"ix":6}},"ao":0,"shapes":[{"ty":"gr","it":[{"ty":"gr","it":[{"ind":0,"ty":"sh","ix":1,"ks":{"a":0,"k":{"i":[[-142.012,175.875],[37.322,-16.82],[12.505,-217.137],[0,0]],"o":[[-40.007,-9.048],[-33.162,41.537],[-0.662,28.042],[0,0]],"v":[[123.55,-193.687],[-28.532,-171.139],[-122.887,170.904],[19.778,202.735]],"c":true},"ix":2},"nm":"Path 1","mn":"ADBE Vector Shape - Group","hd":false},{"ty":"fl","c":{"a":0,"k":[0.351157214595,0.799638276942,0.913725490196,1],"ix":4},"o":{"a":0,"k":100,"ix":5},"r":1,"bm":0,"nm":"Fill 1","mn":"ADBE Vector Graphic - Fill","hd":false},{"ty":"tr","p":{"a":0,"k":[124.531,203.523],"ix":2},"a":{"a":0,"k":[0,0],"ix":1},"s":{"a":0,"k":[100,100],"ix":3},"r":{"a":0,"k":0,"ix":6},"o":{"a":0,"k":100,"ix":7},"sk":{"a":0,"k":0,"ix":4},"sa":{"a":0,"k":0,"ix":5},"nm":"Transform"}],"nm":"Group 1","np":2,"cix":2,"bm":0,"ix":1,"mn":"ADBE Vector Group","hd":false},{"ty":"tr","p":{"a":0,"k":[1040.873,869.416],"ix":2},"a":{"a":0,"k":[124.861,7.085],"ix":1},"s":{"a":0,"k":[-120,120],"ix":3},"r":{"a":0,"k":0.473,"ix":6},"o":{"a":0,"k":100,"ix":7},"sk":{"a":0,"k":0,"ix":4},"sa":{"a":0,"k":0,"ix":5},"nm":"Transform"}],"nm":"L-Trears 2","np":1,"cix":2,"bm":0,"ix":1,"mn":"ADBE Vector Group","hd":false},{"ty":"gr","it":[{"ty":"gr","it":[{"ind":0,"ty":"sh","ix":1,"ks":{"a":0,"k":{"i":[[-142.012,175.875],[37.322,-16.82],[12.505,-217.137],[0,0]],"o":[[-40.007,-9.048],[-33.162,41.537],[-0.662,28.042],[0,0]],"v":[[123.55,-193.687],[-28.532,-171.139],[-122.887,170.904],[19.778,202.735]],"c":true},"ix":2},"nm":"Path 1","mn":"ADBE Vector Shape - Group","hd":false},{"ty":"fl","c":{"a":0,"k":[0.351157214595,0.799638276942,0.913725490196,1],"ix":4},"o":{"a":0,"k":100,"ix":5},"r":1,"bm":0,"nm":"Fill 1","mn":"ADBE Vector Graphic - Fill","hd":false},{"ty":"tr","p":{"a":0,"k":[124.531,203.523],"ix":2},"a":{"a":0,"k":[0,0],"ix":1},"s":{"a":0,"k":[100,100],"ix":3},"r":{"a":0,"k":0,"ix":6},"o":{"a":0,"k":100,"ix":7},"sk":{"a":0,"k":0,"ix":4},"sa":{"a":0,"k":0,"ix":5},"nm":"Transform"}],"nm":"Group 1","np":2,"cix":2,"bm":0,"ix":1,"mn":"ADBE Vector Group","hd":false},{"ty":"tr","p":{"a":0,"k":[566.898,864.503],"ix":2},"a":{"a":0,"k":[124.861,7.085],"ix":1},"s":{"a":0,"k":[120,120],"ix":3},"r":{"a":0,"k":0.473,"ix":6},"o":{"a":0,"k":100,"ix":7},"sk":{"a":0,"k":0,"ix":4},"sa":{"a":0,"k":0,"ix":5},"nm":"Transform"}],"nm":"R-Trears 2","np":1,"cix":2,"bm":0,"ix":2,"mn":"ADBE Vector Group","hd":false}],"ip":71,"op":94,"st":25,"bm":0},{"ddd":0,"ind":5,"ty":4,"nm":"Reflection 3","parent":1,"tt":1,"sr":1,"ks":{"o":{"a":0,"k":100,"ix":11},"r":{"a":0,"k":0,"ix":10},"p":{"a":0,"k":[59.07,-448.458,0],"ix":2},"a":{"a":0,"k":[799.07,841.542,0],"ix":1},"s":{"a":0,"k":[100,100,100],"ix":6}},"ao":0,"shapes":[{"ty":"gr","it":[{"ty":"gr","it":[{"ind":0,"ty":"sh","ix":1,"ks":{"a":0,"k":{"i":[[16.332,5.025],[12,-29],[-10.5,-5],[-10.5,25]],"o":[[-13,-4],[-12,29],[13.161,6.267],[6.894,-16.415]],"v":[[-261,122],[-302.5,174],[-309.5,239],[-263.5,186]],"c":true},"ix":2},"nm":"Path 1","mn":"ADBE Vector Shape - Group","hd":false},{"ty":"st","c":{"a":0,"k":[0.329411774874,0.164705887437,0.152941182256,1],"ix":3},"o":{"a":0,"k":100,"ix":4},"w":{"a":0,"k":0,"ix":5},"lc":1,"lj":1,"ml":4,"bm":0,"nm":"Stroke 1","mn":"ADBE Vector Graphic - Stroke","hd":false},{"ty":"fl","c":{"a":0,"k":[0.351157218218,0.799638271332,0.913725495338,1],"ix":4},"o":{"a":0,"k":100,"ix":5},"r":1,"bm":0,"nm":"Fill 1","mn":"ADBE Vector Graphic - Fill","hd":false},{"ty":"tr","p":{"a":0,"k":[0,0],"ix":2},"a":{"a":0,"k":[0,0],"ix":1},"s":{"a":0,"k":[100,100],"ix":3},"r":{"a":0,"k":0,"ix":6},"o":{"a":0,"k":100,"ix":7},"sk":{"a":0,"k":0,"ix":4},"sa":{"a":0,"k":0,"ix":5},"nm":"Transform"}],"nm":"Shape 1","np":3,"cix":2,"bm":0,"ix":1,"mn":"ADBE Vector Group","hd":false},{"ty":"tr","p":{"a":1,"k":[{"i":{"x":0.667,"y":1},"o":{"x":0.333,"y":0},"t":71,"s":[1007.57,830.678],"to":[115.57,153.322],"ti":[21.57,-56.678]},{"t":93,"s":[1153.57,1387.678]}],"ix":2},"a":{"a":0,"k":[-283.93,180.678],"ix":1},"s":{"a":0,"k":[-100,100],"ix":3},"r":{"a":1,"k":[{"i":{"x":[0.667],"y":[1]},"o":{"x":[0.333],"y":[0]},"t":71,"s":[-12]},{"t":93,"s":[29]}],"ix":6},"o":{"a":0,"k":100,"ix":7},"sk":{"a":0,"k":0,"ix":4},"sa":{"a":0,"k":0,"ix":5},"nm":"Transform"}],"nm":"Reflection 2","np":1,"cix":2,"bm":0,"ix":1,"mn":"ADBE Vector Group","hd":false},{"ty":"gr","it":[{"ty":"gr","it":[{"ind":0,"ty":"sh","ix":1,"ks":{"a":0,"k":{"i":[[16.332,5.025],[12,-29],[-10.5,-5],[-10.5,25]],"o":[[-13,-4],[-12,29],[13.161,6.267],[6.894,-16.415]],"v":[[-261,122],[-302.5,174],[-309.5,239],[-263.5,186]],"c":true},"ix":2},"nm":"Path 1","mn":"ADBE Vector Shape - Group","hd":false},{"ty":"st","c":{"a":0,"k":[0.329411774874,0.164705887437,0.152941182256,1],"ix":3},"o":{"a":0,"k":100,"ix":4},"w":{"a":0,"k":0,"ix":5},"lc":1,"lj":1,"ml":4,"bm":0,"nm":"Stroke 1","mn":"ADBE Vector Graphic - Stroke","hd":false},{"ty":"fl","c":{"a":0,"k":[0.351157218218,0.799638271332,0.913725495338,1],"ix":4},"o":{"a":0,"k":100,"ix":5},"r":1,"bm":0,"nm":"Fill 1","mn":"ADBE Vector Graphic - Fill","hd":false},{"ty":"tr","p":{"a":0,"k":[0,0],"ix":2},"a":{"a":0,"k":[0,0],"ix":1},"s":{"a":0,"k":[100,100],"ix":3},"r":{"a":0,"k":0,"ix":6},"o":{"a":0,"k":100,"ix":7},"sk":{"a":0,"k":0,"ix":4},"sa":{"a":0,"k":0,"ix":5},"nm":"Transform"}],"nm":"Shape 1","np":3,"cix":2,"bm":0,"ix":1,"mn":"ADBE Vector Group","hd":false},{"ty":"tr","p":{"a":1,"k":[{"i":{"x":0.667,"y":1},"o":{"x":0.333,"y":0},"t":71,"s":[590.57,830.678],"to":[-115.57,153.322],"ti":[-21.57,-56.678]},{"t":93,"s":[444.57,1387.678]}],"ix":2},"a":{"a":0,"k":[-283.93,180.678],"ix":1},"s":{"a":0,"k":[100,100],"ix":3},"r":{"a":1,"k":[{"i":{"x":[0.667],"y":[1]},"o":{"x":[0.333],"y":[0]},"t":71,"s":[12]},{"t":93,"s":[-29]}],"ix":6},"o":{"a":0,"k":100,"ix":7},"sk":{"a":0,"k":0,"ix":4},"sa":{"a":0,"k":0,"ix":5},"nm":"Transform"}],"nm":"Reflection","np":1,"cix":2,"bm":0,"ix":2,"mn":"ADBE Vector Group","hd":false}],"ip":71,"op":94,"st":23,"bm":0},{"ddd":0,"ind":6,"ty":4,"nm":"Trears :Mask 2","parent":1,"td":1,"sr":1,"ks":{"o":{"a":0,"k":100,"ix":11},"r":{"a":0,"k":-0.473,"ix":10},"p":{"a":0,"k":[58.237,-183.173,0],"ix":2},"a":{"a":0,"k":[800.244,1106.82,0],"ix":1},"s":{"a":0,"k":[100,100,100],"ix":6}},"ao":0,"shapes":[{"ty":"gr","it":[{"ty":"gr","it":[{"ind":0,"ty":"sh","ix":1,"ks":{"a":0,"k":{"i":[[-142.012,175.875],[37.322,-16.82],[12.505,-217.137],[0,0]],"o":[[-40.007,-9.048],[-33.162,41.537],[-0.662,28.042],[0,0]],"v":[[123.55,-193.687],[-28.532,-171.139],[-122.887,170.904],[19.778,202.735]],"c":true},"ix":2},"nm":"Path 1","mn":"ADBE Vector Shape - Group","hd":false},{"ty":"fl","c":{"a":0,"k":[0.351157214595,0.799638276942,0.913725490196,1],"ix":4},"o":{"a":0,"k":100,"ix":5},"r":1,"bm":0,"nm":"Fill 1","mn":"ADBE Vector Graphic - Fill","hd":false},{"ty":"tr","p":{"a":0,"k":[124.531,203.523],"ix":2},"a":{"a":0,"k":[0,0],"ix":1},"s":{"a":0,"k":[100,100],"ix":3},"r":{"a":0,"k":0,"ix":6},"o":{"a":0,"k":100,"ix":7},"sk":{"a":0,"k":0,"ix":4},"sa":{"a":0,"k":0,"ix":5},"nm":"Transform"}],"nm":"Group 1","np":2,"cix":2,"bm":0,"ix":1,"mn":"ADBE Vector Group","hd":false},{"ty":"tr","p":{"a":0,"k":[1040.873,869.416],"ix":2},"a":{"a":0,"k":[124.861,7.085],"ix":1},"s":{"a":0,"k":[-120,120],"ix":3},"r":{"a":0,"k":0.473,"ix":6},"o":{"a":0,"k":100,"ix":7},"sk":{"a":0,"k":0,"ix":4},"sa":{"a":0,"k":0,"ix":5},"nm":"Transform"}],"nm":"L-Trears 2","np":1,"cix":2,"bm":0,"ix":1,"mn":"ADBE Vector Group","hd":false},{"ty":"gr","it":[{"ty":"gr","it":[{"ind":0,"ty":"sh","ix":1,"ks":{"a":0,"k":{"i":[[-142.012,175.875],[37.322,-16.82],[12.505,-217.137],[0,0]],"o":[[-40.007,-9.048],[-33.162,41.537],[-0.662,28.042],[0,0]],"v":[[123.55,-193.687],[-28.532,-171.139],[-122.887,170.904],[19.778,202.735]],"c":true},"ix":2},"nm":"Path 1","mn":"ADBE Vector Shape - Group","hd":false},{"ty":"fl","c":{"a":0,"k":[0.351157214595,0.799638276942,0.913725490196,1],"ix":4},"o":{"a":0,"k":100,"ix":5},"r":1,"bm":0,"nm":"Fill 1","mn":"ADBE Vector Graphic - Fill","hd":false},{"ty":"tr","p":{"a":0,"k":[124.531,203.523],"ix":2},"a":{"a":0,"k":[0,0],"ix":1},"s":{"a":0,"k":[100,100],"ix":3},"r":{"a":0,"k":0,"ix":6},"o":{"a":0,"k":100,"ix":7},"sk":{"a":0,"k":0,"ix":4},"sa":{"a":0,"k":0,"ix":5},"nm":"Transform"}],"nm":"Group 1","np":2,"cix":2,"bm":0,"ix":1,"mn":"ADBE Vector Group","hd":false},{"ty":"tr","p":{"a":0,"k":[566.898,864.503],"ix":2},"a":{"a":0,"k":[124.861,7.085],"ix":1},"s":{"a":0,"k":[120,120],"ix":3},"r":{"a":0,"k":0.473,"ix":6},"o":{"a":0,"k":100,"ix":7},"sk":{"a":0,"k":0,"ix":4},"sa":{"a":0,"k":0,"ix":5},"nm":"Transform"}],"nm":"R-Trears 2","np":1,"cix":2,"bm":0,"ix":2,"mn":"ADBE Vector Group","hd":false}],"ip":57,"op":80,"st":11,"bm":0},{"ddd":0,"ind":7,"ty":4,"nm":"Reflection 2","parent":1,"tt":1,"sr":1,"ks":{"o":{"a":0,"k":100,"ix":11},"r":{"a":0,"k":0,"ix":10},"p":{"a":0,"k":[59.07,-448.458,0],"ix":2},"a":{"a":0,"k":[799.07,841.542,0],"ix":1},"s":{"a":0,"k":[100,100,100],"ix":6}},"ao":0,"shapes":[{"ty":"gr","it":[{"ty":"gr","it":[{"ind":0,"ty":"sh","ix":1,"ks":{"a":0,"k":{"i":[[16.332,5.025],[12,-29],[-10.5,-5],[-10.5,25]],"o":[[-13,-4],[-12,29],[13.161,6.267],[6.894,-16.415]],"v":[[-261,122],[-302.5,174],[-309.5,239],[-263.5,186]],"c":true},"ix":2},"nm":"Path 1","mn":"ADBE Vector Shape - Group","hd":false},{"ty":"st","c":{"a":0,"k":[0.329411774874,0.164705887437,0.152941182256,1],"ix":3},"o":{"a":0,"k":100,"ix":4},"w":{"a":0,"k":0,"ix":5},"lc":1,"lj":1,"ml":4,"bm":0,"nm":"Stroke 1","mn":"ADBE Vector Graphic - Stroke","hd":false},{"ty":"fl","c":{"a":0,"k":[0.351157218218,0.799638271332,0.913725495338,1],"ix":4},"o":{"a":0,"k":100,"ix":5},"r":1,"bm":0,"nm":"Fill 1","mn":"ADBE Vector Graphic - Fill","hd":false},{"ty":"tr","p":{"a":0,"k":[0,0],"ix":2},"a":{"a":0,"k":[0,0],"ix":1},"s":{"a":0,"k":[100,100],"ix":3},"r":{"a":0,"k":0,"ix":6},"o":{"a":0,"k":100,"ix":7},"sk":{"a":0,"k":0,"ix":4},"sa":{"a":0,"k":0,"ix":5},"nm":"Transform"}],"nm":"Shape 1","np":3,"cix":2,"bm":0,"ix":1,"mn":"ADBE Vector Group","hd":false},{"ty":"tr","p":{"a":1,"k":[{"i":{"x":0.667,"y":1},"o":{"x":0.333,"y":0},"t":58,"s":[1007.57,830.678],"to":[115.57,153.322],"ti":[21.57,-56.678]},{"t":80,"s":[1153.57,1387.678]}],"ix":2},"a":{"a":0,"k":[-283.93,180.678],"ix":1},"s":{"a":0,"k":[-100,100],"ix":3},"r":{"a":1,"k":[{"i":{"x":[0.667],"y":[1]},"o":{"x":[0.333],"y":[0]},"t":58,"s":[-12]},{"t":80,"s":[29]}],"ix":6},"o":{"a":0,"k":100,"ix":7},"sk":{"a":0,"k":0,"ix":4},"sa":{"a":0,"k":0,"ix":5},"nm":"Transform"}],"nm":"Reflection 2","np":1,"cix":2,"bm":0,"ix":1,"mn":"ADBE Vector Group","hd":false},{"ty":"gr","it":[{"ty":"gr","it":[{"ind":0,"ty":"sh","ix":1,"ks":{"a":0,"k":{"i":[[16.332,5.025],[12,-29],[-10.5,-5],[-10.5,25]],"o":[[-13,-4],[-12,29],[13.161,6.267],[6.894,-16.415]],"v":[[-261,122],[-302.5,174],[-309.5,239],[-263.5,186]],"c":true},"ix":2},"nm":"Path 1","mn":"ADBE Vector Shape - Group","hd":false},{"ty":"st","c":{"a":0,"k":[0.329411774874,0.164705887437,0.152941182256,1],"ix":3},"o":{"a":0,"k":100,"ix":4},"w":{"a":0,"k":0,"ix":5},"lc":1,"lj":1,"ml":4,"bm":0,"nm":"Stroke 1","mn":"ADBE Vector Graphic - Stroke","hd":false},{"ty":"fl","c":{"a":0,"k":[0.351157218218,0.799638271332,0.913725495338,1],"ix":4},"o":{"a":0,"k":100,"ix":5},"r":1,"bm":0,"nm":"Fill 1","mn":"ADBE Vector Graphic - Fill","hd":false},{"ty":"tr","p":{"a":0,"k":[0,0],"ix":2},"a":{"a":0,"k":[0,0],"ix":1},"s":{"a":0,"k":[100,100],"ix":3},"r":{"a":0,"k":0,"ix":6},"o":{"a":0,"k":100,"ix":7},"sk":{"a":0,"k":0,"ix":4},"sa":{"a":0,"k":0,"ix":5},"nm":"Transform"}],"nm":"Shape 1","np":3,"cix":2,"bm":0,"ix":1,"mn":"ADBE Vector Group","hd":false},{"ty":"tr","p":{"a":1,"k":[{"i":{"x":0.667,"y":1},"o":{"x":0.333,"y":0},"t":57,"s":[590.57,830.678],"to":[-115.57,153.322],"ti":[-21.57,-56.678]},{"t":79,"s":[444.57,1387.678]}],"ix":2},"a":{"a":0,"k":[-283.93,180.678],"ix":1},"s":{"a":0,"k":[100,100],"ix":3},"r":{"a":1,"k":[{"i":{"x":[0.667],"y":[1]},"o":{"x":[0.333],"y":[0]},"t":57,"s":[12]},{"t":79,"s":[-29]}],"ix":6},"o":{"a":0,"k":100,"ix":7},"sk":{"a":0,"k":0,"ix":4},"sa":{"a":0,"k":0,"ix":5},"nm":"Transform"}],"nm":"Reflection","np":1,"cix":2,"bm":0,"ix":2,"mn":"ADBE Vector Group","hd":false}],"ip":57,"op":80,"st":9,"bm":0},{"ddd":0,"ind":8,"ty":4,"nm":"Trears :Mask","parent":1,"td":1,"sr":1,"ks":{"o":{"a":0,"k":100,"ix":11},"r":{"a":0,"k":-0.473,"ix":10},"p":{"a":0,"k":[58.237,-183.173,0],"ix":2},"a":{"a":0,"k":[800.244,1106.82,0],"ix":1},"s":{"a":0,"k":[100,100,100],"ix":6}},"ao":0,"shapes":[{"ty":"gr","it":[{"ty":"gr","it":[{"ind":0,"ty":"sh","ix":1,"ks":{"a":0,"k":{"i":[[-142.012,175.875],[37.322,-16.82],[12.505,-217.137],[0,0]],"o":[[-40.007,-9.048],[-33.162,41.537],[-0.662,28.042],[0,0]],"v":[[123.55,-193.687],[-28.532,-171.139],[-122.887,170.904],[19.778,202.735]],"c":true},"ix":2},"nm":"Path 1","mn":"ADBE Vector Shape - Group","hd":false},{"ty":"fl","c":{"a":0,"k":[0.351157214595,0.799638276942,0.913725490196,1],"ix":4},"o":{"a":0,"k":100,"ix":5},"r":1,"bm":0,"nm":"Fill 1","mn":"ADBE Vector Graphic - Fill","hd":false},{"ty":"tr","p":{"a":0,"k":[124.531,203.523],"ix":2},"a":{"a":0,"k":[0,0],"ix":1},"s":{"a":0,"k":[100,100],"ix":3},"r":{"a":0,"k":0,"ix":6},"o":{"a":0,"k":100,"ix":7},"sk":{"a":0,"k":0,"ix":4},"sa":{"a":0,"k":0,"ix":5},"nm":"Transform"}],"nm":"Group 1","np":2,"cix":2,"bm":0,"ix":1,"mn":"ADBE Vector Group","hd":false},{"ty":"tr","p":{"a":0,"k":[1040.873,869.416],"ix":2},"a":{"a":0,"k":[124.861,7.085],"ix":1},"s":{"a":0,"k":[-120,120],"ix":3},"r":{"a":0,"k":0.473,"ix":6},"o":{"a":0,"k":100,"ix":7},"sk":{"a":0,"k":0,"ix":4},"sa":{"a":0,"k":0,"ix":5},"nm":"Transform"}],"nm":"L-Trears 2","np":1,"cix":2,"bm":0,"ix":1,"mn":"ADBE Vector Group","hd":false},{"ty":"gr","it":[{"ty":"gr","it":[{"ind":0,"ty":"sh","ix":1,"ks":{"a":0,"k":{"i":[[-142.012,175.875],[37.322,-16.82],[12.505,-217.137],[0,0]],"o":[[-40.007,-9.048],[-33.162,41.537],[-0.662,28.042],[0,0]],"v":[[123.55,-193.687],[-28.532,-171.139],[-122.887,170.904],[19.778,202.735]],"c":true},"ix":2},"nm":"Path 1","mn":"ADBE Vector Shape - Group","hd":false},{"ty":"fl","c":{"a":0,"k":[0.351157214595,0.799638276942,0.913725490196,1],"ix":4},"o":{"a":0,"k":100,"ix":5},"r":1,"bm":0,"nm":"Fill 1","mn":"ADBE Vector Graphic - Fill","hd":false},{"ty":"tr","p":{"a":0,"k":[124.531,203.523],"ix":2},"a":{"a":0,"k":[0,0],"ix":1},"s":{"a":0,"k":[100,100],"ix":3},"r":{"a":0,"k":0,"ix":6},"o":{"a":0,"k":100,"ix":7},"sk":{"a":0,"k":0,"ix":4},"sa":{"a":0,"k":0,"ix":5},"nm":"Transform"}],"nm":"Group 1","np":2,"cix":2,"bm":0,"ix":1,"mn":"ADBE Vector Group","hd":false},{"ty":"tr","p":{"a":0,"k":[566.898,864.503],"ix":2},"a":{"a":0,"k":[124.861,7.085],"ix":1},"s":{"a":0,"k":[120,120],"ix":3},"r":{"a":0,"k":0.473,"ix":6},"o":{"a":0,"k":100,"ix":7},"sk":{"a":0,"k":0,"ix":4},"sa":{"a":0,"k":0,"ix":5},"nm":"Transform"}],"nm":"R-Trears 2","np":1,"cix":2,"bm":0,"ix":2,"mn":"ADBE Vector Group","hd":false}],"ip":46,"op":69,"st":0,"bm":0},{"ddd":0,"ind":9,"ty":4,"nm":"Reflection ","parent":1,"tt":1,"sr":1,"ks":{"o":{"a":0,"k":100,"ix":11},"r":{"a":0,"k":0,"ix":10},"p":{"a":0,"k":[59.07,-448.458,0],"ix":2},"a":{"a":0,"k":[799.07,841.542,0],"ix":1},"s":{"a":0,"k":[100,100,100],"ix":6}},"ao":0,"shapes":[{"ty":"gr","it":[{"ty":"gr","it":[{"ind":0,"ty":"sh","ix":1,"ks":{"a":0,"k":{"i":[[16.332,5.025],[12,-29],[-10.5,-5],[-10.5,25]],"o":[[-13,-4],[-12,29],[13.161,6.267],[6.894,-16.415]],"v":[[-261,122],[-302.5,174],[-309.5,239],[-263.5,186]],"c":true},"ix":2},"nm":"Path 1","mn":"ADBE Vector Shape - Group","hd":false},{"ty":"st","c":{"a":0,"k":[0.329411774874,0.164705887437,0.152941182256,1],"ix":3},"o":{"a":0,"k":100,"ix":4},"w":{"a":0,"k":0,"ix":5},"lc":1,"lj":1,"ml":4,"bm":0,"nm":"Stroke 1","mn":"ADBE Vector Graphic - Stroke","hd":false},{"ty":"fl","c":{"a":0,"k":[0.351157218218,0.799638271332,0.913725495338,1],"ix":4},"o":{"a":0,"k":100,"ix":5},"r":1,"bm":0,"nm":"Fill 1","mn":"ADBE Vector Graphic - Fill","hd":false},{"ty":"tr","p":{"a":0,"k":[0,0],"ix":2},"a":{"a":0,"k":[0,0],"ix":1},"s":{"a":0,"k":[100,100],"ix":3},"r":{"a":0,"k":0,"ix":6},"o":{"a":0,"k":100,"ix":7},"sk":{"a":0,"k":0,"ix":4},"sa":{"a":0,"k":0,"ix":5},"nm":"Transform"}],"nm":"Shape 1","np":3,"cix":2,"bm":0,"ix":1,"mn":"ADBE Vector Group","hd":false},{"ty":"tr","p":{"a":1,"k":[{"i":{"x":0.667,"y":1},"o":{"x":0.333,"y":0},"t":46,"s":[1007.57,830.678],"to":[115.57,153.322],"ti":[21.57,-56.678]},{"t":68,"s":[1153.57,1387.678]}],"ix":2},"a":{"a":0,"k":[-283.93,180.678],"ix":1},"s":{"a":0,"k":[-100,100],"ix":3},"r":{"a":1,"k":[{"i":{"x":[0.667],"y":[1]},"o":{"x":[0.333],"y":[0]},"t":46,"s":[-12]},{"t":68,"s":[29]}],"ix":6},"o":{"a":0,"k":100,"ix":7},"sk":{"a":0,"k":0,"ix":4},"sa":{"a":0,"k":0,"ix":5},"nm":"Transform"}],"nm":"Reflection 2","np":1,"cix":2,"bm":0,"ix":1,"mn":"ADBE Vector Group","hd":false},{"ty":"gr","it":[{"ty":"gr","it":[{"ind":0,"ty":"sh","ix":1,"ks":{"a":0,"k":{"i":[[16.332,5.025],[12,-29],[-10.5,-5],[-10.5,25]],"o":[[-13,-4],[-12,29],[13.161,6.267],[6.894,-16.415]],"v":[[-261,122],[-302.5,174],[-309.5,239],[-263.5,186]],"c":true},"ix":2},"nm":"Path 1","mn":"ADBE Vector Shape - Group","hd":false},{"ty":"st","c":{"a":0,"k":[0.329411774874,0.164705887437,0.152941182256,1],"ix":3},"o":{"a":0,"k":100,"ix":4},"w":{"a":0,"k":0,"ix":5},"lc":1,"lj":1,"ml":4,"bm":0,"nm":"Stroke 1","mn":"ADBE Vector Graphic - Stroke","hd":false},{"ty":"fl","c":{"a":0,"k":[0.351157218218,0.799638271332,0.913725495338,1],"ix":4},"o":{"a":0,"k":100,"ix":5},"r":1,"bm":0,"nm":"Fill 1","mn":"ADBE Vector Graphic - Fill","hd":false},{"ty":"tr","p":{"a":0,"k":[0,0],"ix":2},"a":{"a":0,"k":[0,0],"ix":1},"s":{"a":0,"k":[100,100],"ix":3},"r":{"a":0,"k":0,"ix":6},"o":{"a":0,"k":100,"ix":7},"sk":{"a":0,"k":0,"ix":4},"sa":{"a":0,"k":0,"ix":5},"nm":"Transform"}],"nm":"Shape 1","np":3,"cix":2,"bm":0,"ix":1,"mn":"ADBE Vector Group","hd":false},{"ty":"tr","p":{"a":1,"k":[{"i":{"x":0.667,"y":1},"o":{"x":0.333,"y":0},"t":45,"s":[590.57,830.678],"to":[-115.57,153.322],"ti":[-21.57,-56.678]},{"t":67,"s":[444.57,1387.678]}],"ix":2},"a":{"a":0,"k":[-283.93,180.678],"ix":1},"s":{"a":0,"k":[100,100],"ix":3},"r":{"a":1,"k":[{"i":{"x":[0.667],"y":[1]},"o":{"x":[0.333],"y":[0]},"t":45,"s":[12]},{"t":67,"s":[-29]}],"ix":6},"o":{"a":0,"k":100,"ix":7},"sk":{"a":0,"k":0,"ix":4},"sa":{"a":0,"k":0,"ix":5},"nm":"Transform"}],"nm":"Reflection","np":1,"cix":2,"bm":0,"ix":2,"mn":"ADBE Vector Group","hd":false}],"ip":46,"op":69,"st":-2,"bm":0},{"ddd":0,"ind":10,"ty":4,"nm":"L-Trears ","parent":1,"sr":1,"ks":{"o":{"a":0,"k":100,"ix":11},"r":{"a":0,"k":0,"ix":10},"p":{"a":0,"k":[296.898,-422.556,0],"ix":2},"a":{"a":0,"k":[124.861,7.085,0],"ix":1},"s":{"a":0,"k":[-120,120,100],"ix":6}},"ao":0,"shapes":[{"ty":"gr","it":[{"ind":0,"ty":"sh","ix":1,"ks":{"a":1,"k":[{"i":{"x":0.833,"y":0.833},"o":{"x":0.4,"y":0},"t":43,"s":[{"i":[[-2.718,2.297],[17.489,-8.585],[-7.843,1.455],[-41.446,2.124]],"o":[[-40.007,-9.048],[-13.969,5.373],[52.99,-12.503],[12.411,-0.636]],"v":[[123.55,-193.687],[-28.532,-171.139],[-7.783,-170.346],[102.487,-187.057]],"c":true}]},{"i":{"x":0.6,"y":1},"o":{"x":0.167,"y":0.167},"t":48,"s":[{"i":[[-72.365,89.086],[27.406,-12.703],[1.317,-50.737],[-42.717,32.507]],"o":[[-40.007,-9.048],[-23.566,23.455],[-6.733,51.45],[17.585,-13.382]],"v":[[123.55,-193.687],[-28.532,-171.139],[-95.611,-40.759],[10.1,29.073]],"c":true}]},{"i":{"x":0.6,"y":1},"o":{"x":0.4,"y":0},"t":53,"s":[{"i":[[-142.012,175.875],[37.322,-16.82],[12.505,-217.137],[0,0]],"o":[[-40.007,-9.048],[-33.162,41.537],[-0.662,28.042],[0,0]],"v":[[123.55,-193.687],[-28.532,-171.139],[-122.887,170.904],[19.778,202.735]],"c":true}]},{"i":{"x":0.833,"y":0.833},"o":{"x":0.4,"y":0},"t":87,"s":[{"i":[[-142.012,175.875],[37.322,-16.82],[12.505,-217.137],[0,0]],"o":[[-40.007,-9.048],[-33.162,41.537],[-0.662,28.042],[0,0]],"v":[[123.55,-193.687],[-28.532,-171.139],[-122.887,170.904],[19.778,202.735]],"c":true}]},{"i":{"x":0.6,"y":1},"o":{"x":0.167,"y":0.167},"t":95.221,"s":[{"i":[[-3.305,62.713],[18.777,-66.502],[-1.035,-71.878],[0,0]],"o":[[8.362,-66.453],[-15.39,57.665],[-0.662,28.042],[0,0]],"v":[[38.55,-19.521],[-95.199,-41.139],[-122.887,170.904],[19.778,202.735]],"c":true}]},{"t":104,"s":[{"i":[[5.371,3.681],[4.819,-3.377],[0.632,-6.045],[0,0]],"o":[[-11.847,-8.12],[-4.973,0.79],[-0.662,28.042],[0,0]],"v":[[18.133,188.188],[-117.074,165.111],[-122.887,170.904],[19.778,202.735]],"c":true}]}],"ix":2},"nm":"Path 1","mn":"ADBE Vector Shape - Group","hd":false},{"ty":"gf","o":{"a":0,"k":100,"ix":10},"r":1,"bm":0,"g":{"p":3,"k":{"a":0,"k":[0,0.318,0.765,0.878,0.48,0.288,0.688,0.835,0.812,0.259,0.612,0.792],"ix":9}},"s":{"a":0,"k":[29.064,-174.88],"ix":5},"e":{"a":0,"k":[-60.813,194.33],"ix":6},"t":1,"nm":"Gradient Fill 1","mn":"ADBE Vector Graphic - G-Fill","hd":false},{"ty":"tr","p":{"a":0,"k":[124.531,203.523],"ix":2},"a":{"a":0,"k":[0,0],"ix":1},"s":{"a":0,"k":[100,100],"ix":3},"r":{"a":0,"k":0,"ix":6},"o":{"a":0,"k":100,"ix":7},"sk":{"a":0,"k":0,"ix":4},"sa":{"a":0,"k":0,"ix":5},"nm":"Transform"}],"nm":"Group 1","np":2,"cix":2,"bm":0,"ix":1,"mn":"ADBE Vector Group","hd":false}],"ip":43,"op":105,"st":-6,"bm":0},{"ddd":0,"ind":11,"ty":4,"nm":"R-Trears","parent":1,"sr":1,"ks":{"o":{"a":0,"k":100,"ix":11},"r":{"a":0,"k":0,"ix":10},"p":{"a":0,"k":[-177.102,-423.556,0],"ix":2},"a":{"a":0,"k":[124.861,7.085,0],"ix":1},"s":{"a":0,"k":[120,120,100],"ix":6}},"ao":0,"shapes":[{"ty":"gr","it":[{"ind":0,"ty":"sh","ix":1,"ks":{"a":1,"k":[{"i":{"x":0.833,"y":0.833},"o":{"x":0.4,"y":0},"t":43,"s":[{"i":[[-2.718,2.297],[17.489,-8.585],[-7.843,1.455],[-41.446,2.124]],"o":[[-40.007,-9.048],[-13.969,5.373],[52.99,-12.503],[12.411,-0.636]],"v":[[123.55,-193.687],[-28.532,-171.139],[-7.783,-170.346],[102.487,-187.057]],"c":true}]},{"i":{"x":0.6,"y":1},"o":{"x":0.167,"y":0.167},"t":48,"s":[{"i":[[-72.365,89.086],[27.406,-12.703],[1.317,-50.737],[-42.717,32.507]],"o":[[-40.007,-9.048],[-23.566,23.455],[-6.733,51.45],[17.585,-13.382]],"v":[[123.55,-193.687],[-28.532,-171.139],[-95.611,-40.759],[10.1,29.073]],"c":true}]},{"i":{"x":0.6,"y":1},"o":{"x":0.4,"y":0},"t":53,"s":[{"i":[[-142.012,175.875],[37.322,-16.82],[12.505,-217.137],[0,0]],"o":[[-40.007,-9.048],[-33.162,41.537],[-0.662,28.042],[0,0]],"v":[[123.55,-193.687],[-28.532,-171.139],[-122.887,170.904],[19.778,202.735]],"c":true}]},{"i":{"x":0.833,"y":0.833},"o":{"x":0.4,"y":0},"t":87,"s":[{"i":[[-142.012,175.875],[37.322,-16.82],[12.505,-217.137],[0,0]],"o":[[-40.007,-9.048],[-33.162,41.537],[-0.662,28.042],[0,0]],"v":[[123.55,-193.687],[-28.532,-171.139],[-122.887,170.904],[19.778,202.735]],"c":true}]},{"i":{"x":0.6,"y":1},"o":{"x":0.167,"y":0.167},"t":95.221,"s":[{"i":[[-3.305,62.713],[18.777,-66.502],[-1.035,-71.878],[0,0]],"o":[[8.362,-66.453],[-15.39,57.665],[-0.662,28.042],[0,0]],"v":[[38.55,-19.521],[-95.199,-41.139],[-122.887,170.904],[19.778,202.735]],"c":true}]},{"t":104,"s":[{"i":[[5.371,3.681],[4.819,-3.377],[0.632,-6.045],[0,0]],"o":[[-11.847,-8.12],[-4.973,0.79],[-0.662,28.042],[0,0]],"v":[[18.133,188.188],[-117.074,165.111],[-122.887,170.904],[19.778,202.735]],"c":true}]}],"ix":2},"nm":"Path 1","mn":"ADBE Vector Shape - Group","hd":false},{"ty":"gf","o":{"a":0,"k":100,"ix":10},"r":1,"bm":0,"g":{"p":3,"k":{"a":0,"k":[0,0.318,0.765,0.878,0.48,0.288,0.688,0.835,0.812,0.259,0.612,0.792],"ix":9}},"s":{"a":0,"k":[44.511,-163.72],"ix":5},"e":{"a":0,"k":[-87.108,184.343],"ix":6},"t":1,"nm":"Gradient Fill 1","mn":"ADBE Vector Graphic - G-Fill","hd":false},{"ty":"tr","p":{"a":0,"k":[124.531,203.523],"ix":2},"a":{"a":0,"k":[0,0],"ix":1},"s":{"a":0,"k":[100,100],"ix":3},"r":{"a":0,"k":0,"ix":6},"o":{"a":0,"k":100,"ix":7},"sk":{"a":0,"k":0,"ix":4},"sa":{"a":0,"k":0,"ix":5},"nm":"Transform"}],"nm":"Group 1","np":2,"cix":2,"bm":0,"ix":1,"mn":"ADBE Vector Group","hd":false}],"ip":43,"op":105,"st":-6,"bm":0},{"ddd":0,"ind":12,"ty":4,"nm":"Shine","parent":2,"sr":1,"ks":{"o":{"a":0,"k":100,"ix":11},"r":{"a":0,"k":0,"ix":10},"p":{"a":0,"k":[41.705,-276.312,0],"ix":2},"a":{"a":0,"k":[89,22,0],"ix":1},"s":{"a":0,"k":[159,159,100],"ix":6}},"ao":0,"shapes":[{"ty":"gr","it":[{"ind":0,"ty":"sh","ix":1,"ks":{"a":0,"k":{"i":[[0,-11.809],[48.824,0],[0,11.808],[-48.825,0]],"o":[[0,11.808],[-48.825,0],[0,-11.809],[48.824,0]],"v":[[88.405,5.266],[0,21.381],[-88.405,5.266],[0,-21.381]],"c":true},"ix":2},"nm":"Path 1","mn":"ADBE Vector Shape - Group","hd":false},{"ty":"fl","c":{"a":0,"k":[0.992156922817,0.917647123337,0.317647069693,1],"ix":4},"o":{"a":0,"k":100,"ix":5},"r":1,"bm":0,"nm":"Fill 1","mn":"ADBE Vector Graphic - Fill","hd":false},{"ty":"tr","p":{"a":0,"k":[88.924,21.73],"ix":2},"a":{"a":0,"k":[0,0],"ix":1},"s":{"a":0,"k":[100,100],"ix":3},"r":{"a":0,"k":0,"ix":6},"o":{"a":0,"k":100,"ix":7},"sk":{"a":0,"k":0,"ix":4},"sa":{"a":0,"k":0,"ix":5},"nm":"Transform"}],"nm":"Group 1","np":2,"cix":2,"bm":0,"ix":1,"mn":"ADBE Vector Group","hd":false}],"ip":-6,"op":140,"st":17,"bm":0},{"ddd":0,"ind":13,"ty":4,"nm":"R-Eyebrow ","parent":2,"sr":1,"ks":{"o":{"a":0,"k":100,"ix":11},"r":{"a":0,"k":0,"ix":10},"p":{"a":0,"k":[179.605,-163.423,0],"ix":2},"a":{"a":0,"k":[115,75,0],"ix":1},"s":{"a":0,"k":[-159,159,100],"ix":6}},"ao":0,"shapes":[{"ty":"gr","it":[{"ind":0,"ty":"sh","ix":1,"ks":{"a":1,"k":[{"i":{"x":0.833,"y":1},"o":{"x":0.167,"y":0},"t":0,"s":[{"i":[[0,0],[-19.71,6.57],[-33.357,4.099]],"o":[[13.091,-9.356],[19.347,-6.449],[0,0]],"v":[[-76.391,53.302],[-21.578,27.313],[38.386,15.005]],"c":false}]},{"i":{"x":0.833,"y":0.833},"o":{"x":0.51,"y":0},"t":20,"s":[{"i":[[0,0],[-19.71,6.57],[-16.061,27.055]],"o":[[19.695,1.65],[19.347,-6.449],[0,0]],"v":[[-76.391,53.302],[-15.288,44.923],[38.295,3.684]],"c":false}]},{"i":{"x":0.833,"y":1},"o":{"x":0.167,"y":0.167},"t":31,"s":[{"i":[[0,0],[-19.129,8.107],[-14.174,11.017]],"o":[[16.55,-1.809],[20.856,-8.839],[0,0]],"v":[[-69.507,36.321],[-11.234,19.766],[29.771,-4.807]],"c":false}]},{"i":{"x":0.833,"y":1},"o":{"x":0.167,"y":0},"t":41,"s":[{"i":[[0,0],[-19.71,6.57],[-16.061,27.055]],"o":[[19.695,1.65],[19.347,-6.449],[0,0]],"v":[[-76.391,53.302],[-15.288,44.923],[38.295,3.684]],"c":false}]},{"i":{"x":0.833,"y":1},"o":{"x":0.167,"y":0},"t":93,"s":[{"i":[[0,0],[-19.71,6.57],[-16.061,27.055]],"o":[[19.695,1.65],[19.347,-6.449],[0,0]],"v":[[-76.391,53.302],[-15.288,44.923],[38.295,3.684]],"c":false}]},{"t":103,"s":[{"i":[[0,0],[-19.71,6.57],[-33.357,4.099]],"o":[[13.091,-9.356],[19.347,-6.449],[0,0]],"v":[[-76.391,53.302],[-21.578,27.313],[38.386,15.005]],"c":false}]}],"ix":2},"nm":"Path 1","mn":"ADBE Vector Shape - Group","hd":false},{"ty":"st","c":{"a":0,"k":[0.831372618675,0.486274540424,0.149019613862,1],"ix":3},"o":{"a":0,"k":100,"ix":4},"w":{"a":0,"k":18,"ix":5},"lc":2,"lj":1,"ml":10,"bm":0,"nm":"Stroke 1","mn":"ADBE Vector Graphic - Stroke","hd":false},{"ty":"tr","p":{"a":0,"k":[115.027,75.03],"ix":2},"a":{"a":0,"k":[0,0],"ix":1},"s":{"a":0,"k":[100,100],"ix":3},"r":{"a":0,"k":0,"ix":6},"o":{"a":0,"k":100,"ix":7},"sk":{"a":0,"k":0,"ix":4},"sa":{"a":0,"k":0,"ix":5},"nm":"Transform"}],"nm":"Group 1","np":2,"cix":2,"bm":0,"ix":1,"mn":"ADBE Vector Group","hd":false}],"ip":-6,"op":140,"st":17,"bm":0},{"ddd":0,"ind":14,"ty":4,"nm":"L-Eyebrow","parent":2,"sr":1,"ks":{"o":{"a":0,"k":100,"ix":11},"r":{"a":0,"k":0,"ix":10},"p":{"a":0,"k":[-101.395,-163.423,0],"ix":2},"a":{"a":0,"k":[115,75,0],"ix":1},"s":{"a":0,"k":[159,159,100],"ix":6}},"ao":0,"shapes":[{"ty":"gr","it":[{"ind":0,"ty":"sh","ix":1,"ks":{"a":1,"k":[{"i":{"x":0.833,"y":1},"o":{"x":0.167,"y":0},"t":0,"s":[{"i":[[0,0],[-19.71,6.57],[-33.357,4.099]],"o":[[13.091,-9.356],[19.347,-6.449],[0,0]],"v":[[-76.391,53.302],[-21.578,27.313],[38.386,15.005]],"c":false}]},{"i":{"x":0.833,"y":0.833},"o":{"x":0.51,"y":0},"t":20,"s":[{"i":[[0,0],[-19.71,6.57],[-16.061,27.055]],"o":[[19.695,1.65],[19.347,-6.449],[0,0]],"v":[[-76.391,53.302],[-15.288,44.923],[38.295,3.684]],"c":false}]},{"i":{"x":0.833,"y":1},"o":{"x":0.167,"y":0.167},"t":31,"s":[{"i":[[0,0],[-19.129,8.107],[-14.174,11.017]],"o":[[16.55,-1.809],[20.856,-8.839],[0,0]],"v":[[-69.507,36.321],[-11.234,19.766],[29.771,-4.807]],"c":false}]},{"i":{"x":0.833,"y":1},"o":{"x":0.167,"y":0},"t":41,"s":[{"i":[[0,0],[-19.71,6.57],[-16.061,27.055]],"o":[[19.695,1.65],[19.347,-6.449],[0,0]],"v":[[-76.391,53.302],[-15.288,44.923],[38.295,3.684]],"c":false}]},{"i":{"x":0.833,"y":1},"o":{"x":0.167,"y":0},"t":93,"s":[{"i":[[0,0],[-19.71,6.57],[-16.061,27.055]],"o":[[19.695,1.65],[19.347,-6.449],[0,0]],"v":[[-76.391,53.302],[-15.288,44.923],[38.295,3.684]],"c":false}]},{"t":103,"s":[{"i":[[0,0],[-19.71,6.57],[-33.357,4.099]],"o":[[13.091,-9.356],[19.347,-6.449],[0,0]],"v":[[-76.391,53.302],[-21.578,27.313],[38.386,15.005]],"c":false}]}],"ix":2},"nm":"Path 1","mn":"ADBE Vector Shape - Group","hd":false},{"ty":"st","c":{"a":0,"k":[0.831372618675,0.486274540424,0.149019613862,1],"ix":3},"o":{"a":0,"k":100,"ix":4},"w":{"a":0,"k":18,"ix":5},"lc":2,"lj":1,"ml":10,"bm":0,"nm":"Stroke 1","mn":"ADBE Vector Graphic - Stroke","hd":false},{"ty":"tr","p":{"a":0,"k":[115.027,75.03],"ix":2},"a":{"a":0,"k":[0,0],"ix":1},"s":{"a":0,"k":[100,100],"ix":3},"r":{"a":0,"k":0,"ix":6},"o":{"a":0,"k":100,"ix":7},"sk":{"a":0,"k":0,"ix":4},"sa":{"a":0,"k":0,"ix":5},"nm":"Transform"}],"nm":"Group 1","np":2,"cix":2,"bm":0,"ix":1,"mn":"ADBE Vector Group","hd":false}],"ip":-6,"op":140,"st":17,"bm":0},{"ddd":0,"ind":15,"ty":4,"nm":"L-Eye Blink","parent":2,"sr":1,"ks":{"o":{"a":0,"k":100,"ix":11},"r":{"a":0,"k":0,"ix":10},"p":{"a":0,"k":[237.14,8.692,0],"ix":2},"a":{"a":0,"k":[99,100.5,0],"ix":1},"s":{"a":0,"k":[110,110,100],"ix":6}},"ao":0,"shapes":[{"ty":"gr","it":[{"ind":0,"ty":"sh","ix":1,"ks":{"a":1,"k":[{"i":{"x":0.41,"y":1},"o":{"x":0.59,"y":0},"t":21,"s":[{"i":[[0,0],[0,0],[0,0]],"o":[[0,0],[0,0],[0,0]],"v":[[48.525,-49.934],[-48.525,-9.75],[48.525,49.934]],"c":false}]},{"t":29,"s":[{"i":[[0,0],[0,0],[0,0]],"o":[[0,0],[0,0],[0,0]],"v":[[48.631,-31.752],[-48.525,-9.75],[48.631,26.752]],"c":false}]}],"ix":2},"nm":"Path 1","mn":"ADBE Vector Shape - Group","hd":false},{"ty":"st","c":{"a":0,"k":[0.360784313725,0.16862745098,0.145098039216,1],"ix":3},"o":{"a":0,"k":100,"ix":4},"w":{"a":0,"k":20,"ix":5},"lc":2,"lj":2,"bm":0,"nm":"Stroke 1","mn":"ADBE Vector Graphic - Stroke","hd":false},{"ty":"tr","p":{"a":0,"k":[98.743,100.461],"ix":2},"a":{"a":0,"k":[0,0],"ix":1},"s":{"a":0,"k":[100,100],"ix":3},"r":{"a":0,"k":0,"ix":6},"o":{"a":0,"k":100,"ix":7},"sk":{"a":0,"k":0,"ix":4},"sa":{"a":0,"k":0,"ix":5},"nm":"Transform"}],"nm":"Group 1","np":2,"cix":2,"bm":0,"ix":1,"mn":"ADBE Vector Group","hd":false}],"ip":-6,"op":29,"st":17,"bm":0},{"ddd":0,"ind":16,"ty":4,"nm":"R-Eye Blink","parent":2,"sr":1,"ks":{"o":{"a":0,"k":100,"ix":11},"r":{"a":0,"k":0,"ix":10},"p":{"a":0,"k":[-139.14,8.692,0],"ix":2},"a":{"a":0,"k":[99,100.5,0],"ix":1},"s":{"a":0,"k":[-110,110,100],"ix":6}},"ao":0,"shapes":[{"ty":"gr","it":[{"ind":0,"ty":"sh","ix":1,"ks":{"a":1,"k":[{"i":{"x":0.41,"y":1},"o":{"x":0.59,"y":0},"t":21,"s":[{"i":[[0,0],[0,0],[0,0]],"o":[[0,0],[0,0],[0,0]],"v":[[48.506,-49.934],[-48.543,-9.75],[48.506,49.934]],"c":false}]},{"t":29,"s":[{"i":[[0,0],[0,0],[0,0]],"o":[[0,0],[0,0],[0,0]],"v":[[48.613,-31.752],[-48.543,-9.75],[48.613,26.752]],"c":false}]}],"ix":2},"nm":"Path 1","mn":"ADBE Vector Shape - Group","hd":false},{"ty":"st","c":{"a":0,"k":[0.360784313725,0.16862745098,0.145098039216,1],"ix":3},"o":{"a":0,"k":100,"ix":4},"w":{"a":0,"k":20,"ix":5},"lc":2,"lj":2,"bm":0,"nm":"Stroke 1","mn":"ADBE Vector Graphic - Stroke","hd":false},{"ty":"st","c":{"a":0,"k":[0.360784313725,0.16862745098,0.145098039216,1],"ix":3},"o":{"a":0,"k":100,"ix":4},"w":{"a":0,"k":2,"ix":5},"lc":1,"lj":1,"ml":4,"bm":0,"nm":"Stroke 2","mn":"ADBE Vector Graphic - Stroke","hd":false},{"ty":"tr","p":{"a":0,"k":[98.761,100.461],"ix":2},"a":{"a":0,"k":[0,0],"ix":1},"s":{"a":0,"k":[100,100],"ix":3},"r":{"a":0,"k":0,"ix":6},"o":{"a":0,"k":100,"ix":7},"sk":{"a":0,"k":0,"ix":4},"sa":{"a":0,"k":0,"ix":5},"nm":"Transform"}],"nm":"Group 1","np":3,"cix":2,"bm":0,"ix":1,"mn":"ADBE Vector Group","hd":false}],"ip":-6,"op":29,"st":17,"bm":0},{"ddd":0,"ind":17,"ty":4,"nm":"L-Eye Blink 2","parent":2,"sr":1,"ks":{"o":{"a":0,"k":100,"ix":11},"r":{"a":0,"k":0,"ix":10},"p":{"a":0,"k":[237.14,8.692,0],"ix":2},"a":{"a":0,"k":[99,100.5,0],"ix":1},"s":{"a":0,"k":[110,110,100],"ix":6}},"ao":0,"shapes":[{"ty":"gr","it":[{"ind":0,"ty":"sh","ix":1,"ks":{"a":0,"k":{"i":[[0,0],[0,0],[0,0]],"o":[[0,0],[0,0],[0,0]],"v":[[48.525,-49.934],[-48.525,-9.75],[48.525,49.934]],"c":false},"ix":2},"nm":"Path 1","mn":"ADBE Vector Shape - Group","hd":false},{"ty":"st","c":{"a":0,"k":[0.360784313725,0.16862745098,0.145098039216,1],"ix":3},"o":{"a":0,"k":100,"ix":4},"w":{"a":0,"k":20,"ix":5},"lc":2,"lj":2,"bm":0,"nm":"Stroke 1","mn":"ADBE Vector Graphic - Stroke","hd":false},{"ty":"tr","p":{"a":0,"k":[98.743,100.461],"ix":2},"a":{"a":0,"k":[0,0],"ix":1},"s":{"a":0,"k":[100,100],"ix":3},"r":{"a":0,"k":0,"ix":6},"o":{"a":0,"k":100,"ix":7},"sk":{"a":0,"k":0,"ix":4},"sa":{"a":0,"k":0,"ix":5},"nm":"Transform"}],"nm":"Group 1","np":2,"cix":2,"bm":0,"ix":1,"mn":"ADBE Vector Group","hd":false}],"ip":110,"op":138,"st":126,"bm":0},{"ddd":0,"ind":18,"ty":4,"nm":"R-Eye Blink 2","parent":2,"sr":1,"ks":{"o":{"a":0,"k":100,"ix":11},"r":{"a":0,"k":0,"ix":10},"p":{"a":0,"k":[-139.14,8.692,0],"ix":2},"a":{"a":0,"k":[99,100.5,0],"ix":1},"s":{"a":0,"k":[-110,110,100],"ix":6}},"ao":0,"shapes":[{"ty":"gr","it":[{"ind":0,"ty":"sh","ix":1,"ks":{"a":0,"k":{"i":[[0,0],[0,0],[0,0]],"o":[[0,0],[0,0],[0,0]],"v":[[48.506,-49.934],[-48.543,-9.75],[48.506,49.934]],"c":false},"ix":2},"nm":"Path 1","mn":"ADBE Vector Shape - Group","hd":false},{"ty":"st","c":{"a":0,"k":[0.360784313725,0.16862745098,0.145098039216,1],"ix":3},"o":{"a":0,"k":100,"ix":4},"w":{"a":0,"k":20,"ix":5},"lc":2,"lj":2,"bm":0,"nm":"Stroke 1","mn":"ADBE Vector Graphic - Stroke","hd":false},{"ty":"st","c":{"a":0,"k":[0.360784313725,0.16862745098,0.145098039216,1],"ix":3},"o":{"a":0,"k":100,"ix":4},"w":{"a":0,"k":2,"ix":5},"lc":1,"lj":1,"ml":4,"bm":0,"nm":"Stroke 2","mn":"ADBE Vector Graphic - Stroke","hd":false},{"ty":"tr","p":{"a":0,"k":[98.761,100.461],"ix":2},"a":{"a":0,"k":[0,0],"ix":1},"s":{"a":0,"k":[100,100],"ix":3},"r":{"a":0,"k":0,"ix":6},"o":{"a":0,"k":100,"ix":7},"sk":{"a":0,"k":0,"ix":4},"sa":{"a":0,"k":0,"ix":5},"nm":"Transform"}],"nm":"Group 1","np":3,"cix":2,"bm":0,"ix":1,"mn":"ADBE Vector Group","hd":false}],"ip":110,"op":138,"st":126,"bm":0},{"ddd":0,"ind":19,"ty":4,"nm":"R-Eye ","parent":2,"sr":1,"ks":{"o":{"a":0,"k":100,"ix":11},"r":{"a":0,"k":0,"ix":10},"p":{"a":0,"k":[226.556,7.296,0],"ix":2},"a":{"a":0,"k":[59.812,99.37,0],"ix":1},"s":{"a":0,"k":[-159,159,100],"ix":6}},"ao":0,"shapes":[{"ty":"gr","it":[{"ind":0,"ty":"sh","ix":1,"ks":{"a":1,"k":[{"i":{"x":0.833,"y":1},"o":{"x":0.167,"y":0},"t":29,"s":[{"i":[[19.454,-8.687],[-5.26,-14.652],[-15.113,5.829],[4.742,14.309]],"o":[[-18.962,8.467],[6.387,17.792],[17.109,-6.599],[-4.831,-14.577]],"v":[[-3.406,-0.762],[-21.521,40.228],[21.047,61.625],[43.017,20.755]],"c":true}]},{"i":{"x":0.833,"y":1},"o":{"x":0.51,"y":0},"t":33,"s":[{"i":[[25.138,-4.457],[-9.709,-27.247],[-19.299,5.227],[6.635,24.199]],"o":[[-21.936,3.89],[8.325,23.364],[23.37,-6.33],[-6.767,-24.68]],"v":[[-4.663,-19.944],[-30.955,42.115],[20.104,80.178],[47.733,19.812]],"c":true}]},{"i":{"x":0.833,"y":1},"o":{"x":0.167,"y":0},"t":43,"s":[{"i":[[32.828,-4.688],[-7.52,-13.498],[-19.648,3.704],[1.371,9.308]],"o":[[-29.567,4.222],[2.93,5.259],[24.125,-4.548],[-2.247,-15.251]],"v":[[2.098,0.653],[-50.767,45.417],[8.469,36.468],[70.847,24.686]],"c":true}]},{"i":{"x":0.833,"y":0.81},"o":{"x":0.167,"y":0},"t":102,"s":[{"i":[[32.828,-4.688],[-7.52,-13.498],[-19.648,3.704],[1.371,9.308]],"o":[[-29.567,4.222],[2.93,5.259],[24.125,-4.548],[-2.247,-15.251]],"v":[[2.098,0.653],[-50.767,45.417],[8.469,36.468],[70.847,24.686]],"c":true}]},{"i":{"x":0.833,"y":1},"o":{"x":0.167,"y":0.19},"t":105.5,"s":[{"i":[[28.063,-4.545],[-8.876,-22.016],[-19.432,4.648],[4.633,18.535]],"o":[[-24.839,4.016],[6.273,16.477],[23.657,-5.652],[-5.047,-21.093]],"v":[[-2.091,-12.108],[-38.492,43.371],[15.678,63.55],[56.526,21.666]],"c":true}]},{"t":109,"s":[{"i":[[19.454,-8.687],[-5.26,-14.652],[-15.113,5.829],[4.742,14.309]],"o":[[-18.962,8.467],[6.387,17.792],[17.109,-6.599],[-4.831,-14.577]],"v":[[-3.406,-0.762],[-21.521,40.228],[21.047,61.625],[43.017,20.755]],"c":true}]}],"ix":2},"nm":"Path 1","mn":"ADBE Vector Shape - Group","hd":false},{"ty":"gf","o":{"a":0,"k":100,"ix":10},"r":1,"bm":0,"g":{"p":3,"k":{"a":0,"k":[0,0.541,0.188,0.173,0.452,0.445,0.178,0.161,0.765,0.349,0.169,0.149],"ix":9}},"s":{"a":0,"k":[13,69],"ix":5},"e":{"a":0,"k":[-42,-60],"ix":6},"t":2,"h":{"a":0,"k":0,"ix":7},"a":{"a":0,"k":0,"ix":8},"nm":"Gradient Fill 1","mn":"ADBE Vector Graphic - G-Fill","hd":false},{"ty":"gf","o":{"a":0,"k":100,"ix":10},"r":1,"bm":0,"g":{"p":3,"k":{"a":0,"k":[0,0.541,0.188,0.173,0.452,0.445,0.178,0.161,0.765,0.349,0.169,0.149],"ix":9}},"s":{"a":0,"k":[0,0],"ix":5},"e":{"a":0,"k":[100,0],"ix":6},"t":1,"nm":"Gradient Fill 2","mn":"ADBE Vector Graphic - G-Fill","hd":false},{"ty":"tr","p":{"a":0,"k":[52.026,69.151],"ix":2},"a":{"a":0,"k":[0,0],"ix":1},"s":{"a":0,"k":[100,100],"ix":3},"r":{"a":0,"k":0,"ix":6},"o":{"a":0,"k":100,"ix":7},"sk":{"a":0,"k":0,"ix":4},"sa":{"a":0,"k":0,"ix":5},"nm":"Transform"}],"nm":"Group 1","np":3,"cix":2,"bm":0,"ix":1,"mn":"ADBE Vector Group","hd":false},{"ty":"gs","o":{"a":0,"k":100,"ix":9},"w":{"a":0,"k":20,"ix":10},"g":{"p":3,"k":{"a":0,"k":[0,0.984,0.792,0.137,0.5,0.986,0.841,0.175,1,0.988,0.89,0.212],"ix":8}},"s":{"a":0,"k":[-19,400],"ix":4},"e":{"a":0,"k":[587,217],"ix":5},"t":1,"lc":1,"lj":1,"ml":4,"ml2":{"a":0,"k":4,"ix":13},"bm":0,"nm":"Gradient Stroke 1","mn":"ADBE Vector Graphic - G-Stroke","hd":false}],"ip":29,"op":110,"st":22,"bm":0},{"ddd":0,"ind":20,"ty":4,"nm":"L-Eye","parent":2,"sr":1,"ks":{"o":{"a":0,"k":100,"ix":11},"r":{"a":0,"k":0,"ix":10},"p":{"a":0,"k":[-141.444,7.296,0],"ix":2},"a":{"a":0,"k":[59.812,99.37,0],"ix":1},"s":{"a":0,"k":[159,159,100],"ix":6}},"ao":0,"shapes":[{"ty":"gr","it":[{"ind":0,"ty":"sh","ix":1,"ks":{"a":1,"k":[{"i":{"x":0.833,"y":1},"o":{"x":0.167,"y":0},"t":29,"s":[{"i":[[19.454,-8.687],[-5.26,-14.652],[-15.113,5.829],[4.742,14.309]],"o":[[-18.962,8.467],[6.387,17.792],[17.109,-6.599],[-4.831,-14.577]],"v":[[-3.406,-0.762],[-21.521,40.228],[21.047,61.625],[43.017,20.755]],"c":true}]},{"i":{"x":0.833,"y":1},"o":{"x":0.51,"y":0},"t":33,"s":[{"i":[[25.138,-4.457],[-9.709,-27.247],[-19.299,5.227],[6.635,24.199]],"o":[[-21.936,3.89],[8.325,23.364],[23.37,-6.33],[-6.767,-24.68]],"v":[[-4.663,-19.944],[-30.955,42.115],[20.104,80.178],[47.733,19.812]],"c":true}]},{"i":{"x":0.833,"y":1},"o":{"x":0.167,"y":0},"t":43,"s":[{"i":[[32.828,-4.688],[-7.52,-13.498],[-19.648,3.704],[1.371,9.308]],"o":[[-29.567,4.222],[2.93,5.259],[24.125,-4.548],[-2.247,-15.251]],"v":[[2.098,0.653],[-50.767,45.417],[8.469,36.468],[70.847,24.686]],"c":true}]},{"i":{"x":0.833,"y":0.81},"o":{"x":0.167,"y":0},"t":102,"s":[{"i":[[32.828,-4.688],[-7.52,-13.498],[-19.648,3.704],[1.371,9.308]],"o":[[-29.567,4.222],[2.93,5.259],[24.125,-4.548],[-2.247,-15.251]],"v":[[2.098,0.653],[-50.767,45.417],[8.469,36.468],[70.847,24.686]],"c":true}]},{"i":{"x":0.833,"y":1},"o":{"x":0.167,"y":0.19},"t":105.5,"s":[{"i":[[28.063,-4.545],[-8.876,-22.016],[-19.432,4.648],[4.633,18.535]],"o":[[-24.839,4.016],[6.273,16.477],[23.657,-5.652],[-5.047,-21.093]],"v":[[-2.091,-12.108],[-38.492,43.371],[15.678,63.55],[56.526,21.666]],"c":true}]},{"t":109,"s":[{"i":[[19.454,-8.687],[-5.26,-14.652],[-15.113,5.829],[4.742,14.309]],"o":[[-18.962,8.467],[6.387,17.792],[17.109,-6.599],[-4.831,-14.577]],"v":[[-3.406,-0.762],[-21.521,40.228],[21.047,61.625],[43.017,20.755]],"c":true}]}],"ix":2},"nm":"Path 1","mn":"ADBE Vector Shape - Group","hd":false},{"ty":"gf","o":{"a":0,"k":100,"ix":10},"r":1,"bm":0,"g":{"p":3,"k":{"a":0,"k":[0,0.541,0.188,0.173,0.452,0.445,0.178,0.161,0.765,0.349,0.169,0.149],"ix":9}},"s":{"a":0,"k":[13,69],"ix":5},"e":{"a":0,"k":[-42,-60],"ix":6},"t":2,"h":{"a":0,"k":0,"ix":7},"a":{"a":0,"k":0,"ix":8},"nm":"Gradient Fill 1","mn":"ADBE Vector Graphic - G-Fill","hd":false},{"ty":"tr","p":{"a":0,"k":[52.026,69.151],"ix":2},"a":{"a":0,"k":[0,0],"ix":1},"s":{"a":0,"k":[100,100],"ix":3},"r":{"a":0,"k":0,"ix":6},"o":{"a":0,"k":100,"ix":7},"sk":{"a":0,"k":0,"ix":4},"sa":{"a":0,"k":0,"ix":5},"nm":"Transform"}],"nm":"Group 1","np":2,"cix":2,"bm":0,"ix":1,"mn":"ADBE Vector Group","hd":false},{"ty":"gs","o":{"a":0,"k":100,"ix":9},"w":{"a":0,"k":20,"ix":10},"g":{"p":3,"k":{"a":0,"k":[0,0.984,0.792,0.137,0.5,0.986,0.841,0.175,1,0.988,0.89,0.212],"ix":8}},"s":{"a":0,"k":[-19,400],"ix":4},"e":{"a":0,"k":[587,217],"ix":5},"t":1,"lc":1,"lj":1,"ml":4,"ml2":{"a":0,"k":4,"ix":13},"bm":0,"nm":"Gradient Stroke 1","mn":"ADBE Vector Graphic - G-Stroke","hd":false}],"ip":29,"op":110,"st":22,"bm":0},{"ddd":0,"ind":21,"ty":4,"nm":"Line Mouth 02","parent":2,"sr":1,"ks":{"o":{"a":0,"k":100,"ix":11},"r":{"a":0,"k":0,"ix":10},"p":{"a":0,"k":[57.5,233,0],"ix":2},"a":{"a":0,"k":[223.5,86,0],"ix":1},"s":{"a":0,"k":[100,100,100],"ix":6}},"ao":0,"shapes":[{"ty":"gr","it":[{"ind":0,"ty":"sh","ix":1,"ks":{"a":0,"k":{"i":[[0,0],[-43.453,0],[-36.241,0],[-39.604,0],[-39.818,0]],"o":[[36.568,1],[43.453,0],[36.24,0],[39.604,0],[0,0]],"v":[[-160.593,21.764],[-78.551,-22.764],[2.232,22.764],[80.607,-22.764],[160.593,22.764]],"c":false},"ix":2},"nm":"Path 1","mn":"ADBE Vector Shape - Group","hd":false},{"ty":"st","c":{"a":0,"k":[0.329411764706,0.164705882353,0.152941176471,1],"ix":3},"o":{"a":0,"k":100,"ix":4},"w":{"a":0,"k":25,"ix":5},"lc":2,"lj":1,"ml":10,"bm":0,"nm":"Stroke 1","mn":"ADBE Vector Graphic - Stroke","hd":false},{"ty":"tr","p":{"a":0,"k":[223.24,85.896],"ix":2},"a":{"a":0,"k":[0,0],"ix":1},"s":{"a":0,"k":[100,100],"ix":3},"r":{"a":0,"k":0,"ix":6},"o":{"a":0,"k":100,"ix":7},"sk":{"a":0,"k":0,"ix":4},"sa":{"a":0,"k":0,"ix":5},"nm":"Transform"}],"nm":"Group 1","np":2,"cix":2,"bm":0,"ix":1,"mn":"ADBE Vector Group","hd":false}],"ip":108,"op":147,"st":108,"bm":0},{"ddd":0,"ind":22,"ty":4,"nm":"Line Mouth","parent":2,"sr":1,"ks":{"o":{"a":0,"k":100,"ix":11},"r":{"a":0,"k":0,"ix":10},"p":{"a":1,"k":[{"i":{"x":0.833,"y":0.728},"o":{"x":0.37,"y":0},"t":0,"s":[57.5,233,0],"to":[0,0,0],"ti":[0,0,0]},{"i":{"x":0.833,"y":0.833},"o":{"x":0.167,"y":0.126},"t":7,"s":[64.5,233,0],"to":[0,0,0],"ti":[0,0,0]},{"i":{"x":0.833,"y":0.833},"o":{"x":0.167,"y":0.167},"t":15.333,"s":[46.5,233,0],"to":[0,0,0],"ti":[0,0,0]},{"i":{"x":0.63,"y":1},"o":{"x":0.167,"y":0.167},"t":23.667,"s":[64.5,233,0],"to":[0,0,0],"ti":[0,0,0]},{"t":32,"s":[46.5,233,0]}],"ix":2},"a":{"a":0,"k":[223.5,86,0],"ix":1},"s":{"a":0,"k":[100,100,100],"ix":6}},"ao":0,"shapes":[{"ty":"gr","it":[{"ind":0,"ty":"sh","ix":1,"ks":{"a":0,"k":{"i":[[0,0],[-43.453,0],[-36.241,0],[-39.604,0],[-39.818,0]],"o":[[36.568,1],[43.453,0],[36.24,0],[39.604,0],[0,0]],"v":[[-160.593,21.764],[-78.551,-22.764],[2.232,22.764],[80.607,-22.764],[160.593,22.764]],"c":false},"ix":2},"nm":"Path 1","mn":"ADBE Vector Shape - Group","hd":false},{"ty":"st","c":{"a":0,"k":[0.329411764706,0.164705882353,0.152941176471,1],"ix":3},"o":{"a":0,"k":100,"ix":4},"w":{"a":0,"k":25,"ix":5},"lc":2,"lj":1,"ml":10,"bm":0,"nm":"Stroke 1","mn":"ADBE Vector Graphic - Stroke","hd":false},{"ty":"tr","p":{"a":0,"k":[223.24,85.896],"ix":2},"a":{"a":0,"k":[0,0],"ix":1},"s":{"a":0,"k":[100,100],"ix":3},"r":{"a":0,"k":0,"ix":6},"o":{"a":0,"k":100,"ix":7},"sk":{"a":0,"k":0,"ix":4},"sa":{"a":0,"k":0,"ix":5},"nm":"Transform"}],"nm":"Group 1","np":2,"cix":2,"bm":0,"ix":1,"mn":"ADBE Vector Group","hd":false}],"ip":-6,"op":33,"st":-6,"bm":0},{"ddd":0,"ind":23,"ty":4,"nm":"Shadow","parent":1,"sr":1,"ks":{"o":{"a":0,"k":100,"ix":11},"r":{"a":0,"k":0,"ix":10},"p":{"a":0,"k":[56.115,-108.188,0],"ix":2},"a":{"a":0,"k":[277,108.5,0],"ix":1},"s":{"a":0,"k":[159,159,100],"ix":6}},"ao":0,"shapes":[{"ty":"gr","it":[{"ind":0,"ty":"sh","ix":1,"ks":{"a":0,"k":{"i":[[2.718,-13.468],[122.891,3.4],[26.629,130.271],[-207.05,0]],"o":[[-26.368,130.658],[-122.7,3.394],[-2.79,-13.652],[207.05,0]],"v":[[273.323,-94.355],[-0.03,104.423],[-273.25,-93.746],[-0.03,39.182]],"c":true},"ix":2},"nm":"Path 1","mn":"ADBE Vector Shape - Group","hd":false},{"ty":"fl","c":{"a":0,"k":[0.992156922583,0.61568627451,0.149019607843,1],"ix":4},"o":{"a":0,"k":100,"ix":5},"r":1,"bm":0,"nm":"Fill 1","mn":"ADBE Vector Graphic - Fill","hd":false},{"ty":"tr","p":{"a":0,"k":[277.101,108.568],"ix":2},"a":{"a":0,"k":[0,0],"ix":1},"s":{"a":0,"k":[100,100],"ix":3},"r":{"a":0,"k":0,"ix":6},"o":{"a":0,"k":100,"ix":7},"sk":{"a":0,"k":0,"ix":4},"sa":{"a":0,"k":0,"ix":5},"nm":"Transform"}],"nm":"Group 1","np":2,"cix":2,"bm":0,"ix":1,"mn":"ADBE Vector Group","hd":false}],"ip":-6,"op":138,"st":17,"bm":0},{"ddd":0,"ind":24,"ty":4,"nm":"Head","parent":1,"sr":1,"ks":{"o":{"a":0,"k":100,"ix":11},"r":{"a":0,"k":0,"ix":10},"p":{"a":0,"k":[56.115,-360.202,0],"ix":2},"a":{"a":0,"k":[283,267,0],"ix":1},"s":{"a":0,"k":[159,159,100],"ix":6}},"ao":0,"shapes":[{"ty":"gr","it":[{"ind":0,"ty":"sh","ix":1,"ks":{"a":0,"k":{"i":[[3.564,-98.62],[135.559,3.75],[5.704,157.39],[-207.049,0]],"o":[[-5.703,157.39],[-135.558,3.75],[-3.573,-98.62],[207.051,0]],"v":[[278.284,21.725],[0,262.775],[-278.274,21.725],[0,-266.525]],"c":true},"ix":2},"nm":"Path 1","mn":"ADBE Vector Shape - Group","hd":false},{"ty":"gf","o":{"a":0,"k":100,"ix":10},"r":1,"bm":0,"g":{"p":3,"k":{"a":0,"k":[0,0.988,0.859,0.169,0.48,0.984,0.794,0.137,0.812,0.98,0.729,0.106],"ix":9}},"s":{"a":0,"k":[1,-266],"ix":5},"e":{"a":0,"k":[0,192],"ix":6},"t":1,"nm":"Gradient Fill 1","mn":"ADBE Vector Graphic - G-Fill","hd":false},{"ty":"tr","p":{"a":0,"k":[283.071,267.215],"ix":2},"a":{"a":0,"k":[0,0],"ix":1},"s":{"a":0,"k":[100,100],"ix":3},"r":{"a":0,"k":0,"ix":6},"o":{"a":0,"k":100,"ix":7},"sk":{"a":0,"k":0,"ix":4},"sa":{"a":0,"k":0,"ix":5},"nm":"Transform"}],"nm":"Group 1","np":2,"cix":2,"bm":0,"ix":1,"mn":"ADBE Vector Group","hd":false}],"ip":-6,"op":138,"st":17,"bm":0},{"ddd":0,"ind":25,"ty":4,"nm":"Flood","sr":1,"ks":{"o":{"a":1,"k":[{"i":{"x":[0.667],"y":[1]},"o":{"x":[0.333],"y":[0]},"t":111,"s":[100]},{"t":127,"s":[0]}],"ix":11},"r":{"a":0,"k":0,"ix":10},"p":{"a":0,"k":[805.5,1343.149,0],"ix":2},"a":{"a":0,"k":[805.5,1343.149,0],"ix":1},"s":{"a":0,"k":[100,100,100],"ix":6}},"ao":0,"shapes":[{"ty":"gr","it":[{"ty":"gr","it":[{"ind":0,"ty":"sh","ix":1,"ks":{"a":1,"k":[{"i":{"x":0.65,"y":1},"o":{"x":0.167,"y":0.136},"t":72,"s":[{"i":[[-86.709,0],[0,-18.778],[86.709,0],[0,18.778]],"o":[[86.709,0],[0,18.778],[-86.709,0],[0,-18.778]],"v":[[0,-34],[157,0],[0,34],[-157,0]],"c":true}]},{"t":96,"s":[{"i":[[-184.739,0],[0,-18.778],[184.686,-4.444],[0,18.778]],"o":[[184.739,0],[0,18.778],[-332.5,8],[0,-18.778]],"v":[[-177.5,-34],[157,0],[-179.5,48],[-512,0]],"c":true}]}],"ix":2},"nm":"Path 1","mn":"ADBE Vector Shape - Group","hd":false},{"ty":"st","c":{"a":0,"k":[0.329411774874,0.164705887437,0.152941182256,1],"ix":3},"o":{"a":0,"k":100,"ix":4},"w":{"a":0,"k":0,"ix":5},"lc":1,"lj":1,"ml":4,"bm":0,"nm":"Stroke 1","mn":"ADBE Vector Graphic - Stroke","hd":false},{"ty":"fl","c":{"a":0,"k":[0.258823529412,0.611764705882,0.792156922583,1],"ix":4},"o":{"a":0,"k":100,"ix":5},"r":1,"bm":0,"nm":"Fill 1","mn":"ADBE Vector Graphic - Fill","hd":false},{"ty":"tr","p":{"a":0,"k":[-257,540],"ix":2},"a":{"a":0,"k":[0,0],"ix":1},"s":{"a":0,"k":[100,100],"ix":3},"r":{"a":0,"k":0,"ix":6},"o":{"a":0,"k":100,"ix":7},"sk":{"a":0,"k":0,"ix":4},"sa":{"a":0,"k":0,"ix":5},"nm":"Transform"}],"nm":"Ellipse 1","np":3,"cix":2,"bm":0,"ix":1,"mn":"ADBE Vector Group","hd":false},{"ty":"tr","p":{"a":0,"k":[1084,1334],"ix":2},"a":{"a":0,"k":[-257,540],"ix":1},"s":{"a":1,"k":[{"i":{"x":[0.65,0.65],"y":[1,1]},"o":{"x":[0.167,0.167],"y":[0.167,0.167]},"t":52,"s":[0,0]},{"t":72,"s":[100,100]}],"ix":3},"r":{"a":0,"k":0,"ix":6},"o":{"a":0,"k":100,"ix":7},"sk":{"a":0,"k":0,"ix":4},"sa":{"a":0,"k":0,"ix":5},"nm":"Transform"}],"nm":"Shape Layer 2","np":1,"cix":2,"bm":0,"ix":1,"mn":"ADBE Vector Group","hd":false},{"ty":"gr","it":[{"ty":"gr","it":[{"ind":0,"ty":"sh","ix":1,"ks":{"a":1,"k":[{"i":{"x":0.65,"y":1},"o":{"x":0.167,"y":0.136},"t":72,"s":[{"i":[[-86.709,0],[0,-18.778],[86.709,0],[0,18.778]],"o":[[86.709,0],[0,18.778],[-86.709,0],[0,-18.778]],"v":[[0,-34],[157,0],[0,34],[-157,0]],"c":true}]},{"t":96,"s":[{"i":[[-144.699,0],[0,-18.778],[320,4],[0,18.778]],"o":[[144.699,0],[0,18.778],[-144.687,-1.809],[0,-18.778]],"v":[[105,-34],[367,0],[105,52],[-157,0]],"c":true}]}],"ix":2},"nm":"Path 1","mn":"ADBE Vector Shape - Group","hd":false},{"ty":"st","c":{"a":0,"k":[0.329411774874,0.164705887437,0.152941182256,1],"ix":3},"o":{"a":0,"k":100,"ix":4},"w":{"a":0,"k":0,"ix":5},"lc":1,"lj":1,"ml":4,"bm":0,"nm":"Stroke 1","mn":"ADBE Vector Graphic - Stroke","hd":false},{"ty":"fl","c":{"a":0,"k":[0.258823529412,0.611764705882,0.792156922583,1],"ix":4},"o":{"a":0,"k":100,"ix":5},"r":1,"bm":0,"nm":"Fill 1","mn":"ADBE Vector Graphic - Fill","hd":false},{"ty":"tr","p":{"a":0,"k":[-257,540],"ix":2},"a":{"a":0,"k":[0,0],"ix":1},"s":{"a":0,"k":[100,100],"ix":3},"r":{"a":0,"k":0,"ix":6},"o":{"a":0,"k":100,"ix":7},"sk":{"a":0,"k":0,"ix":4},"sa":{"a":0,"k":0,"ix":5},"nm":"Transform"}],"nm":"Ellipse 1","np":3,"cix":2,"bm":0,"ix":1,"mn":"ADBE Vector Group","hd":false},{"ty":"tr","p":{"a":0,"k":[527,1334],"ix":2},"a":{"a":0,"k":[-257,540],"ix":1},"s":{"a":1,"k":[{"i":{"x":[0.65,0.65],"y":[1,1]},"o":{"x":[0.167,0.167],"y":[0.167,0.167]},"t":52,"s":[0,0]},{"t":72,"s":[100,100]}],"ix":3},"r":{"a":0,"k":0,"ix":6},"o":{"a":0,"k":100,"ix":7},"sk":{"a":0,"k":0,"ix":4},"sa":{"a":0,"k":0,"ix":5},"nm":"Transform"}],"nm":"Shape Layer 1","np":1,"cix":2,"bm":0,"ix":2,"mn":"ADBE Vector Group","hd":false}],"ip":52,"op":131,"st":0,"bm":0}],"markers":[]}