{"v":"5.7.13","fr":8,"ip":0,"op":16,"w":1000,"h":1000,"nm":"Fake story","ddd":0,"assets":[],"layers":[{"ddd":0,"ind":1,"ty":4,"nm":"Shape Layer 3","sr":1,"ks":{"o":{"a":1,"k":[{"i":{"x":[0.833],"y":[0.833]},"o":{"x":[0.167],"y":[0.167]},"t":0,"s":[100]},{"i":{"x":[0.833],"y":[0.833]},"o":{"x":[0.167],"y":[0.167]},"t":8,"s":[0]},{"t":16,"s":[100]}],"ix":11},"r":{"a":0,"k":0,"ix":10},"p":{"a":0,"k":[373,717,0],"ix":2,"l":2},"a":{"a":0,"k":[-107,-203,0],"ix":1,"l":2},"s":{"a":1,"k":[{"i":{"x":[0.833,0.833,0.833],"y":[0.833,0.833,0.833]},"o":{"x":[0.167,0.167,0.167],"y":[0.167,0.167,0.167]},"t":0,"s":[100,100,100]},{"i":{"x":[0.833,0.833,0.833],"y":[0.833,0.833,0.833]},"o":{"x":[0.167,0.167,0.167],"y":[0.167,0.167,0.167]},"t":8,"s":[0,0,100]},{"t":16,"s":[100,100,100]}],"ix":6,"l":2}},"ao":0,"shapes":[{"ty":"gr","it":[{"ty":"rc","d":1,"s":{"a":0,"k":[190,190],"ix":2},"p":{"a":0,"k":[0,0],"ix":3},"r":{"a":0,"k":36,"ix":4},"nm":"Rectangle Path 1","mn":"ADBE Vector Shape - Rect","hd":false},{"ty":"fl","c":{"a":0,"k":[1,1,1,1],"ix":4},"o":{"a":0,"k":100,"ix":5},"r":1,"bm":0,"nm":"Fill 1","mn":"ADBE Vector Graphic - Fill","hd":false},{"ty":"tr","p":{"a":0,"k":[-107,-203],"ix":2},"a":{"a":0,"k":[0,0],"ix":1},"s":{"a":0,"k":[100,100],"ix":3},"r":{"a":0,"k":0,"ix":6},"o":{"a":0,"k":100,"ix":7},"sk":{"a":0,"k":0,"ix":4},"sa":{"a":0,"k":0,"ix":5},"nm":"Transform"}],"nm":"Rectangle 1","np":3,"cix":2,"bm":0,"ix":1,"mn":"ADBE Vector Group","hd":false}],"ip":0,"op":16,"st":0,"bm":0},{"ddd":0,"ind":2,"ty":4,"nm":"Shape Layer 2","sr":1,"ks":{"o":{"a":1,"k":[{"i":{"x":[0.833],"y":[0.833]},"o":{"x":[0.167],"y":[0.167]},"t":0,"s":[0]},{"i":{"x":[0.833],"y":[0.833]},"o":{"x":[0.167],"y":[0.167]},"t":8,"s":[100]},{"t":16,"s":[0]}],"ix":11},"r":{"a":0,"k":0,"ix":10},"p":{"a":0,"k":[373,503,0],"ix":2,"l":2},"a":{"a":0,"k":[-107,-203,0],"ix":1,"l":2},"s":{"a":1,"k":[{"i":{"x":[0.833,0.833,0.833],"y":[0.833,0.833,0.833]},"o":{"x":[0.167,0.167,0.167],"y":[0.167,0.167,0.167]},"t":0,"s":[0,0,100]},{"i":{"x":[0.833,0.833,0.833],"y":[0.833,0.833,0.833]},"o":{"x":[0.167,0.167,0.167],"y":[0.167,0.167,0.167]},"t":8,"s":[100,100,100]},{"t":16,"s":[0,0,100]}],"ix":6,"l":2}},"ao":0,"shapes":[{"ty":"gr","it":[{"ty":"rc","d":1,"s":{"a":0,"k":[190,190],"ix":2},"p":{"a":0,"k":[0,0],"ix":3},"r":{"a":0,"k":36,"ix":4},"nm":"Rectangle Path 1","mn":"ADBE Vector Shape - Rect","hd":false},{"ty":"fl","c":{"a":0,"k":[1,1,1,1],"ix":4},"o":{"a":0,"k":100,"ix":5},"r":1,"bm":0,"nm":"Fill 1","mn":"ADBE Vector Graphic - Fill","hd":false},{"ty":"tr","p":{"a":0,"k":[-107,-203],"ix":2},"a":{"a":0,"k":[0,0],"ix":1},"s":{"a":0,"k":[100,100],"ix":3},"r":{"a":0,"k":0,"ix":6},"o":{"a":0,"k":100,"ix":7},"sk":{"a":0,"k":0,"ix":4},"sa":{"a":0,"k":0,"ix":5},"nm":"Transform"}],"nm":"Rectangle 1","np":3,"cix":2,"bm":0,"ix":1,"mn":"ADBE Vector Group","hd":false}],"ip":0,"op":16,"st":0,"bm":0},{"ddd":0,"ind":3,"ty":4,"nm":"Shape Layer 1","sr":1,"ks":{"o":{"a":1,"k":[{"i":{"x":[0.833],"y":[0.833]},"o":{"x":[0.167],"y":[0.167]},"t":0,"s":[100]},{"i":{"x":[0.833],"y":[0.833]},"o":{"x":[0.167],"y":[0.167]},"t":8,"s":[0]},{"t":16,"s":[100]}],"ix":11},"r":{"a":0,"k":0,"ix":10},"p":{"a":0,"k":[373,289,0],"ix":2,"l":2},"a":{"a":0,"k":[-107,-203,0],"ix":1,"l":2},"s":{"a":1,"k":[{"i":{"x":[0.833,0.833,0.833],"y":[0.833,0.833,0.833]},"o":{"x":[0.167,0.167,0.167],"y":[0.167,0.167,0.167]},"t":0,"s":[100,100,100]},{"i":{"x":[0.833,0.833,0.833],"y":[0.833,0.833,0.833]},"o":{"x":[0.167,0.167,0.167],"y":[0.167,0.167,0.167]},"t":8,"s":[0,0,100]},{"t":16,"s":[100,100,100]}],"ix":6,"l":2}},"ao":0,"shapes":[{"ty":"gr","it":[{"ty":"rc","d":1,"s":{"a":0,"k":[190,190],"ix":2},"p":{"a":0,"k":[0,0],"ix":3},"r":{"a":0,"k":36,"ix":4},"nm":"Rectangle Path 1","mn":"ADBE Vector Shape - Rect","hd":false},{"ty":"fl","c":{"a":0,"k":[1,1,1,1],"ix":4},"o":{"a":0,"k":100,"ix":5},"r":1,"bm":0,"nm":"Fill 1","mn":"ADBE Vector Graphic - Fill","hd":false},{"ty":"tr","p":{"a":0,"k":[-107,-203],"ix":2},"a":{"a":0,"k":[0,0],"ix":1},"s":{"a":0,"k":[100,100],"ix":3},"r":{"a":0,"k":0,"ix":6},"o":{"a":0,"k":100,"ix":7},"sk":{"a":0,"k":0,"ix":4},"sa":{"a":0,"k":0,"ix":5},"nm":"Transform"}],"nm":"Rectangle 1","np":3,"cix":2,"bm":0,"ix":1,"mn":"ADBE Vector Group","hd":false}],"ip":0,"op":16,"st":0,"bm":0},{"ddd":0,"ind":4,"ty":4,"nm":"Layer 2 Outlines","sr":1,"ks":{"o":{"a":0,"k":100,"ix":11},"r":{"a":0,"k":0,"ix":10},"p":{"a":0,"k":[718.795,499.335,0],"ix":2,"l":2},"a":{"a":0,"k":[90.649,91.335,0],"ix":1,"l":2},"s":{"a":1,"k":[{"i":{"x":[0.833,0.833,0.833],"y":[0.833,0.833,0.833]},"o":{"x":[0.167,0.167,0.167],"y":[0.167,0.167,0.167]},"t":0,"s":[0,0,100]},{"i":{"x":[0.833,0.833,0.833],"y":[0.833,0.833,0.833]},"o":{"x":[0.167,0.167,0.167],"y":[0.167,0.167,0.167]},"t":8,"s":[110,110,100]},{"i":{"x":[0.833,0.833,0.833],"y":[0.833,0.833,0.833]},"o":{"x":[0.167,0.167,0.167],"y":[0.167,0.167,0.167]},"t":10,"s":[90,90,100]},{"t":12,"s":[110,110,100]}],"ix":6,"l":2}},"ao":0,"shapes":[{"ty":"gr","it":[{"ind":0,"ty":"sh","ix":1,"ks":{"a":0,"k":{"i":[[1.15,-5.11],[5.479,-0.69],[2.26,-0.01],[9.91,0.01],[7.681,-0.01],[0,-5.389],[-0.02,-18.389],[0.75,-2.23],[0.65,-0.929],[5.13,1.32],[0.429,5.51],[0.009,4],[0.03,15.72],[5.38,0.011],[9.46,0],[0,0],[9.99,0.219],[1.58,5.401],[-4.41,3.29],[-3.53,0],[-18.13,0.01],[0,6.92],[0.051,18.4],[-5.41,2.6],[-2.361,-7.26],[-0.03,-1.56],[-0.01,-13.46],[-0.049,-5.86],[-4.891,-0.01],[-7.81,0],[-10.97,0],[-2.76,-1.94]],"o":[[-1.189,5.271],[-2.231,0.27],[-9.91,0.01],[-7.68,0],[-5.39,0.01],[-0.031,18.39],[0,2.42],[-0.331,1],[-3.07,4.43],[-5.2,-1.35],[-0.311,-3.979],[-0.021,-15.72],[-0.01,-5.42],[-9.46,-0.029],[0,0],[-9.99,0],[-5.949,-0.12],[-1.519,-5.2],[2.941,-2.2],[18.12,0.03],[6.93,0],[0.01,-18.39],[-0.02,-5.83],[7.25,-3.47],[0.439,1.34],[0.241,13.45],[0.011,5.87],[0.031,4.88],[7.819,0.02],[10.98,0.02],[3.24,0],[4.38,3.08]],"v":[[89.25,3.425],[78.431,13.245],[71.65,13.465],[41.92,13.455],[18.879,13.465],[12.891,19.455],[12.9,74.625],[12.061,81.665],[10.61,84.575],[-3.09,89.765],[-12.53,78.625],[-12.729,66.635],[-12.75,19.465],[-18.72,13.475],[-47.1,13.465],[-47.1,13.375],[-77.08,13.316],[-88.88,4.205],[-84.171,-9.635],[-74.301,-12.165],[-19.931,-12.145],[-12.72,-19.345],[-12.741,-74.525],[-5.33,-87.615],[12.061,-80.075],[12.78,-75.715],[12.879,-35.345],[12.9,-17.755],[18.47,-12.185],[41.92,-12.155],[74.84,-12.135],[83.99,-9.885]],"c":true},"ix":2},"nm":"Path 1","mn":"ADBE Vector Shape - Group","hd":false},{"ty":"fl","c":{"a":0,"k":[1,1,1,1],"ix":4},"o":{"a":0,"k":100,"ix":5},"r":1,"bm":0,"nm":"Fill 1","mn":"ADBE Vector Graphic - Fill","hd":false},{"ty":"tr","p":{"a":0,"k":[90.649,91.335],"ix":2},"a":{"a":0,"k":[0,0],"ix":1},"s":{"a":0,"k":[100,100],"ix":3},"r":{"a":0,"k":0,"ix":6},"o":{"a":0,"k":100,"ix":7},"sk":{"a":0,"k":0,"ix":4},"sa":{"a":0,"k":0,"ix":5},"nm":"Transform"}],"nm":"Group 1","np":2,"cix":2,"bm":0,"ix":1,"mn":"ADBE Vector Group","hd":false}],"ip":0,"op":16,"st":0,"bm":0},{"ddd":0,"ind":6,"ty":4,"nm":"Layer 3 Outlines","sr":1,"ks":{"o":{"a":1,"k":[{"i":{"x":[0.833],"y":[0.833]},"o":{"x":[0.167],"y":[0.167]},"t":8,"s":[0]},{"t":10,"s":[100]}],"ix":11},"r":{"a":1,"k":[{"i":{"x":[0.833],"y":[0.833]},"o":{"x":[0.167],"y":[0.167]},"t":10,"s":[0]},{"t":16,"s":[-359]}],"ix":10},"p":{"a":0,"k":[718.81,501.35,0],"ix":2,"l":2},"a":{"a":0,"k":[179.756,180.87,0],"ix":1,"l":2},"s":{"a":0,"k":[100,100,100],"ix":6,"l":2}},"ao":0,"shapes":[{"ty":"gr","it":[{"ind":0,"ty":"sh","ix":1,"ks":{"a":0,"k":{"i":[[0.82,-7.47],[0.36,-8.52],[6.679,0.08],[0.42,6.931],[-1.73,9.42],[-6.431,-0.06]],"o":[[-0.92,8.46],[-0.29,6.89],[-6.7,-0.08],[-0.58,-9.61],[1.23,-6.71],[7.51,0.06]],"v":[[13.661,-11.665],[11.381,13.755],[-1.369,25.525],[-13.9,13.485],[-11.739,-15.095],[0.951,-25.545]],"c":true},"ix":2},"nm":"Path 1","mn":"ADBE Vector Shape - Group","hd":false},{"ty":"fl","c":{"a":0,"k":[1,1,1,1],"ix":4},"o":{"a":0,"k":100,"ix":5},"r":1,"bm":0,"nm":"Fill 1","mn":"ADBE Vector Graphic - Fill","hd":false},{"ty":"tr","p":{"a":0,"k":[14.73,166.715],"ix":2},"a":{"a":0,"k":[0,0],"ix":1},"s":{"a":0,"k":[100,100],"ix":3},"r":{"a":0,"k":0,"ix":6},"o":{"a":0,"k":100,"ix":7},"sk":{"a":0,"k":0,"ix":4},"sa":{"a":0,"k":0,"ix":5},"nm":"Transform"}],"nm":"Group 1","np":2,"cix":2,"bm":0,"ix":1,"mn":"ADBE Vector Group","hd":false},{"ty":"gr","it":[{"ind":0,"ty":"sh","ix":1,"ks":{"a":0,"k":{"i":[[0.07,-5.26],[1.53,-2.1],[5.09,-11.2],[7.059,3.27],[-2.56,6.12],[-9.37,11.71],[-4.96,-1.86]],"o":[[0.03,2.62],[-7.26,9.92],[-3.469,7.63],[-6.011,-2.77],[5.8,-13.81],[3.391,-4.24],[4.99,1.87]],"v":[[23.6,-17.495],[21.31,-10.395],[2.96,21.345],[-14.589,28.125],[-21.11,12.425],[1.52,-25.985],[15.29,-29.535]],"c":true},"ix":2},"nm":"Path 1","mn":"ADBE Vector Shape - Group","hd":false},{"ty":"fl","c":{"a":0,"k":[1,1,1,1],"ix":4},"o":{"a":0,"k":100,"ix":5},"r":1,"bm":0,"nm":"Fill 1","mn":"ADBE Vector Graphic - Fill","hd":false},{"ty":"tr","p":{"a":0,"k":[36.221,97.035],"ix":2},"a":{"a":0,"k":[0,0],"ix":1},"s":{"a":0,"k":[100,100],"ix":3},"r":{"a":0,"k":0,"ix":6},"o":{"a":0,"k":100,"ix":7},"sk":{"a":0,"k":0,"ix":4},"sa":{"a":0,"k":0,"ix":5},"nm":"Transform"}],"nm":"Group 2","np":2,"cix":2,"bm":0,"ix":2,"mn":"ADBE Vector Group","hd":false},{"ty":"gr","it":[{"ind":0,"ty":"sh","ix":1,"ks":{"a":0,"k":{"i":[[4.949,-2.27],[10.451,-7.69],[4.07,5.14],[-6.199,5.19],[-14.29,5.71],[-0.031,-9.18]],"o":[[-11.78,5.41],[-5.769,4.24],[-4.619,-5.85],[11.821,-9.9],[8.519,-3.41],[0.2,5.52]],"v":[[24.33,1.765],[-8.981,21.385],[-27.051,19.155],[-24.931,1.095],[14.42,-22.215],[31.47,-10.125]],"c":true},"ix":2},"nm":"Path 1","mn":"ADBE Vector Shape - Group","hd":false},{"ty":"fl","c":{"a":0,"k":[1,1,1,1],"ix":4},"o":{"a":0,"k":100,"ix":5},"r":1,"bm":0,"nm":"Fill 1","mn":"ADBE Vector Graphic - Fill","hd":false},{"ty":"tr","p":{"a":0,"k":[94.801,36.925],"ix":2},"a":{"a":0,"k":[0,0],"ix":1},"s":{"a":0,"k":[100,100],"ix":3},"r":{"a":0,"k":0,"ix":6},"o":{"a":0,"k":100,"ix":7},"sk":{"a":0,"k":0,"ix":4},"sa":{"a":0,"k":0,"ix":5},"nm":"Transform"}],"nm":"Group 3","np":2,"cix":2,"bm":0,"ix":3,"mn":"ADBE Vector Group","hd":false},{"ty":"gr","it":[{"ind":0,"ty":"sh","ix":1,"ks":{"a":0,"k":{"i":[[0.261,-7.79],[28.37,-33.309],[37.34,-8.58],[7.34,-0.82],[2.79,-0.19],[37.3,30.67],[3.3,3.48],[-4.99,5.17],[-5.66,-5.44],[-10.88,-6.33],[-32.12,2.611],[-0.439,0.04],[-9.129,2.51],[-19.84,21.04],[-2.7,35.621],[33.659,33.57],[24.701,6.78],[9.659,0.93],[0.63,0.051],[10.65,-1.3],[2.26,0.04],[0.881,6.11],[-6.71,1.82],[-7.16,0.23],[-6.681,-0.45],[-9.689,-2.26],[-21.481,-17.48],[-6.43,-47.37]],"o":[[-0.72,43.5],[-25.771,30.271],[-6.939,1.59],[-2.821,0.31],[-47.261,3.269],[-3.721,-3.06],[-5.25,-5.52],[5.101,-5.27],[9.08,8.72],[27.879,16.219],[0.429,-0.029],[9.901,-0.88],[26.691,-7.33],[24.379,-25.849],[3.62,-47.629],[-18.851,-18.81],[-8.96,-2.47],[-0.641,-0.06],[-10.7,-0.879],[-2.229,0.27],[-6.571,-0.13],[-0.989,-6.88],[6.991,-1.891],[6.889,-0.22],[10.199,0.67],[25.43,5.93],[36.92,30.05],[1.04,7.66]],"v":[[154.935,-1.36],[112.365,114.33],[17.584,172.971],[-3.845,176.591],[-12.265,177.351],[-139.344,135.971],[-149.835,126.131],[-150.205,108.24],[-131.995,108.161],[-102.214,130.901],[-12.265,151.579],[-10.955,151.471],[17.584,146.381],[87.495,103.75],[128.485,11.29],[83.105,-110.859],[17.584,-149.119],[-10.354,-154.21],[-12.265,-154.38],[-44.236,-153.589],[-51.015,-153.309],[-63.275,-163.649],[-54.036,-177.989],[-32.635,-180.399],[-12.265,-180.07],[17.584,-175.689],[88.105,-140.809],[153.344,-24.489]],"c":true},"ix":2},"nm":"Path 1","mn":"ADBE Vector Shape - Group","hd":false},{"ty":"fl","c":{"a":0,"k":[1,1,1,1],"ix":4},"o":{"a":0,"k":100,"ix":5},"r":1,"bm":0,"nm":"Fill 1","mn":"ADBE Vector Graphic - Fill","hd":false},{"ty":"tr","p":{"a":0,"k":[204.066,180.87],"ix":2},"a":{"a":0,"k":[0,0],"ix":1},"s":{"a":0,"k":[100,100],"ix":3},"r":{"a":0,"k":0,"ix":6},"o":{"a":0,"k":100,"ix":7},"sk":{"a":0,"k":0,"ix":4},"sa":{"a":0,"k":0,"ix":5},"nm":"Transform"}],"nm":"Group 4","np":2,"cix":2,"bm":0,"ix":4,"mn":"ADBE Vector Group","hd":false}],"ip":0,"op":16,"st":0,"bm":0},{"ddd":0,"ind":8,"ty":4,"nm":"Layer 1 Outlines","sr":1,"ks":{"o":{"a":0,"k":100,"ix":11},"r":{"a":0,"k":0,"ix":10},"p":{"a":0,"k":[473.959,500.015,0],"ix":2,"l":2},"a":{"a":0,"k":[259.07,481.205,0],"ix":1,"l":2},"s":{"a":0,"k":[100,100,100],"ix":6,"l":2}},"ao":0,"shapes":[{"ty":"gr","it":[{"ind":0,"ty":"sh","ix":1,"ks":{"a":0,"k":{"i":[[0,0],[14.249,0],[0,0],[0,14.25],[0,0],[-14.26,0],[0,0],[0,-14.25]],"o":[[0,14.25],[0,0],[-14.26,0],[0,0],[0,-14.25],[0,0],[14.249,0],[0,0]],"v":[[43.56,431.435],[17.75,457.245],[-32.31,457.245],[-58.12,431.435],[-58.12,423.175],[-32.31,397.374],[17.75,397.374],[43.56,423.175]],"c":true},"ix":2},"nm":"Path 1","mn":"ADBE Vector Shape - Group","hd":false},{"ind":1,"ty":"sh","ix":2,"ks":{"a":0,"k":{"i":[[-7.84,0],[0,-7.84],[7.84,0],[0,7.84]],"o":[[7.84,0],[0,7.84],[-7.84,0],[0,-7.84]],"v":[[-178.63,-448.115],[-164.43,-433.915],[-178.63,-419.725],[-192.82,-433.915]],"c":true},"ix":2},"nm":"Path 2","mn":"ADBE Vector Shape - Group","hd":false},{"ind":2,"ty":"sh","ix":3,"ks":{"a":0,"k":{"i":[[-5.57,0],[0,-5.57],[5.56,0],[0,5.56]],"o":[[5.56,0],[0,5.56],[-5.57,0],[0,-5.57]],"v":[[-139.72,-443.995],[-129.65,-433.915],[-139.72,-423.845],[-149.8,-433.915]],"c":true},"ix":2},"nm":"Path 3","mn":"ADBE Vector Shape - Group","hd":false},{"ind":3,"ty":"sh","ix":4,"ks":{"a":0,"k":{"i":[[-1.82,1.83],[-2.78,0],[0,0],[0,-5.56],[1.82,-1.82],[2.78,0],[0,0],[0,5.56]],"o":[[1.83,-1.82],[0,0],[5.56,0],[0,2.78],[-1.821,1.82],[0,0],[-5.57,0],[0,-2.78]],"v":[[-60.85,-430.975],[-53.72,-433.925],[46.2,-433.925],[56.27,-423.845],[53.32,-416.725],[46.2,-413.775],[-53.72,-413.775],[-63.8,-423.845]],"c":true},"ix":2},"nm":"Path 4","mn":"ADBE Vector Shape - Group","hd":false},{"ind":4,"ty":"sh","ix":5,"ks":{"a":0,"k":{"i":[[10.17,-0.79],[0,0],[0,0],[0,0],[0,0],[0,0],[-9.71,-2.17],[-0.051,64.58],[14.46,15.74],[15.06,4.47],[0,0],[9.89,-3.98],[4.93,-3.43],[-0.01,-25.5],[0,-237.64],[-0.34,-32.55],[-44.81,-0.139],[-15.34,0],[-107.41,-0.1],[-15.25,19.91],[0.009,17.89],[0,65.319]],"o":[[0,0],[0,0],[0,0],[0,0],[0,0],[10.17,0.79],[-0.009,-64.57],[0.02,-20.71],[-11.061,-12.03],[0,0],[-10.67,0],[-5.72,2.31],[-21.64,15.05],[0.11,237.64],[0,32.559],[0.45,45.01],[15.34,0.051],[107.41,0],[24.68,0.03],[11.21,-14.639],[-0.02,-65.331],[-9.71,2.17]],"v":[[228.9,211.685],[228.9,367.635],[-228.34,367.635],[-228.34,-367.545],[228.9,-367.545],[228.9,-214.365],[258.749,-209.905],[258.8,-403.635],[239.77,-458.925],[199.27,-480.955],[-182.85,-480.955],[-213.98,-474.945],[-230.21,-466.705],[-258.62,-403.635],[-258.55,309.275],[-258.48,406.955],[-184.03,480.874],[-138,480.885],[184.23,480.925],[244.749,452.754],[258.78,403.205],[258.749,207.225]],"c":true},"ix":2},"nm":"Path 5","mn":"ADBE Vector Shape - Group","hd":false},{"ty":"mm","mm":1,"nm":"Merge Paths 1","mn":"ADBE Vector Filter - Merge","hd":false},{"ty":"fl","c":{"a":0,"k":[1,1,1,1],"ix":4},"o":{"a":0,"k":100,"ix":5},"r":1,"bm":0,"nm":"Fill 1","mn":"ADBE Vector Graphic - Fill","hd":false},{"ty":"tr","p":{"a":0,"k":[259.07,481.205],"ix":2},"a":{"a":0,"k":[0,0],"ix":1},"s":{"a":0,"k":[100,100],"ix":3},"r":{"a":0,"k":0,"ix":6},"o":{"a":0,"k":100,"ix":7},"sk":{"a":0,"k":0,"ix":4},"sa":{"a":0,"k":0,"ix":5},"nm":"Transform"}],"nm":"Group 1","np":7,"cix":2,"bm":0,"ix":1,"mn":"ADBE Vector Group","hd":false}],"ip":0,"op":16,"st":0,"bm":0}],"markers":[]}