{
  "project_info": {
    "project_number": "7052836720",
    "project_id": "language-translater-c9bba",
    "storage_bucket": "language-translater-c9bba.appspot.com"
  },
  "client": [
    {
      "client_info": {
        "mobilesdk_app_id": "1:7052836720:android:cb7f787b68a404e31499b5",
        "android_client_info": {
          "package_name": "com.talkingtranslator.alllanguagetranslate"
        }
      },
      "oauth_client": [],
      "api_key": [
        {
          "current_key": "AIzaSyAzsk-vCKO_8YWE9w2M0TzatHwOPLH-FeM"
        }
      ],
      "services": {
        "appinvite_service": {
          "other_platform_oauth_client": []
        }
      }
    }
  ],
  "configuration_version": "1"
}